timestamp,elapsed_time,ang_vel_0,ang_vel_1,ang_vel_2,roll,pitch,dof_pos_0,dof_pos_1,dof_pos_2,dof_pos_3,dof_pos_4,dof_pos_5,dof_pos_6,dof_pos_7,dof_pos_8,dof_pos_9,dof_pos_10,dof_pos_11,dof_pos_12,dof_pos_13,dof_pos_14,dof_pos_15,dof_pos_16,dof_pos_17,dof_pos_18,dof_pos_19,dof_pos_20,dof_pos_21,dof_pos_22,dof_pos_23,dof_pos_24,dof_pos_25,dof_pos_26,dof_pos_27,dof_pos_28,dof_pos_29,dof_pos_30,dof_pos_31,dof_vel_0,dof_vel_1,dof_vel_2,dof_vel_3,dof_vel_4,dof_vel_5,dof_vel_6,dof_vel_7,dof_vel_8,dof_vel_9,dof_vel_10,dof_vel_11,dof_vel_12,dof_vel_13,dof_vel_14,dof_vel_15,dof_vel_16,dof_vel_17,dof_vel_18,dof_vel_19,dof_vel_20,dof_vel_21,dof_vel_22,dof_vel_23,dof_vel_24,dof_vel_25,dof_vel_26,dof_vel_27,dof_vel_28,dof_vel_29,dof_vel_30,dof_vel_31,last_action_0,last_action_1,last_action_2,last_action_3,last_action_4,last_action_5,last_action_6,last_action_7,last_action_8,last_action_9,last_action_10,last_action_11,last_action_12,last_action_13,last_action_14,last_action_15,last_action_16,last_action_17,last_action_18,last_action_19,last_action_20,last_action_21,last_action_22,last_action_23,last_action_24,last_action_25,last_action_26,last_action_27,last_action_28,last_action_29,last_action_30,last_action_31,mit_L_hip_pitch_kp,mit_L_hip_pitch_kd,mit_L_hip_pitch_q,mit_L_hip_pitch_dq,mit_L_hip_pitch_tau,mit_L_hip_roll_kp,mit_L_hip_roll_kd,mit_L_hip_roll_q,mit_L_hip_roll_dq,mit_L_hip_roll_tau,mit_L_hip_yaw_kp,mit_L_hip_yaw_kd,mit_L_hip_yaw_q,mit_L_hip_yaw_dq,mit_L_hip_yaw_tau,mit_L_knee_kp,mit_L_knee_kd,mit_L_knee_q,mit_L_knee_dq,mit_L_knee_tau,mit_L_ankle_pitch_kp,mit_L_ankle_pitch_kd,mit_L_ankle_pitch_q,mit_L_ankle_pitch_dq,mit_L_ankle_pitch_tau,mit_L_ankle_roll_kp,mit_L_ankle_roll_kd,mit_L_ankle_roll_q,mit_L_ankle_roll_dq,mit_L_ankle_roll_tau,mit_R_hip_pitch_kp,mit_R_hip_pitch_kd,mit_R_hip_pitch_q,mit_R_hip_pitch_dq,mit_R_hip_pitch_tau,mit_R_hip_roll_kp,mit_R_hip_roll_kd,mit_R_hip_roll_q,mit_R_hip_roll_dq,mit_R_hip_roll_tau,mit_R_hip_yaw_kp,mit_R_hip_yaw_kd,mit_R_hip_yaw_q,mit_R_hip_yaw_dq,mit_R_hip_yaw_tau,mit_R_knee_kp,mit_R_knee_kd,mit_R_knee_q,mit_R_knee_dq,mit_R_knee_tau,mit_R_ankle_pitch_kp,mit_R_ankle_pitch_kd,mit_R_ankle_pitch_q,mit_R_ankle_pitch_dq,mit_R_ankle_pitch_tau,mit_R_ankle_roll_kp,mit_R_ankle_roll_kd,mit_R_ankle_roll_q,mit_R_ankle_roll_dq,mit_R_ankle_roll_tau,mit_waist_yaw_kp,mit_waist_yaw_kd,mit_waist_yaw_q,mit_waist_yaw_dq,mit_waist_yaw_tau,mit_waist_roll_kp,mit_waist_roll_kd,mit_waist_roll_q,mit_waist_roll_dq,mit_waist_roll_tau,mit_waist_pitch_kp,mit_waist_pitch_kd,mit_waist_pitch_q,mit_waist_pitch_dq,mit_waist_pitch_tau,mit_L_shoulder_pitch_kp,mit_L_shoulder_pitch_kd,mit_L_shoulder_pitch_q,mit_L_shoulder_pitch_dq,mit_L_shoulder_pitch_tau,mit_L_shoulder_roll_kp,mit_L_shoulder_roll_kd,mit_L_shoulder_roll_q,mit_L_shoulder_roll_dq,mit_L_shoulder_roll_tau,mit_L_shoulder_yaw_kp,mit_L_shoulder_yaw_kd,mit_L_shoulder_yaw_q,mit_L_shoulder_yaw_dq,mit_L_shoulder_yaw_tau,mit_L_elbow_kp,mit_L_elbow_kd,mit_L_elbow_q,mit_L_elbow_dq,mit_L_elbow_tau,mit_L_wrist_roll_kp,mit_L_wrist_roll_kd,mit_L_wrist_roll_q,mit_L_wrist_roll_dq,mit_L_wrist_roll_tau,mit_L_wrist_yaw_kp,mit_L_wrist_yaw_kd,mit_L_wrist_yaw_q,mit_L_wrist_yaw_dq,mit_L_wrist_yaw_tau,mit_L_wrist_pitch_kp,mit_L_wrist_pitch_kd,mit_L_wrist_pitch_q,mit_L_wrist_pitch_dq,mit_L_wrist_pitch_tau,mit_R_shoulder_pitch_kp,mit_R_shoulder_pitch_kd,mit_R_shoulder_pitch_q,mit_R_shoulder_pitch_dq,mit_R_shoulder_pitch_tau,mit_R_shoulder_roll_kp,mit_R_shoulder_roll_kd,mit_R_shoulder_roll_q,mit_R_shoulder_roll_dq,mit_R_shoulder_roll_tau,mit_R_shoulder_yaw_kp,mit_R_shoulder_yaw_kd,mit_R_shoulder_yaw_q,mit_R_shoulder_yaw_dq,mit_R_shoulder_yaw_tau,mit_R_elbow_kp,mit_R_elbow_kd,mit_R_elbow_q,mit_R_elbow_dq,mit_R_elbow_tau,mit_R_wrist_roll_kp,mit_R_wrist_roll_kd,mit_R_wrist_roll_q,mit_R_wrist_roll_dq,mit_R_wrist_roll_tau,mit_R_wrist_yaw_kp,mit_R_wrist_yaw_kd,mit_R_wrist_yaw_q,mit_R_wrist_yaw_dq,mit_R_wrist_yaw_tau,mit_R_wrist_pitch_kp,mit_R_wrist_pitch_kd,mit_R_wrist_pitch_q,mit_R_wrist_pitch_dq,mit_R_wrist_pitch_tau,mit_neck_yaw_kp,mit_neck_yaw_kd,mit_neck_yaw_q,mit_neck_yaw_dq,mit_neck_yaw_tau,mit_neck_roll_kp,mit_neck_roll_kd,mit_neck_roll_q,mit_neck_roll_dq,mit_neck_roll_tau,mit_neck_pitch_kp,mit_neck_pitch_kd,mit_neck_pitch_q,mit_neck_pitch_dq,mit_neck_pitch_tau
1766995091.1209466,0.2875022888183594,-3.9146223571151495e-05,-0.012695514596998692,0.04344014823436737,-0.06296540189802549,-0.02298803992296452,0.11120012402534485,-0.04621051251888275,0.005177111364901066,-0.029182879254221916,0.10814831405878067,-0.06580453366041183,0.2309834510087967,0.05272983759641647,0.020133210346102715,-0.0078202486038208,0.03604944050312042,-0.071908138692379,-0.004410131834447384,0.009012009017169476,0.023201128467917442,0.10814831405878067,0.0013351644156500697,0.031090257689356804,-0.17948424816131592,-0.013923857361078262,0.014686808921396732,0.018501564860343933,-0.10433356463909149,0.040627144277095795,0.025749599561095238,-0.1680399775505066,-0.01125352829694748,-0.014686808921396732,0.013160906732082367,-0.0005752345896326005,0.06308405846357346,0.013613885268568993,-0.005799755919724703,0.00024420025874860585,-0.00024420025874860585,-0.0003052503161597997,0.0,0.0,-0.0009157509775832295,-0.0012210012646391988,-0.00024420025874860585,-0.0003052503161597997,0.0,0.0,-0.00024420025874860585,-0.00024420025874860585,-0.00024420025874860585,-0.0015873017255216837,-0.0006105006323195994,-0.00012210012937430292,0.0025641026441007853,-0.00036630037357099354,-0.00036630037357099354,-0.00036630037357099354,-0.00012210012937430292,-0.00231990241445601,-0.00036630037357099354,0.001831501955166459,-0.001098901149816811,0.00036630037357099354,-0.001098901149816811,-0.001831501955166459,-0.0006105006323195994,-0.0006105006323195994,0.0,0.0,0.0,0.0,0.0,0.0,0.0,0.0,0.0,0.0,0.0,0.0,0.0,0.0,0.0,0.0,0.0,0.0,0.0,0.0,0.0,0.0,0.0,0.0,0.0,0.0,0.0,0.0,0.0,0.0,0.0,0.0,50.0,50.0,0.0008483230485580862,0.0,0.0,150.0,50.0,0.004493662156164646,0.0,0.0,150.0,50.0,-0.007601708173751831,0.0,0.0,50.0,50.0,0.01532643660902977,0.0,0.0,60.0,2.0,0.02930653654038906,0.0,0.0,60.0,2.0,0.00736822048202157,0.0,0.0,50.0,50.0,0.0008096860256046057,0.0,0.0,150.0,50.0,0.001376630854792893,0.0,0.0,150.0,50.0,-0.0068966094404459,0.0,0.0,50.0,50.0,0.004540658555924892,0.0,0.0,60.0,2.0,-0.002692555543035269,0.0,0.0,60.0,2.0,-0.002711919602006674,0.0,0.0,150.0,25.0,0.0067727393470704556,0.0,0.0,150.0,25.0,0.0035007232800126076,0.0,0.0,150.0,25.0,0.0008285424555651844,0.0,0.0,20.0,8.0,-0.013553909957408905,0.0,0.0,20.0,8.0,0.013004058040678501,0.0,0.0,20.0,8.0,-0.01479586772620678,0.0,0.0,20.0,8.0,0.029716530814766884,0.0,0.0,10.0,1.0,-0.019608424976468086,0.0,0.0,10.0,1.0,0.0503741055727005,0.0,0.0,10.0,1.0,0.023026099428534508,0.0,0.0,20.0,8.0,0.02039705030620098,0.0,0.0,20.0,8.0,-0.021506870165467262,0.0,0.0,20.0,8.0,-0.009061567485332489,0.0,0.0,20.0,8.0,0.01584300398826599,0.0,0.0,10.0,1.0,0.004040384199470282,0.0,0.0,10.0,1.0,-0.0503741055727005,0.0,0.0,10.0,1.0,0.0503741055727005,0.0,0.0,1.0,0.10000000149011612,0.00016084720846265554,0.0,0.0,1.0,0.10000000149011612,-0.02416912652552128,0.0,0.0,1.0,0.10000000149011612,0.0,0.0,0.0
1766995091.1473486,0.3139042854309082,0.014075606130063534,-0.023081842809915543,0.04210856556892395,-0.054715079049560314,-0.027713772905576778,0.11005569249391556,-0.045827023684978485,0.005177111364901066,-0.029182879254221916,0.10700388997793198,-0.06542305648326874,0.2309834510087967,0.05196285992860794,0.020133210346102715,-0.0078202486038208,0.03604944050312042,-0.071908138692379,-0.004410131834447384,0.009012009017169476,0.023201128467917442,0.10776684433221817,0.0009536888683214784,0.031090257689356804,-0.17872129380702972,-0.013542382046580315,0.014686808921396732,0.018501564860343933,-0.10433356463909149,0.0398641936480999,0.025749599561095238,-0.1668955534696579,-0.01125352829694748,-0.014686808921396732,0.013160906732082367,-0.0005752345896326005,0.06308405846357346,0.013613885268568993,-0.002747252816334367,0.0012210012646391988,-0.00024420025874860585,-0.0003052503161597997,0.0,0.0,-0.0009157509775832295,-0.0017094018403440714,-0.00024420025874860585,0.0003052503161597997,0.0,0.0,-0.00024420025874860585,-0.00024420025874860585,0.00024420025874860585,-0.00012210012937430292,-0.001831501955166459,-0.00012210012937430292,0.0006105006323195994,0.00036630037357099354,-0.001098901149816811,-0.00036630037357099354,-0.00012210012937430292,-0.001831501955166459,-0.00012210012937430292,0.0028083028737455606,-0.00036630037357099354,-0.00036630037357099354,-0.001098901149816811,-0.0006105006323195994,0.0006105006323195994,0.0006105006323195994,0.030312824994325638,0.160570427775383,-0.27162912487983704,0.5476540923118591,1.1977496147155762,0.2632859945297241,0.028932221233844757,0.04919065907597542,-0.2464340776205063,0.16224972903728485,-0.09621212631464005,-0.09690405428409576,0.24200786650180817,0.125090092420578,0.029606010764837265,-0.48431700468063354,0.4646693468093872,-0.5286954641342163,1.0618501901626587,-0.7006608247756958,2.6422629356384277,0.8227834105491638,0.7288405299186707,-0.7684972882270813,-0.3237937390804291,0.5661123991012573,0.14437361061573029,-2.9586024284362793,18.176647186279297,0.00574749568477273,-0.8636267781257629,-224.96519470214844,50.0,50.0,0.0001020252748276107,0.0,0.0,150.0,50.0,0.0016516151372343302,0.0,0.0,150.0,50.0,-0.012615138664841652,0.0,0.0,50.0,50.0,0.020441599190235138,0.0,0.0,60.0,2.0,0.03108282946050167,0.0,0.0,60.0,2.0,0.011095305904746056,0.0,0.0,50.0,50.0,-0.005473376251757145,0.0,0.0,150.0,50.0,-0.0006893947720527649,0.0,0.0,150.0,50.0,-0.008454831317067146,0.0,0.0,50.0,50.0,0.00397298950701952,0.0,0.0,60.0,2.0,-0.0017882779939100146,0.0,0.0,60.0,2.0,-0.0014785166131332517,0.0,0.0,150.0,25.0,0.007709558121860027,0.0,0.0,150.0,25.0,0.0031210246961563826,0.0,0.0,150.0,25.0,0.0011219828156754375,0.0,0.0,20.0,8.0,-0.027846962213516235,0.0,0.0,20.0,8.0,0.02330682799220085,0.0,0.0,20.0,8.0,-0.012873848900198936,0.0,0.0,20.0,8.0,0.037240203469991684,0.0,0.0,10.0,1.0,-0.029063845053315163,0.0,0.0,10.0,1.0,0.05948731675744057,0.0,0.0,10.0,1.0,0.02033712901175022,0.0,0.0,20.0,8.0,0.038817815482616425,0.0,0.0,20.0,8.0,-0.015168718062341213,0.0,0.0,20.0,8.0,-0.007929058745503426,0.0,0.0,20.0,8.0,0.021231921389698982,0.0,0.0,10.0,1.0,0.022302525117993355,0.0,0.0,10.0,1.0,-0.05948731675744057,0.0,0.0,10.0,1.0,0.05948731675744057,0.0,0.0,1.0,0.10000000149011612,0.0026948400773108006,0.0,0.0,1.0,0.10000000149011612,-0.01295966561883688,0.0,0.0,1.0,0.10000000149011612,0.0,0.0,0.0
1766995091.1661732,0.33272886276245117,0.01540718600153923,-0.024413423612713814,0.0466359406709671,-0.054287798987224634,-0.030593989719392145,0.09594109654426575,-0.0377737395465374,0.005177111364901066,-0.014686808921396732,0.09822995215654373,-0.059319447726011276,0.2294575423002243,0.05042890086770058,0.020133210346102715,-0.0078202486038208,0.03604944050312042,-0.07038223743438721,-0.004410131834447384,0.008628519251942635,0.02818649634718895,0.10624094307422638,0.000572213320992887,0.026512550190091133,-0.16956588625907898,-0.013542382046580315,0.014686808921396732,0.018120087683200836,-0.10128175467252731,0.03833829239010811,0.02536812424659729,-0.16346226632595062,-0.01125352829694748,-0.01430533267557621,0.013160906732082367,-0.0005752345896326005,0.06270056962966919,0.013613885268568993,-0.001526251551695168,0.0012210012646391988,-0.00024420025874860585,-0.0009157509775832295,0.0,0.0,0.0003052503161597997,-0.00024420025874860585,-0.00024420025874860585,0.0003052503161597997,0.0,0.0,-0.00024420025874860585,-0.0007326007471419871,-0.00024420025874860585,-0.00036630037357099354,0.00012210012937430292,-0.00036630037357099354,0.0015873017255216837,0.00036630037357099354,-0.00036630037357099354,-0.00036630037357099354,0.00231990241445601,-0.00012210012937430292,-0.00012210012937430292,-0.00012210012937430292,-0.00036630037357099354,-0.00036630037357099354,-0.00036630037357099354,-0.0006105006323195994,-0.0006105006323195994,-0.0006105006323195994,0.003087136894464493,0.049975477159023285,-0.3817158043384552,0.6185331344604492,0.9405213594436646,0.33572787046432495,-0.16561642289161682,-0.020860085263848305,-0.25583094358444214,0.12021690607070923,-0.05411069840192795,-0.044737767428159714,0.23328004777431488,0.09443768113851547,0.03394957259297371,-0.8426086902618408,0.7052308320999146,-0.3895440101623535,1.126834511756897,-0.879429817199707,3.0817413330078125,0.6153720021247864,1.1745707988739014,-0.4589834213256836,-0.23992180824279785,0.6424471735954285,0.6748420596122742,-3.1796071529388428,17.854244232177734,0.08154195547103882,-0.3921406865119934,-229.27899169921875,50.0,50.0,0.0005131377256475389,0.0,0.0,150.0,50.0,0.0023209250066429377,0.0,0.0,150.0,50.0,-0.015124121680855751,0.0,0.0,50.0,50.0,0.023455476388335228,0.0,0.0,60.0,2.0,0.030259372666478157,0.0,0.0,60.0,2.0,0.012895900756120682,0.0,0.0,50.0,50.0,-0.007236973382532597,0.0,0.0,150.0,50.0,-0.003409838303923607,0.0,0.0,150.0,50.0,-0.009717810899019241,0.0,0.0,50.0,50.0,0.004021008498966694,0.0,0.0,60.0,2.0,-0.004263883922249079,0.0,0.0,60.0,2.0,-0.001625976525247097,0.0,0.0,150.0,25.0,0.008097811602056026,0.0,0.0,150.0,25.0,0.002950901398435235,0.0,0.0,150.0,25.0,0.0018413892248645425,0.0,0.0,20.0,8.0,-0.03653569146990776,0.0,0.0,20.0,8.0,0.0246445145457983,0.0,0.0,20.0,8.0,-0.013158603571355343,0.0,0.0,20.0,8.0,0.04534711688756943,0.0,0.0,10.0,1.0,-0.031060386449098587,0.0,0.0,10.0,1.0,0.06637284904718399,0.0,0.0,10.0,1.0,0.018525121733546257,0.0,0.0,20.0,8.0,0.048768579959869385,0.0,0.0,20.0,8.0,-0.011081366799771786,0.0,0.0,20.0,8.0,-0.010241320356726646,0.0,0.0,20.0,8.0,0.022827114909887314,0.0,0.0,10.0,1.0,0.028745952993631363,0.0,0.0,10.0,1.0,-0.06637284904718399,0.0,0.0,10.0,1.0,0.06637284904718399,0.0,0.0,1.0,0.10000000149011612,0.0025441742036491632,0.0,0.0,1.0,0.10000000149011612,-0.005249924026429653,0.0,0.0,1.0,0.10000000149011612,0.0,0.0,0.0
1766995091.185809,0.35236454010009766,0.016472451388835907,-0.014826043508946896,0.039978038519620895,-0.05232041904938424,-0.032996450319484394,0.09517814964056015,-0.036239780485630035,0.005560601130127907,-0.01506828423589468,0.09822995215654373,-0.05855649709701538,0.2294575423002243,0.05042890086770058,0.020133210346102715,-0.0078202486038208,0.03604944050312042,-0.07038223743438721,-0.004410131834447384,0.008628519251942635,0.02818649634718895,0.10509651154279709,0.000572213320992887,0.02536812424659729,-0.1676585078239441,-0.01430533267557621,0.01926451548933983,0.019645990803837776,-0.09899290651082993,0.03757534176111221,0.024986648932099342,-0.16308079659938812,-0.010872052982449532,-0.021171892061829567,0.019645990803837776,-0.0009587243548594415,0.060016144067049026,0.013230396434664726,-0.003357753623276949,0.003663003910332918,0.002197802299633622,-0.0009157509775832295,0.0,0.0,-0.0003052503161597997,-0.00024420025874860585,0.00024420025874860585,-0.0003052503161597997,0.0,0.0,0.00024420025874860585,-0.00024420025874860585,-0.00024420025874860585,-0.0028083028737455606,-0.00012210012937430292,-0.003052503103390336,0.004517704714089632,-0.001098901149816811,0.00622710632160306,0.001098901149816811,0.004517704714089632,-0.0025641026441007853,-0.0020757021848112345,0.0008547009201720357,0.00036630037357099354,-0.01135531160980463,0.015018315985798836,-0.0006105006323195994,-0.011599511839449406,-0.003052503103390336,0.013916049152612686,0.06294237822294235,-0.4101589620113373,0.6361013054847717,0.8206197023391724,0.3497306704521179,-0.19626325368881226,-0.09247318655252457,-0.26354238390922546,0.10904782265424728,-0.1156344935297966,-0.044095706194639206,0.21960876882076263,0.0800270363688469,0.049937594681978226,-0.9908304810523987,0.6683474779129028,-0.35685503482818604,1.2297921180725098,-0.8423428535461426,3.0437111854553223,0.5023924708366394,1.3225805759429932,-0.3005213737487793,-0.2777397036552429,0.6190604567527771,0.7795764803886414,-3.337435007095337,17.001060485839844,0.06899678707122803,-0.1423754245042801,-232.91798400878906,50.0,50.0,0.0025200960226356983,0.0,0.0,150.0,50.0,0.003983615897595882,0.0,0.0,150.0,50.0,-0.017385808750987053,0.0,0.0,50.0,50.0,0.02651570737361908,0.0,0.0,60.0,2.0,0.025616707280278206,0.0,0.0,60.0,2.0,0.014023279771208763,0.0,0.0,50.0,50.0,-0.008920485153794289,0.0,0.0,150.0,50.0,-0.009429972618818283,0.0,0.0,150.0,50.0,-0.009399287402629852,0.0,0.0,50.0,50.0,0.0035580683033913374,0.0,0.0,60.0,2.0,-0.010357126593589783,0.0,0.0,60.0,2.0,-0.0010098946513608098,0.0,0.0,150.0,25.0,0.00902965385466814,0.0,0.0,150.0,25.0,0.0021169648971408606,0.0,0.0,150.0,25.0,0.0025832965038716793,0.0,0.0,20.0,8.0,-0.04456811770796776,0.0,0.0,20.0,8.0,0.020169543102383614,0.0,0.0,20.0,8.0,-0.013035462237894535,0.0,0.0,20.0,8.0,0.054350800812244415,0.0,0.0,10.0,1.0,-0.030975691974163055,0.0,0.0,10.0,1.0,0.07390651106834412,0.0,0.0,10.0,1.0,0.01849517412483692,0.0,0.0,20.0,8.0,0.06387742608785629,0.0,0.0,20.0,8.0,-0.0022964130621403456,0.0,0.0,20.0,8.0,-0.014542758464813232,0.0,0.0,20.0,8.0,0.024481339380145073,0.0,0.0,10.0,1.0,0.030760373920202255,0.0,0.0,10.0,1.0,-0.07390651106834412,0.0,0.0,10.0,1.0,0.07390651106834412,0.0,0.0,1.0,0.10000000149011612,0.0023078913800418377,0.0,0.0,1.0,0.10000000149011612,0.00575873302295804,0.0,0.0,1.0,0.10000000149011612,0.0,0.0,0.0
1766995091.2091804,0.3757359981536865,0.012477708980441093,-0.023880790919065475,0.03864645957946777,-0.051661437562611254,-0.03522708883009537,0.09327077120542526,-0.03508931025862694,0.007094560191035271,-0.01506828423589468,0.09822995215654373,-0.05703059583902359,0.2294575423002243,0.05042890086770058,0.020133210346102715,-0.0078202486038208,0.03604944050312042,-0.07038223743438721,-0.004410131834447384,0.008628519251942635,0.02818649634718895,0.1039520874619484,0.000572213320992887,0.024986648932099342,-0.1668955534696579,-0.016212711110711098,0.024605173617601395,0.019645990803837776,-0.09708552807569504,0.03681239113211632,0.024223696440458298,-0.16231784224510193,-0.005912871100008488,-0.026131074875593185,0.02384222112596035,-0.0009587243548594415,0.053496818989515305,0.013613885268568993,-0.003968254197388887,0.002197802299633622,0.0051282052882015705,-0.0003052503161597997,0.0,0.0,-0.0009157509775832295,-0.00024420025874860585,0.00024420025874860585,0.0003052503161597997,0.0,0.0,-0.00024420025874860585,-0.00024420025874860585,-0.00024420025874860585,-0.003296703565865755,-0.00012210012937430292,-0.001831501955166459,0.0020757021848112345,-0.00622710632160306,0.017216118052601814,0.00036630037357099354,0.004273504484444857,-0.001831501955166459,-0.0015873017255216837,0.0025641026441007853,0.017216118052601814,-0.015018315985798836,0.01428571529686451,-0.0006105006323195994,-0.02014652080833912,-0.0006105006323195994,0.06137717142701149,0.09702133387327194,-0.42343297600746155,0.645792543888092,0.6238973140716553,0.34153828024864197,-0.2172592580318451,-0.22966787219047546,-0.22892051935195923,0.0866570845246315,-0.2522487938404083,-0.0245960783213377,0.21991807222366333,0.05155887454748154,0.06291642785072327,-1.0854606628417969,0.4912310838699341,-0.3174799084663391,1.323718786239624,-0.7544158697128296,2.8140439987182617,0.45045170187950134,1.5557405948638916,-0.05592935159802437,-0.35419023036956787,0.596245288848877,0.749171793460846,-3.3556158542633057,15.059820175170898,0.056208908557891846,0.14025448262691498,-238.76583862304688,50.0,50.0,0.006326103117316961,0.0,0.0,150.0,50.0,0.005969855468720198,0.0,0.0,150.0,50.0,-0.019543219357728958,0.0,0.0,50.0,50.0,0.027804436162114143,0.0,0.0,60.0,2.0,0.021159518510103226,0.0,0.0,60.0,2.0,0.013789226301014423,0.0,0.0,50.0,50.0,-0.009379840455949306,0.0,0.0,150.0,50.0,-0.014404804445803165,0.0,0.0,150.0,50.0,-0.00943343248218298,0.0,0.0,50.0,50.0,0.00232622679322958,0.0,0.0,60.0,2.0,-0.012378470972180367,0.0,0.0,60.0,2.0,-0.0014326205709949136,0.0,0.0,150.0,25.0,0.009931828826665878,0.0,0.0,150.0,25.0,0.000819411245174706,0.0,0.0,150.0,25.0,0.0030266724061220884,0.0,0.0,20.0,8.0,-0.050360482186079025,0.0,0.0,20.0,8.0,0.011302676051855087,0.0,0.0,20.0,8.0,-0.0161364134401083,0.0,0.0,20.0,8.0,0.05983157083392143,0.0,0.0,10.0,1.0,-0.03084947168827057,0.0,0.0,10.0,1.0,0.08328153192996979,0.0,0.0,10.0,1.0,0.018105531111359596,0.0,0.0,20.0,8.0,0.0767446905374527,0.0,0.0,20.0,8.0,0.0071090045385062695,0.0,0.0,20.0,8.0,-0.014284767210483551,0.0,0.0,20.0,8.0,0.02530413307249546,0.0,0.0,10.0,1.0,0.031125809997320175,0.0,0.0,10.0,1.0,-0.08328153192996979,0.0,0.0,10.0,1.0,0.08328153192996979,0.0,0.0,1.0,0.10000000149011612,0.00012825916928704828,0.0,0.0,1.0,0.10000000149011612,0.009424872696399689,0.0,0.0,1.0,0.10000000149011612,0.0,0.0,0.0
1766995091.2252016,0.3917572498321533,0.013010341674089432,-0.018288154155015945,0.04157593473792076,-0.051311109156434984,-0.03863891460384952,0.09327077120542526,-0.03393884003162384,0.010162478312849998,-0.015449759550392628,0.09822995215654373,-0.0555046908557415,0.2294575423002243,0.05042890086770058,0.02051670104265213,-0.0078202486038208,0.03604944050312042,-0.07038223743438721,-0.004026642069220543,0.008628519251942635,0.02818649634718895,0.10051880776882172,0.000572213320992887,0.024605173617601395,-0.1646067053079605,-0.01888304017484188,0.028038453310728073,0.019645990803837776,-0.09288929402828217,0.03604944050312042,0.023460745811462402,-0.16117341816425323,-0.0009536888683214784,-0.03147173300385475,0.02841992862522602,-0.0005752345896326005,0.04736098274588585,0.013613885268568993,-0.0003052503161597997,0.002197802299633622,0.008058608509600163,-0.0009157509775832295,0.0,0.0,-0.0003052503161597997,-0.00024420025874860585,0.00024420025874860585,-0.0009157509775832295,0.0,0.0,-0.00024420025874860585,-0.0007326007471419871,-0.00024420025874860585,-0.0064713070169091225,0.00036630037357099354,-0.0006105006323195994,0.005738705862313509,-0.005494505632668734,0.006959707476198673,-0.00036630037357099354,0.007203907705843449,-0.0025641026441007853,-0.0015873017255216837,0.00231990241445601,0.008424908854067326,-0.016483517363667488,0.009890110231935978,-0.0006105006323195994,-0.010378510691225529,-0.0006105006323195994,0.13672880828380585,0.1290290802717209,-0.42239609360694885,0.6009493470191956,0.4573298394680023,0.2980325222015381,-0.20273056626319885,-0.31133729219436646,-0.20388886332511902,0.050277747213840485,-0.2675412595272064,-0.030963851138949394,0.21466092765331268,0.017710290849208832,0.06541678309440613,-1.0884629487991333,0.24428963661193848,-0.34876328706741333,1.293165683746338,-0.6667630076408386,2.5662245750427246,0.39132270216941833,1.6587163209915161,0.15365000069141388,-0.308742880821228,0.5469092130661011,0.6727356314659119,-3.1719772815704346,12.984825134277344,0.0027721209917217493,0.2037038654088974,-244.3325958251953,50.0,50.0,0.01058331597596407,0.0,0.0,150.0,50.0,0.007107236422598362,0.0,0.0,150.0,50.0,-0.01991543546319008,0.0,0.0,50.0,50.0,0.02653929591178894,0.0,0.0,60.0,2.0,0.01597520150244236,0.0,0.0,60.0,2.0,0.012734727934002876,0.0,0.0,50.0,50.0,-0.010228855535387993,0.0,0.0,150.0,50.0,-0.018260367214679718,0.0,0.0,150.0,50.0,-0.006994443945586681,0.0,0.0,50.0,50.0,-0.0005243749474175274,0.0,0.0,60.0,2.0,-0.01557727251201868,0.0,0.0,60.0,2.0,-0.0001425270311301574,0.0,0.0,150.0,25.0,0.009959247894585133,0.0,0.0,150.0,25.0,-0.00040268865996040404,0.0,0.0,150.0,25.0,0.003449101932346821,0.0,0.0,20.0,8.0,-0.05364318937063217,0.0,0.0,20.0,8.0,0.0021395916119217873,0.0,0.0,20.0,8.0,-0.017678214237093925,0.0,0.0,20.0,8.0,0.05623873695731163,0.0,0.0,10.0,1.0,-0.025221973657608032,0.0,0.0,10.0,1.0,0.08998668938875198,0.0,0.0,10.0,1.0,0.01235671155154705,0.0,0.0,20.0,8.0,0.08087769150733948,0.0,0.0,20.0,8.0,0.014465740881860256,0.0,0.0,20.0,8.0,-0.009095199406147003,0.0,0.0,20.0,8.0,0.023684881627559662,0.0,0.0,10.0,1.0,0.027063589543104172,0.0,0.0,10.0,1.0,-0.08998668938875198,0.0,0.0,10.0,1.0,0.08998668938875198,0.0,0.0,1.0,0.10000000149011612,-0.001549615291878581,0.0,0.0,1.0,0.10000000149011612,0.00989154540002346,0.0,0.0,1.0,0.10000000149011612,0.0,0.0,0.0
1766995091.246239,0.4127945899963379,0.010879812762141228,-0.01615762524306774,0.04636962339282036,-0.050890676938976434,-0.04141933762495548,0.09288929402828217,-0.03317186236381531,0.014380864799022675,-0.01506828423589468,0.09822995215654373,-0.05359731614589691,0.2294575423002243,0.05004541203379631,0.020900189876556396,-0.0078202486038208,0.03604944050312042,-0.07038223743438721,-0.004026642069220543,0.008245029486715794,0.02818649634718895,0.09899290651082993,0.000572213320992887,0.024223696440458298,-0.16079194843769073,-0.02040894143283367,0.035667963325977325,0.019645990803837776,-0.09174486994743347,0.03452353551983833,0.02231631986796856,-0.15964750945568085,0.002861066721379757,-0.038719769567251205,0.035667963325977325,-0.0005752345896326005,0.04697749391198158,0.013613885268568993,-0.0009157509775832295,0.002197802299633622,0.009523809887468815,-0.0003052503161597997,0.0,0.0,-0.0009157509775832295,-0.0017094018403440714,-0.00024420025874860585,-0.0009157509775832295,0.0,0.0,0.0007326007471419871,-0.0017094018403440714,-0.00024420025874860585,-0.00622710632160306,-0.00012210012937430292,-0.0020757021848112345,0.0064713070169091225,-0.005494505632668734,0.0025641026441007853,-0.00036630037357099354,0.006715507246553898,-0.003052503103390336,-0.003785104025155306,0.003052503103390336,0.009890110231935978,-0.018681319430470467,0.013553114607930183,0.0006105006323195994,-0.001831501955166459,-0.0006105006323195994,0.21169762313365936,0.14216575026512146,-0.39836761355400085,0.530864417552948,0.3195512890815735,0.254732221364975,-0.20460736751556396,-0.36526137590408325,-0.139909565448761,-0.010489050298929214,-0.3115915358066559,-0.0028509623371064663,0.1992144137620926,-0.008054964244365692,0.0689922422170639,-1.073022484779358,0.04279816150665283,-0.3536165952682495,1.124941110610962,-0.5045140981674194,2.275738000869751,0.24717077612876892,1.617793083190918,0.28935760259628296,-0.18193089962005615,0.4737676978111267,0.541351854801178,-2.83071231842041,10.859708786010742,-0.030996890738606453,0.19786016643047333,-247.45712280273438,50.0,50.0,0.013730820268392563,0.0,0.0,150.0,50.0,0.0067444853484630585,0.0,0.0,150.0,50.0,-0.021189896389842033,0.0,0.0,50.0,50.0,0.02715056948363781,0.0,0.0,60.0,2.0,0.013675769791007042,0.0,0.0,60.0,2.0,0.01343729067593813,0.0,0.0,50.0,50.0,-0.01000874675810337,0.0,0.0,150.0,50.0,-0.020926279947161674,0.0,0.0,150.0,50.0,-0.006664341315627098,0.0,0.0,50.0,50.0,-0.003206455847248435,0.0,0.0,60.0,2.0,-0.021786248311400414,0.0,0.0,60.0,2.0,0.0019936319440603256,0.0,0.0,150.0,25.0,0.00976127851754427,0.0,0.0,150.0,25.0,-0.0017385982209816575,0.0,0.0,150.0,25.0,0.0035021931398659945,0.0,0.0,20.0,8.0,-0.05368718132376671,0.0,0.0,20.0,8.0,-0.0010340259177610278,0.0,0.0,20.0,8.0,-0.01616094261407852,0.0,0.0,20.0,8.0,0.0522603839635849,0.0,0.0,10.0,1.0,-0.01915985718369484,0.0,0.0,10.0,1.0,0.09911739081144333,0.0,0.0,10.0,1.0,0.004041110165417194,0.0,0.0,20.0,8.0,0.0834365263581276,0.0,0.0,20.0,8.0,0.01762252300977707,0.0,0.0,20.0,8.0,-0.0022205356508493423,0.0,0.0,20.0,8.0,0.026401160284876823,0.0,0.0,10.0,1.0,0.02063484489917755,0.0,0.0,10.0,1.0,-0.09911739081144333,0.0,0.0,10.0,1.0,0.09911739081144333,0.0,0.0,1.0,0.10000000149011612,-0.0018046960467472672,0.0,0.0,1.0,0.10000000149011612,0.011767213232815266,0.0,0.0,1.0,0.10000000149011612,0.0,0.0,0.0
1766995091.2669923,0.4335479736328125,0.01167876087129116,-0.017755521461367607,0.0466359406709671,-0.050514436177322604,-0.04357419214881053,0.09288929402828217,-0.03278837352991104,0.017448782920837402,-0.01506828423589468,0.09822995215654373,-0.05359731614589691,0.2294575423002243,0.05004541203379631,0.020900189876556396,-0.0078202486038208,0.03604944050312042,-0.07038223743438721,-0.0036431525368243456,0.007861539721488953,0.02818649634718895,0.09708552807569504,0.000572213320992887,0.023079270496964455,-0.15888457000255585,-0.021553369238972664,0.040245670825242996,0.019645990803837776,-0.0879301130771637,0.03376058489084244,0.02079041674733162,-0.15812161564826965,0.00476844422519207,-0.04444190114736557,0.04291599988937378,-0.0005752345896326005,0.04697749391198158,0.013613885268568993,-0.0003052503161597997,0.002197802299633622,0.007570208050310612,-0.0009157509775832295,0.0,0.0,-0.0009157509775832295,-0.002197802299633622,-0.00024420025874860585,-0.0003052503161597997,0.0,0.0,0.0012210012646391988,-0.002197802299633622,-0.00024420025874860585,-0.007448107935488224,-0.00036630037357099354,-0.004273504484444857,0.00818070862442255,-0.004029304254800081,0.018681319430470467,0.00036630037357099354,0.011599511839449406,-0.0015873017255216837,-0.003785104025155306,0.0035409037955105305,0.004029304254800081,-0.01794871874153614,0.02161172218620777,-0.0006105006323195994,-0.0006105006323195994,-0.001831501955166459,0.24935559928417206,0.12248177081346512,-0.3848145306110382,0.4930620491504669,0.24835586547851562,0.24402502179145813,-0.18176168203353882,-0.380027174949646,-0.12102632969617844,-0.05823014676570892,-0.3956444561481476,0.03620492294430733,0.17726758122444153,-0.03157343715429306,0.0636008232831955,-0.9749744534492493,-0.018778204917907715,-0.2934873104095459,0.9490634202957153,-0.34794843196868896,2.0824055671691895,0.07338770478963852,1.5152310132980347,0.3200300335884094,-0.040325555950403214,0.47945255041122437,0.37473464012145996,-2.4810750484466553,9.850125312805176,-0.03277379274368286,0.2136959284543991,-247.25587463378906,50.0,50.0,0.01690002717077732,0.0,0.0,150.0,50.0,0.00555712915956974,0.0,0.0,150.0,50.0,-0.02082653157413006,0.0,0.0,50.0,50.0,0.027021631598472595,0.0,0.0,60.0,2.0,0.015227262862026691,0.0,0.0,60.0,2.0,0.01397782377898693,0.0,0.0,50.0,50.0,-0.010284874588251114,0.0,0.0,150.0,50.0,-0.020186323672533035,0.0,0.0,150.0,50.0,-0.00424299668520689,0.0,0.0,50.0,50.0,-0.004530714824795723,0.0,0.0,60.0,2.0,-0.02331339195370674,0.0,0.0,60.0,2.0,0.0074622854590415955,0.0,0.0,150.0,25.0,0.011530373245477676,0.0,0.0,150.0,25.0,-0.0012968822848051786,0.0,0.0,150.0,25.0,0.0044655567035079,0.0,0.0,20.0,8.0,-0.05421534180641174,0.0,0.0,20.0,8.0,-0.006137476302683353,0.0,0.0,20.0,8.0,-0.016884399577975273,0.0,0.0,20.0,8.0,0.048177510499954224,0.0,0.0,10.0,1.0,-0.014844346791505814,0.0,0.0,10.0,1.0,0.10846343636512756,0.0,0.0,10.0,1.0,-0.004953104071319103,0.0,0.0,20.0,8.0,0.08739833533763885,0.0,0.0,20.0,8.0,0.021682793274521828,0.0,0.0,20.0,8.0,0.00499532138928771,0.0,0.0,20.0,8.0,0.020691530779004097,0.0,0.0,10.0,1.0,0.010084827430546284,0.0,0.0,10.0,1.0,-0.10846343636512756,0.0,0.0,10.0,1.0,0.10846343636512756,0.0,0.0,1.0,0.10000000149011612,-0.0029757563024759293,0.0,0.0,1.0,0.10000000149011612,0.015473290346562862,0.0,0.0,1.0,0.10000000149011612,0.0,0.0,0.0
1766995091.291931,0.45848655700683594,0.015140870586037636,-0.010831302031874657,0.047967519611120224,-0.05048824169039311,-0.04600447993889201,0.09288929402828217,-0.030487434938549995,0.02051670104265213,-0.01506828423589468,0.09822995215654373,-0.05359731614589691,0.2294575423002243,0.04851145297288895,0.020900189876556396,-0.0078202486038208,0.03604944050312042,-0.07038223743438721,-0.0032596627715975046,0.00671107042580843,0.02818649634718895,0.09327077120542526,0.000572213320992887,0.02079041674733162,-0.15506981313228607,-0.021553369238972664,0.04558632895350456,0.019645990803837776,-0.08335240930318832,0.03376058489084244,0.020027466118335724,-0.15735866129398346,0.006294346414506435,-0.04940108209848404,0.048256658017635345,-0.0005752345896326005,0.04697749391198158,0.013613885268568993,-0.0009157509775832295,0.0031746034510433674,0.006105006206780672,-0.0003052503161597997,0.0,0.0,-0.0003052503161597997,-0.00463980482891202,-0.00024420025874860585,-0.0003052503161597997,0.0,0.0,0.0007326007471419871,-0.00463980482891202,-0.00024420025874860585,-0.008913309313356876,-0.00036630037357099354,-0.005006105173379183,0.007936508394777775,-0.001098901149816811,0.009157509543001652,-0.00036630037357099354,0.012332112528383732,-0.00012210012937430292,-0.00231990241445601,0.001831501955166459,0.003296703565865755,-0.015018315985798836,0.015018315985798836,-0.0006105006323195994,-0.001831501955166459,-0.0006105006323195994,0.28046363592147827,0.09222308546304703,-0.34562575817108154,0.44843626022338867,0.25270333886146545,0.23196834325790405,-0.1706821620464325,-0.3350012004375458,-0.0704144611954689,-0.0751892700791359,-0.3868963420391083,0.12384001910686493,0.1913517862558365,-0.02152235060930252,0.07410794496536255,-0.8997282385826111,-0.10185420513153076,-0.28020429611206055,0.799527645111084,-0.24634867906570435,1.9071942567825317,-0.08219901472330093,1.4504151344299316,0.35983580350875854,0.08289963006973267,0.34338533878326416,0.1673622876405716,-2.1501591205596924,8.732135772705078,-0.04938402771949768,0.2567862868309021,-247.27174377441406,50.0,50.0,0.01995135471224785,0.0,0.0,150.0,50.0,0.0035761601757258177,0.0,0.0,150.0,50.0,-0.01941310428082943,0.0,0.0,50.0,50.0,0.026254907250404358,0.0,0.0,60.0,2.0,0.020027821883559227,0.0,0.0,60.0,2.0,0.012509969994425774,0.0,0.0,50.0,50.0,-0.007918914780020714,0.0,0.0,150.0,50.0,-0.016758941113948822,0.0,0.0,150.0,50.0,-0.003731652395799756,0.0,0.0,50.0,50.0,-0.0030317618511617184,0.0,0.0,60.0,2.0,-0.021011095494031906,0.0,0.0,60.0,2.0,0.012348662130534649,0.0,0.0,150.0,25.0,0.01253421138972044,0.0,0.0,150.0,25.0,0.0001696355320746079,0.0,0.0,150.0,25.0,0.005627103615552187,0.0,0.0,20.0,8.0,-0.049771375954151154,0.0,0.0,20.0,8.0,-0.008893950842320919,0.0,0.0,20.0,8.0,-0.015180235728621483,0.0,0.0,20.0,8.0,0.046136848628520966,0.0,0.0,10.0,1.0,-0.009503657929599285,0.0,0.0,10.0,1.0,0.1176932081580162,0.0,0.0,10.0,1.0,-0.014981183223426342,0.0,0.0,20.0,8.0,0.09341858327388763,0.0,0.0,20.0,8.0,0.02485230565071106,0.0,0.0,20.0,8.0,0.008041980676352978,0.0,0.0,20.0,8.0,0.013051550835371017,0.0,0.0,10.0,1.0,0.0005373932654038072,0.0,0.0,10.0,1.0,-0.12012182921171188,0.0,0.0,10.0,1.0,0.12012182921171188,0.0,0.0,1.0,0.10000000149011612,-0.002715993905439973,0.0,0.0,1.0,0.10000000149011612,0.014590059407055378,0.0,0.0,1.0,0.10000000149011612,0.0,0.0,0.0
1766995091.3049674,0.4715230464935303,0.01167876087129116,-0.007635508663952351,0.047434888780117035,-0.050383604465410174,-0.04660081535622293,0.09288929402828217,-0.03010394424200058,0.022817639634013176,-0.01506828423589468,0.09822995215654373,-0.05359731614589691,0.2286945879459381,0.04621051251888275,0.020900189876556396,-0.0078202486038208,0.03643091395497322,-0.07038223743438721,-0.0028761730063706636,0.005177111364901066,0.02818649634718895,0.08945601433515549,-0.00019073777366429567,0.020027466118335724,-0.1516365259885788,-0.021553369238972664,0.05436026677489281,0.01888304017484188,-0.07801175117492676,0.03376058489084244,0.019645990803837776,-0.15621423721313477,0.00667582219466567,-0.056267641484737396,0.054741740226745605,-0.0005752345896326005,0.04697749391198158,0.013613885268568993,-0.0003052503161597997,0.0031746034510433674,0.00463980482891202,-0.0009157509775832295,0.0,0.0,-0.001526251551695168,-0.002197802299633622,-0.00024420025874860585,0.0009157509775832295,0.0,0.0,0.0007326007471419871,-0.0051282052882015705,-0.00024420025874860585,-0.009890110231935978,-0.0015873017255216837,-0.0013431013794615865,0.007692308165132999,0.00036630037357099354,0.01794871874153614,-0.001098901149816811,0.013308914378285408,-0.00012210012937430292,-0.00036630037357099354,0.003052503103390336,0.001098901149816811,-0.015018315985798836,0.010622710920870304,-0.003052503103390336,-0.0006105006323195994,-0.001831501955166459,0.29896679520606995,0.05358799546957016,-0.29090121388435364,0.3934241831302643,0.30011263489723206,0.18745923042297363,-0.1186632513999939,-0.251129150390625,-0.05591801553964615,-0.04543030261993408,-0.31484678387641907,0.18504206836223602,0.18782247602939606,0.0025419523008167744,0.08432094752788544,-0.7458134293556213,-0.13327395915985107,-0.22747258841991425,0.6913508176803589,-0.1424102783203125,1.7636076211929321,-0.22448983788490295,1.399857521057129,0.3724064826965332,0.12050735950469971,0.19557470083236694,0.008052723482251167,-1.8075200319290161,7.270998477935791,-0.0406985878944397,0.2186289280653,-248.7788848876953,50.0,50.0,0.02212214283645153,0.0,0.0,150.0,50.0,0.0031221485696733,0.0,0.0,150.0,50.0,-0.018594691529870033,0.0,0.0,50.0,50.0,0.025232361629605293,0.0,0.0,60.0,2.0,0.021326489746570587,0.0,0.0,60.0,2.0,0.010837096720933914,0.0,0.0,50.0,50.0,-0.007308935280889273,0.0,0.0,150.0,50.0,-0.014596328139305115,0.0,0.0,150.0,50.0,-0.0024397142697125673,0.0,0.0,50.0,50.0,-0.0019032591953873634,0.0,0.0,60.0,2.0,-0.018609920516610146,0.0,0.0,60.0,2.0,0.0159711092710495,0.0,0.0,150.0,25.0,0.014776269905269146,0.0,0.0,150.0,25.0,-0.00012512104876805097,0.0,0.0,150.0,25.0,0.006434381008148193,0.0,0.0,20.0,8.0,-0.0479593351483345,0.0,0.0,20.0,8.0,-0.009102105163037777,0.0,0.0,20.0,8.0,-0.013974509201943874,0.0,0.0,20.0,8.0,0.051920682191848755,0.0,0.0,10.0,1.0,-0.006382644642144442,0.0,0.0,10.0,1.0,0.11576526612043381,0.0,0.0,10.0,1.0,-0.021611742675304413,0.0,0.0,20.0,8.0,0.09811048209667206,0.0,0.0,20.0,8.0,0.022413626313209534,0.0,0.0,20.0,8.0,0.00877436250448227,0.0,0.0,20.0,8.0,0.00951139722019434,0.0,0.0,10.0,1.0,-0.003470425494015217,0.0,0.0,10.0,1.0,-0.10663691908121109,0.0,0.0,10.0,1.0,0.12641610205173492,0.0,0.0,1.0,0.10000000149011612,-0.0037337555550038815,0.0,0.0,1.0,0.10000000149011612,0.008272498846054077,0.0,0.0,1.0,0.10000000149011612,0.0,0.0,0.0
1766995091.3258696,0.49242520332336426,0.012477708980441093,-0.003374452004209161,0.04530436173081398,-0.0497720948066327,-0.047393545838025304,0.09288929402828217,-0.02895347587764263,0.024735087528824806,-0.01506828423589468,0.09822995215654373,-0.05359731614589691,0.22793163359165192,0.045827023684978485,0.020900189876556396,-0.0078202486038208,0.03643091395497322,-0.07038223743438721,-0.0017257038271054626,0.0028761730063706636,0.02818649634718895,0.08220797777175903,-0.00019073777366429567,0.01926451548933983,-0.14820325374603271,-0.021171892061829567,0.06237125024199486,0.01773861236870289,-0.06885633617639542,0.03376058489084244,0.019645990803837776,-0.15430685877799988,0.006294346414506435,-0.06618601083755493,0.06389715522527695,-0.0005752345896326005,0.04697749391198158,0.013230396434664726,-0.0009157509775832295,0.0012210012646391988,0.002197802299633622,0.0003052503161597997,0.0,0.0,-0.004578754771500826,-0.002197802299633622,-0.00024420025874860585,0.0003052503161597997,0.0,0.0,0.002197802299633622,-0.004151404369622469,-0.00024420025874860585,-0.010622710920870304,-0.00036630037357099354,-0.0028083028737455606,0.007203907705843449,-0.00036630037357099354,0.01794871874153614,-0.003296703565865755,0.012820513918995857,-0.00036630037357099354,0.00012210012937430292,0.005250305403023958,-0.00036630037357099354,-0.017216118052601814,0.019413920119404793,0.0006105006323195994,-0.0006105006323195994,-0.001831501955166459,0.314990371465683,0.04445531219244003,-0.26476410031318665,0.35927581787109375,0.3036613166332245,0.1543060839176178,-0.10406967997550964,-0.20783261954784393,-0.034738339483737946,-0.02709992229938507,-0.2649809420108795,0.22740770876407623,0.2103947550058365,-0.0017815600149333477,0.0916171669960022,-0.6828781962394714,-0.1296020746231079,-0.1989787369966507,0.7392826080322266,-0.09088051319122314,1.648345947265625,-0.30772295594215393,1.3969649076461792,0.3191407322883606,0.12493544816970825,0.13542985916137695,-0.04941432178020477,-1.518370270729065,7.124948024749756,-0.0531637966632843,0.11778955906629562,-248.8897705078125,50.0,50.0,0.01919426955282688,0.0,0.0,150.0,50.0,0.004340709187090397,0.0,0.0,150.0,50.0,-0.02136320061981678,0.0,0.0,50.0,50.0,0.024735795333981514,0.0,0.0,60.0,2.0,0.01954324170947075,0.0,0.0,60.0,2.0,0.011487320996820927,0.0,0.0,50.0,50.0,-0.005882084369659424,0.0,0.0,150.0,50.0,-0.01521996408700943,0.0,0.0,150.0,50.0,-0.0038484891410917044,0.0,0.0,50.0,50.0,0.0006862198351882398,0.0,0.0,60.0,2.0,-0.016315003857016563,0.0,0.0,60.0,2.0,0.018750356510281563,0.0,0.0,150.0,25.0,0.01674308441579342,0.0,0.0,150.0,25.0,-0.001535493414849043,0.0,0.0,150.0,25.0,0.008517824113368988,0.0,0.0,20.0,8.0,-0.044473521411418915,0.0,0.0,20.0,8.0,-0.0054463231936097145,0.0,0.0,20.0,8.0,-0.012199143879115582,0.0,0.0,20.0,8.0,0.06423040479421616,0.0,0.0,10.0,1.0,-0.005040064454078674,0.0,0.0,10.0,1.0,0.11743756383657455,0.0,0.0,10.0,1.0,-0.024555636569857597,0.0,0.0,20.0,8.0,0.10155751556158066,0.0,0.0,20.0,8.0,0.020938018336892128,0.0,0.0,20.0,8.0,0.012243683449923992,0.0,0.0,20.0,8.0,0.01846107840538025,0.0,0.0,10.0,1.0,0.0006917830323800445,0.0,0.0,10.0,1.0,-0.08846127986907959,0.0,0.0,10.0,1.0,0.1367219090461731,0.0,0.0,1.0,0.10000000149011612,-0.0036392698530107737,0.0,0.0,1.0,0.10000000149011612,0.003821228863671422,0.0,0.0,1.0,0.10000000149011612,0.0,0.0,0.0
1766995091.3440614,0.5106170177459717,0.01167876087129116,-0.00417339988052845,0.03917909041047096,-0.050185339614436185,-0.04851155387221546,0.09327077120542526,-0.028569985181093216,0.025118578225374222,-0.01506828423589468,0.09822995215654373,-0.05359731614589691,0.22564278542995453,0.04544353485107422,0.020900189876556396,-0.0078202486038208,0.03643091395497322,-0.07038223743438721,-0.0009587243548594415,0.0017257038271054626,0.02818649634718895,0.08106355369091034,-0.000572213320992887,0.01888304017484188,-0.14629587531089783,-0.02040894143283367,0.06580453366041183,0.015449759550392628,-0.06694895774126053,0.03376058489084244,0.019645990803837776,-0.15316243469715118,0.005149920005351305,-0.0722896158695221,0.0707637146115303,-0.0005752345896326005,0.04697749391198158,0.013613885268568993,0.0003052503161597997,0.0007326007471419871,0.0007326007471419871,0.0003052503161597997,0.0,0.0,-0.007020757533609867,0.00024420025874860585,-0.00024420025874860585,-0.0003052503161597997,0.0,0.0,0.002197802299633622,-0.0031746034510433674,-0.00024420025874860585,-0.010134310461580753,-0.0008547009201720357,-0.0006105006323195994,0.006715507246553898,0.0025641026441007853,0.012087912298738956,-0.010622710920870304,0.01428571529686451,-0.00012210012937430292,-0.00012210012937430292,0.0035409037955105305,-0.004029304254800081,-0.023076923564076424,0.02380952425301075,-0.0006105006323195994,-0.0006105006323195994,0.0006105006323195994,0.25270041823387146,0.05714721232652664,-0.2812552750110626,0.32565686106681824,0.25729477405548096,0.15123528242111206,-0.077440045773983,-0.20037706196308136,-0.0506669357419014,0.00903436541557312,-0.21479369699954987,0.24685610830783844,0.22042956948280334,-0.02021539956331253,0.11214064061641693,-0.585512101650238,-0.07170307636260986,-0.1606067270040512,0.8456195592880249,-0.06635451316833496,1.5461136102676392,-0.3232850134372711,1.3370462656021118,0.275657594203949,0.1611931025981903,0.24304765462875366,0.00910760648548603,-1.1646289825439453,8.242693901062012,-0.04791247844696045,0.05030804127454758,-248.65658569335938,50.0,50.0,0.01884489692747593,0.0,0.0,150.0,50.0,0.004412129987031221,0.0,0.0,150.0,50.0,-0.02324877865612507,0.0,0.0,50.0,50.0,0.02657264471054077,0.0,0.0,60.0,2.0,0.019114704802632332,0.0,0.0,60.0,2.0,0.01282087154686451,0.0,0.0,50.0,50.0,-0.006026113405823708,0.0,0.0,150.0,50.0,-0.015882547944784164,0.0,0.0,150.0,50.0,-0.003953514155000448,0.0,0.0,50.0,50.0,0.001326381228864193,0.0,0.0,60.0,2.0,-0.018054798245429993,0.0,0.0,60.0,2.0,0.021150298416614532,0.0,0.0,150.0,25.0,0.019022032618522644,0.0,0.0,150.0,25.0,-0.0020645461045205593,0.0,0.0,150.0,25.0,0.00917896069586277,0.0,0.0,20.0,8.0,-0.04671039059758186,0.0,0.0,20.0,8.0,-0.003265499137341976,0.0,0.0,20.0,8.0,-0.01351077202707529,0.0,0.0,20.0,8.0,0.0722595676779747,0.0,0.0,10.0,1.0,-0.0044003939256072044,0.0,0.0,10.0,1.0,0.11918728053569794,0.0,0.0,10.0,1.0,-0.027601974084973335,0.0,0.0,20.0,8.0,0.10816605389118195,0.0,0.0,20.0,8.0,0.019858164712786674,0.0,0.0,20.0,8.0,0.015460239723324776,0.0,0.0,20.0,8.0,0.02185899019241333,0.0,0.0,10.0,1.0,0.006840710528194904,0.0,0.0,10.0,1.0,-0.07256170362234116,0.0,0.0,10.0,1.0,0.1459553986787796,0.0,0.0,1.0,0.10000000149011612,-0.003241149941459298,0.0,0.0,1.0,0.10000000149011612,0.004459120333194733,0.0,0.0,1.0,0.10000000149011612,0.0,0.0,0.0
1766995091.3649783,0.53153395652771,0.015673503279685974,0.0059466115199029446,0.04344014823436737,-0.049988615802944794,-0.04850215881523486,0.09327077120542526,-0.028569985181093216,0.025118578225374222,-0.01506828423589468,0.09822995215654373,-0.05359731614589691,0.22373540699481964,0.045827023684978485,0.02051670104265213,-0.0078202486038208,0.03643091395497322,-0.07038223743438721,0.00019174486806150526,0.0005752345896326005,0.02818649634718895,0.07724879682064056,-0.0009536888683214784,0.018501564860343933,-0.14362554252147675,-0.01888304017484188,0.071908138692379,0.010109102353453636,-0.06160829961299896,0.03376058489084244,0.019645990803837776,-0.152399480342865,0.0036240178160369396,-0.07572289556264877,0.07801175117492676,-0.0005752345896326005,0.04697749391198158,0.013613885268568993,-0.0003052503161597997,-0.00024420025874860585,-0.0007326007471419871,-0.0009157509775832295,0.0,0.0,-0.003357753623276949,-0.00024420025874860585,-0.00024420025874860585,0.0003052503161597997,0.0,0.0,0.002686202758923173,-0.0017094018403440714,-0.00024420025874860585,-0.009645910002291203,-0.001098901149816811,-0.0015873017255216837,0.0064713070169091225,0.005494505632668734,0.006959707476198673,-0.015750916674733162,0.01428571529686451,-0.00012210012937430292,-0.00012210012937430292,0.0008547009201720357,-0.004761904943734407,-0.009157509543001652,0.017216118052601814,0.0006105006323195994,-0.0006105006323195994,0.0006105006323195994,0.23240531980991364,0.05441274493932724,-0.2867163419723511,0.32770803570747375,0.23573274910449982,0.15811383724212646,-0.07431724667549133,-0.19587206840515137,-0.04875684529542923,0.01635764166712761,-0.22266142070293427,0.26083678007125854,0.2345898598432541,-0.02546108514070511,0.11319984495639801,-0.576057493686676,-0.040271878242492676,-0.16662205755710602,0.8911435604095459,-0.0542680062353611,1.4698811769485474,-0.3404022753238678,1.3339614868164062,0.24490149319171906,0.19066393375396729,0.2695767283439636,0.08436329662799835,-0.8948696255683899,8.919734001159668,-0.03997159004211426,0.054992251098155975,-248.07980346679688,50.0,50.0,0.02226918935775757,0.0,0.0,150.0,50.0,0.0056617967784404755,0.0,0.0,150.0,50.0,-0.023182885721325874,0.0,0.0,50.0,50.0,0.026498990133404732,0.0,0.0,60.0,2.0,0.019916364923119545,0.0,0.0,60.0,2.0,0.012950670905411243,0.0,0.0,50.0,50.0,-0.006927632261067629,0.0,0.0,150.0,50.0,-0.01662524789571762,0.0,0.0,150.0,50.0,-0.002761000534519553,0.0,0.0,50.0,50.0,0.0017005451954901218,0.0,0.0,60.0,2.0,-0.01834634691476822,0.0,0.0,60.0,2.0,0.021830959245562553,0.0,0.0,150.0,25.0,0.018378056585788727,0.0,0.0,150.0,25.0,-0.0020664825569838285,0.0,0.0,150.0,25.0,0.008851527236402035,0.0,0.0,20.0,8.0,-0.051337797194719315,0.0,0.0,20.0,8.0,-0.003948538564145565,0.0,0.0,20.0,8.0,-0.013184931129217148,0.0,0.0,20.0,8.0,0.07519949972629547,0.0,0.0,10.0,1.0,-0.003261994104832411,0.0,0.0,10.0,1.0,0.11738870292901993,0.0,0.0,10.0,1.0,-0.029774950817227364,0.0,0.0,20.0,8.0,0.11573122441768646,0.0,0.0,20.0,8.0,0.022837722674012184,0.0,0.0,20.0,8.0,0.016424510627985,0.0,0.0,20.0,8.0,0.020892994478344917,0.0,0.0,10.0,1.0,0.00682569295167923,0.0,0.0,10.0,1.0,-0.07551396638154984,0.0,0.0,10.0,1.0,0.1568373590707779,0.0,0.0,1.0,0.10000000149011612,-0.005344777833670378,0.0,0.0,1.0,0.10000000149011612,0.003642159979790449,0.0,0.0,1.0,0.10000000149011612,0.0,0.0,0.0
1766995091.385109,0.5516645908355713,0.019934559240937233,0.0054139792919158936,0.035450663417577744,-0.04882432342945199,-0.04944242064087086,0.09327077120542526,-0.028569985181093216,0.025118578225374222,-0.01506828423589468,0.09822995215654373,-0.05359731614589691,0.22297245264053345,0.045827023684978485,0.02051670104265213,-0.0078202486038208,0.03643091395497322,-0.07000076025724411,0.0013422140618786216,0.00019174486806150526,0.02818649634718895,0.07419699430465698,-0.0013351644156500697,0.018501564860343933,-0.14171816408634186,-0.018120087683200836,0.07763027399778366,0.006294346414506435,-0.0558861680328846,0.03376058489084244,0.019645990803837776,-0.1516365259885788,0.0036240178160369396,-0.07572289556264877,0.08449683338403702,-0.0005752345896326005,0.04697749391198158,0.013613885268568993,-0.0003052503161597997,-0.00024420025874860585,-0.00024420025874860585,-0.0003052503161597997,0.0,0.0,-0.003357753623276949,-0.00024420025874860585,-0.00024420025874860585,0.0003052503161597997,0.0,0.0,0.0031746034510433674,-0.0007326007471419871,-0.00024420025874860585,-0.008913309313356876,-0.0013431013794615865,-0.00036630037357099354,0.006959707476198673,0.001098901149816811,0.022344322875142097,-0.009890110231935978,0.01477411575615406,-0.00012210012937430292,-0.00012210012937430292,0.001831501955166459,-0.001098901149816811,-0.00036630037357099354,0.020879121497273445,-0.0006105006323195994,-0.0006105006323195994,-0.0006105006323195994,0.2555803060531616,0.06497963517904282,-0.26606667041778564,0.3041251301765442,0.22857727110385895,0.14863300323486328,-0.07950744777917862,-0.1908055990934372,-0.03168760985136032,0.01951691508293152,-0.21055839955806732,0.2505508065223694,0.21092234551906586,-0.023716725409030914,0.10158771276473999,-0.5891965627670288,-0.04531681537628174,-0.15132157504558563,0.8630539178848267,-0.03743744269013405,1.347253441810608,-0.34172287583351135,1.3282307386398315,0.2621052861213684,0.18850177526474,0.23978590965270996,0.07833750545978546,-0.8666630387306213,8.168901443481445,-0.06134125590324402,0.04180055111646652,-248.75978088378906,50.0,50.0,0.025250904262065887,0.0,0.0,150.0,50.0,0.006634856574237347,0.0,0.0,150.0,50.0,-0.021813152357935905,0.0,0.0,50.0,50.0,0.025063853710889816,0.0,0.0,60.0,2.0,0.0213112011551857,0.0,0.0,60.0,2.0,0.012005559168756008,0.0,0.0,50.0,50.0,-0.005742215551435947,0.0,0.0,150.0,50.0,-0.01662178337574005,0.0,0.0,150.0,50.0,-0.0018106461502611637,0.0,0.0,50.0,50.0,0.0021170068066567183,0.0,0.0,60.0,2.0,-0.019136296585202217,0.0,0.0,60.0,2.0,0.021727681159973145,0.0,0.0,150.0,25.0,0.017246458679437637,0.0,0.0,150.0,25.0,-0.002353454241529107,0.0,0.0,150.0,25.0,0.008345242589712143,0.0,0.0,20.0,8.0,-0.05320008471608162,0.0,0.0,20.0,8.0,-0.007409859448671341,0.0,0.0,20.0,8.0,-0.013913691975176334,0.0,0.0,20.0,8.0,0.07589918375015259,0.0,0.0,10.0,1.0,-0.001117504434660077,0.0,0.0,10.0,1.0,0.11270889639854431,0.0,0.0,10.0,1.0,-0.032091185450553894,0.0,0.0,20.0,8.0,0.1186201199889183,0.0,0.0,20.0,8.0,0.025127524510025978,0.0,0.0,20.0,8.0,0.017489895224571228,0.0,0.0,20.0,8.0,0.018019534647464752,0.0,0.0,10.0,1.0,0.003905855817720294,0.0,0.0,10.0,1.0,-0.08060701936483383,0.0,0.0,10.0,1.0,0.16756118834018707,0.0,0.0,1.0,0.10000000149011612,-0.0075721521861851215,0.0,0.0,1.0,0.10000000149011612,-0.0036766326520591974,0.0,0.0,1.0,0.10000000149011612,0.0,0.0,0.0
1766995091.404818,0.571373701095581,0.01593981869518757,0.0016855539288371801,0.03571698069572449,-0.048591819367810755,-0.05145411508549087,0.09327077120542526,-0.028569985181093216,0.025118578225374222,-0.01506828423589468,0.09822995215654373,-0.05359731614589691,0.22030213475227356,0.045827023684978485,0.02051670104265213,-0.0078202486038208,0.03643091395497322,-0.06885633617639542,0.0028761730063706636,0.00019174486806150526,0.02818649634718895,0.07038223743438721,-0.001716639962978661,0.018501564860343933,-0.13790340721607208,-0.01773861236870289,0.08182650804519653,-0.000572213320992887,-0.049782559275627136,0.03376058489084244,0.019645990803837776,-0.1504921019077301,0.0036240178160369396,-0.07534141838550568,0.09517814964056015,-0.0005752345896326005,0.04697749391198158,0.013613885268568993,-0.0009157509775832295,-0.00024420025874860585,-0.00024420025874860585,-0.0009157509775832295,0.0,0.0,-0.005189255345612764,-0.00024420025874860585,-0.00024420025874860585,-0.0003052503161597997,0.0,0.0,0.003663003910332918,-0.0007326007471419871,-0.00024420025874860585,-0.009401709772646427,-0.0015873017255216837,0.00012210012937430292,0.009401709772646427,-0.00036630037357099354,0.006959707476198673,-0.01794871874153614,0.014529915526509285,-0.00012210012937430292,-0.00036630037357099354,0.0028083028737455606,-0.00036630037357099354,0.00036630037357099354,0.02527472749352455,-0.0006105006323195994,-0.0006105006323195994,-0.0006105006323195994,0.27125391364097595,0.07127391546964645,-0.2343243956565857,0.26924455165863037,0.22893226146697998,0.12896785140037537,-0.061684854328632355,-0.1785569190979004,-0.019450584426522255,0.022741615772247314,-0.20556868612766266,0.23340623080730438,0.1852674037218094,-0.025281615555286407,0.08964747190475464,-0.5714936256408691,-0.07959926128387451,-0.1494656652212143,0.8153351545333862,-0.012004617601633072,1.2107577323913574,-0.3447345793247223,1.2742581367492676,0.269928514957428,0.18788248300552368,0.1935720443725586,0.041958048939704895,-0.8659083247184753,6.999356269836426,-0.0813426673412323,-0.03949565440416336,-249.65005493164062,50.0,50.0,0.0288664810359478,0.0,0.0,150.0,50.0,0.007780252490192652,0.0,0.0,150.0,50.0,-0.019801661372184753,0.0,0.0,50.0,50.0,0.02334713749587536,0.0,0.0,60.0,2.0,0.02242846041917801,0.0,0.0,60.0,2.0,0.010484573431313038,0.0,0.0,50.0,50.0,-0.00460283225402236,0.0,0.0,150.0,50.0,-0.01721234992146492,0.0,0.0,150.0,50.0,-0.0007287642220035195,0.0,0.0,50.0,50.0,0.001846322207711637,0.0,0.0,60.0,2.0,-0.022052409127354622,0.0,0.0,60.0,2.0,0.019786162301898003,0.0,0.0,150.0,25.0,0.01611086167395115,0.0,0.0,150.0,25.0,-0.003033393295481801,0.0,0.0,150.0,25.0,0.007549441419541836,0.0,0.0,20.0,8.0,-0.053667690604925156,0.0,0.0,20.0,8.0,-0.011240754276514053,0.0,0.0,20.0,8.0,-0.01631440967321396,0.0,0.0,20.0,8.0,0.0755079835653305,0.0,0.0,10.0,1.0,0.002055840566754341,0.0,0.0,10.0,1.0,0.10607093572616577,0.0,0.0,10.0,1.0,-0.035107437521219254,0.0,0.0,20.0,8.0,0.11876462399959564,0.0,0.0,20.0,8.0,0.026181992143392563,0.0,0.0,20.0,8.0,0.017614204436540604,0.0,0.0,20.0,8.0,0.016332751139998436,0.0,0.0,10.0,1.0,0.000901945517398417,0.0,0.0,10.0,1.0,-0.08496315777301788,0.0,0.0,10.0,1.0,0.17831148207187653,0.0,0.0,1.0,0.10000000149011612,-0.00964813120663166,0.0,0.0,1.0,0.10000000149011612,-0.015046528540551662,0.0,0.0,1.0,0.10000000149011612,0.0,0.0,0.0
1766995091.4253721,0.5919277667999268,0.010347180999815464,0.009408720768988132,0.03891277313232422,-0.0485619051171031,-0.05285729118563178,0.09365224838256836,-0.02818649634718895,0.025118578225374222,-0.01506828423589468,0.09822995215654373,-0.05359731614589691,0.21877622604370117,0.045827023684978485,0.02051670104265213,-0.0078202486038208,0.03643091395497322,-0.06694895774126053,0.004410131834447384,-0.00019174486806150526,0.02818649634718895,0.06733043491840363,-0.0024795911740511656,0.018120087683200836,-0.1340886503458023,-0.01735713705420494,0.0864042118191719,-0.002861066721379757,-0.04406042397022247,0.03376058489084244,0.019645990803837776,-0.1497291475534439,0.0036240178160369396,-0.07534141838550568,0.1031891331076622,-0.0005752345896326005,0.04697749391198158,0.013613885268568993,0.0009157509775832295,0.00024420025874860585,0.00024420025874860585,-0.0003052503161597997,0.0,0.0,-0.0021367522422224283,-0.00024420025874860585,-0.00024420025874860585,-0.0003052503161597997,0.0,0.0,0.003663003910332918,-0.0012210012646391988,-0.00024420025874860585,-0.007448107935488224,-0.0020757021848112345,-0.00012210012937430292,0.008669109083712101,0.00036630037357099354,0.00622710632160306,-0.015018315985798836,0.013797314837574959,0.00012210012937430292,0.00012210012937430292,0.0028083028737455606,-0.00036630037357099354,-0.00036630037357099354,0.022344322875142097,-0.001831501955166459,-0.0006105006323195994,-0.0006105006323195994,0.2913983166217804,0.07853927463293076,-0.19989173114299774,0.23568221926689148,0.226408451795578,0.10583856701850891,-0.046464186161756516,-0.17375341057777405,-0.007356652524322271,0.018638059496879578,-0.22261233627796173,0.19973526895046234,0.1626342386007309,-0.030621178448200226,0.07620930671691895,-0.5417589545249939,-0.11347198486328125,-0.16468898952007294,0.7622300386428833,0.020753081887960434,1.0707536935806274,-0.3543988764286041,1.198892593383789,0.264299213886261,0.17781001329421997,0.1648741364479065,0.009104864671826363,-0.857677161693573,5.693671226501465,-0.09739494323730469,-0.1518901139497757,-250.359375,50.0,50.0,0.03230681270360947,0.0,0.0,150.0,50.0,0.008514259941875935,0.0,0.0,150.0,50.0,-0.017483776435256004,0.0,0.0,50.0,50.0,0.02199520170688629,0.0,0.0,60.0,2.0,0.02387075126171112,0.0,0.0,60.0,2.0,0.009276814758777618,0.0,0.0,50.0,50.0,-0.0034177687484771013,0.0,0.0,150.0,50.0,-0.017720244824886322,0.0,0.0,150.0,50.0,-0.0006207311525940895,0.0,0.0,50.0,50.0,0.0024003980215638876,0.0,0.0,60.0,2.0,-0.02304561622440815,0.0,0.0,60.0,2.0,0.017290445044636726,0.0,0.0,150.0,25.0,0.014984525740146637,0.0,0.0,150.0,25.0,-0.00329209235496819,0.0,0.0,150.0,25.0,0.007562719285488129,0.0,0.0,20.0,8.0,-0.05271778628230095,0.0,0.0,20.0,8.0,-0.015178736299276352,0.0,0.0,20.0,8.0,-0.019968828186392784,0.0,0.0,20.0,8.0,0.07492171227931976,0.0,0.0,10.0,1.0,0.005425669252872467,0.0,0.0,10.0,1.0,0.09900815039873123,0.0,0.0,10.0,1.0,-0.03846488893032074,0.0,0.0,20.0,8.0,0.11903026700019836,0.0,0.0,20.0,8.0,0.026339290663599968,0.0,0.0,20.0,8.0,0.01775699481368065,0.0,0.0,20.0,8.0,0.01577453315258026,0.0,0.0,10.0,1.0,-0.0011911388719454408,0.0,0.0,10.0,1.0,-0.08718707412481308,0.0,0.0,10.0,1.0,0.1897377371788025,0.0,0.0,1.0,0.10000000149011612,-0.011112561449408531,0.0,0.0,1.0,0.10000000149011612,-0.02731272764503956,0.0,0.0,1.0,0.10000000149011612,0.0,0.0,0.0
1766995091.4461415,0.6126971244812012,0.01167876087129116,0.004082398489117622,0.041842252016067505,-0.048864364860887036,-0.05371954151618039,0.09403372555971146,-0.02818649634718895,0.025502067059278488,-0.01506828423589468,0.09822995215654373,-0.05359731614589691,0.2153429538011551,0.04544353485107422,0.02051670104265213,-0.0078202486038208,0.03643091395497322,-0.06504157930612564,0.00671107042580843,-0.0005752345896326005,0.02818649634718895,0.06237125024199486,-0.0032425422687083483,0.018120087683200836,-0.13065537810325623,-0.016594186425209045,0.0871671661734581,-0.005912871100008488,-0.03833829239010811,0.03376058489084244,0.019645990803837776,-0.14820325374603271,0.0036240178160369396,-0.07534141838550568,0.11234454810619354,-0.0005752345896326005,0.04659400135278702,0.013613885268568993,-0.001526251551695168,0.00024420025874860585,-0.00024420025874860585,-0.0009157509775832295,0.0,0.0,-0.008241758681833744,-0.0007326007471419871,-0.00024420025874860585,-0.0003052503161597997,0.0,0.0,0.0012210012646391988,-0.00024420025874860585,-0.00024420025874860585,-0.005738705862313509,-0.0006105006323195994,-0.00036630037357099354,0.008913309313356876,0.001831501955166459,0.0025641026441007853,-0.006959707476198673,0.014529915526509285,-0.00036630037357099354,-0.00012210012937430292,0.0028083028737455606,-0.00036630037357099354,-0.001098901149816811,0.022344322875142097,-0.0006105006323195994,-0.0006105006323195994,0.0006105006323195994,0.3064875900745392,0.08077289909124374,-0.1658647209405899,0.20866361260414124,0.22645652294158936,0.08800708502531052,-0.03242361545562744,-0.1681080460548401,-0.005888739135116339,0.02277204394340515,-0.2186286598443985,0.16403062641620636,0.14215487241744995,-0.0312313511967659,0.0717458426952362,-0.5001219511032104,-0.14399731159210205,-0.18943984806537628,0.7107656598091125,0.051472123712301254,0.9392684102058411,-0.3649078905582428,1.129213809967041,0.2498750239610672,0.16845667362213135,0.1496495008468628,-0.011300070211291313,-0.8271244764328003,4.495477199554443,-0.10542240738868713,-0.2591097950935364,-250.75473022460938,50.0,50.0,0.03515872359275818,0.0,0.0,150.0,50.0,0.009341541677713394,0.0,0.0,150.0,50.0,-0.015095141716301441,0.0,0.0,50.0,50.0,0.020835621282458305,0.0,0.0,60.0,2.0,0.02539644204080105,0.0,0.0,60.0,2.0,0.008202089928090572,0.0,0.0,50.0,50.0,-0.0016978372586891055,0.0,0.0,150.0,50.0,-0.01743386872112751,0.0,0.0,150.0,50.0,0.00023147232423070818,0.0,0.0,50.0,50.0,0.00232712272554636,0.0,0.0,60.0,2.0,-0.026032643392682076,0.0,0.0,60.0,2.0,0.014603381045162678,0.0,0.0,150.0,25.0,0.014508889988064766,0.0,0.0,150.0,25.0,-0.004129664972424507,0.0,0.0,150.0,25.0,0.006858344655483961,0.0,0.0,20.0,8.0,-0.05158420652151108,0.0,0.0,20.0,8.0,-0.018377970904111862,0.0,0.0,20.0,8.0,-0.02449559047818184,0.0,0.0,20.0,8.0,0.07418838888406754,0.0,0.0,10.0,1.0,0.008956855162978172,0.0,0.0,10.0,1.0,0.09217123687267303,0.0,0.0,10.0,1.0,-0.042350850999355316,0.0,0.0,20.0,8.0,0.11663144081830978,0.0,0.0,20.0,8.0,0.025762056931853294,0.0,0.0,20.0,8.0,0.0189482681453228,0.0,0.0,20.0,8.0,0.015489216893911362,0.0,0.0,10.0,1.0,-0.0031433640979230404,0.0,0.0,10.0,1.0,-0.08668205887079239,0.0,0.0,10.0,1.0,0.20152100920677185,0.0,0.0,1.0,0.10000000149011612,-0.0119694909080863,0.0,0.0,1.0,0.10000000149011612,-0.039405982941389084,0.0,0.0,1.0,0.10000000149011612,0.0,0.0,0.0
1766995091.4653702,0.6319258213043213,0.013010341674089432,0.011006616987287998,0.047967519611120224,-0.04856222079572541,-0.0541389969004641,0.09403372555971146,-0.02818649634718895,0.025502067059278488,-0.01506828423589468,0.09822995215654373,-0.05359731614589691,0.2145799994468689,0.04544353485107422,0.02051670104265213,-0.0078202486038208,0.03643091395497322,-0.06427863240242004,0.00671107042580843,-0.0005752345896326005,0.02818649634718895,0.06160829961299896,-0.004005493130534887,0.018120087683200836,-0.12722209095954895,-0.014686808921396732,0.0871671661734581,-0.00858320016413927,-0.03223468363285065,0.03376058489084244,0.019645990803837776,-0.14705882966518402,0.0036240178160369396,-0.07572289556264877,0.12340734153985977,-0.0005752345896326005,0.04506004601716995,0.013613885268568993,0.001526251551695168,-0.00024420025874860585,-0.00024420025874860585,-0.0003052503161597997,0.0,0.0,-0.008241758681833744,-0.0007326007471419871,-0.00024420025874860585,-0.0003052503161597997,0.0,0.0,0.0012210012646391988,-0.00024420025874860585,-0.00024420025874860585,-0.005494505632668734,-0.0025641026441007853,-0.00012210012937430292,0.006959707476198673,0.005494505632668734,-0.00036630037357099354,-0.003296703565865755,0.015262516215443611,-0.00012210012937430292,0.00012210012937430292,0.0028083028737455606,-0.001098901149816811,-0.00036630037357099354,0.024542124941945076,0.0006105006323195994,-0.006715507246553898,-0.0006105006323195994,0.3140402138233185,0.08343931287527084,-0.13483087718486786,0.18610525131225586,0.22684282064437866,0.07326164841651917,-0.01516520231962204,-0.1557205468416214,0.0020675272680819035,0.020786024630069733,-0.23252542316913605,0.130438432097435,0.12959443032741547,-0.036886461079120636,0.06125922128558159,-0.46075379848480225,-0.1641533374786377,-0.21879635751247406,0.6626559495925903,0.08000326156616211,0.8232800364494324,-0.37828078866004944,1.0417603254318237,0.23010851442813873,0.16924726963043213,0.13835078477859497,-0.02807675115764141,-0.774250328540802,3.4817330837249756,-0.10691234469413757,-0.35197705030441284,-251.0231475830078,50.0,50.0,0.03752380982041359,0.0,0.0,150.0,50.0,0.010233462788164616,0.0,0.0,150.0,50.0,-0.012999809347093105,0.0,0.0,50.0,50.0,0.019771452993154526,0.0,0.0,60.0,2.0,0.026946423575282097,0.0,0.0,60.0,2.0,0.007789121475070715,0.0,0.0,50.0,50.0,-0.0004472612636163831,0.0,0.0,150.0,50.0,-0.017553186044096947,0.0,0.0,150.0,50.0,0.0001564460399094969,0.0,0.0,50.0,50.0,0.0027865804731845856,0.0,0.0,60.0,2.0,-0.02772592566907406,0.0,0.0,60.0,2.0,0.011721680872142315,0.0,0.0,150.0,25.0,0.013989526778459549,0.0,0.0,150.0,25.0,-0.004449177999049425,0.0,0.0,150.0,25.0,0.006817401386797428,0.0,0.0,20.0,8.0,-0.05126795545220375,0.0,0.0,20.0,8.0,-0.020477022975683212,0.0,0.0,20.0,8.0,-0.02884509228169918,0.0,0.0,20.0,8.0,0.07390841096639633,0.0,0.0,10.0,1.0,0.01189916767179966,0.0,0.0,10.0,1.0,0.0854160487651825,0.0,0.0,10.0,1.0,-0.046117883175611496,0.0,0.0,20.0,8.0,0.11440786719322205,0.0,0.0,20.0,8.0,0.024520747363567352,0.0,0.0,20.0,8.0,0.0201374813914299,0.0,0.0,20.0,8.0,0.015230635181069374,0.0,0.0,10.0,1.0,-0.003977901302278042,0.0,0.0,10.0,1.0,-0.08526033908128738,0.0,0.0,10.0,1.0,0.21265922486782074,0.0,0.0,1.0,0.10000000149011612,-0.012889371253550053,0.0,0.0,1.0,0.10000000149011612,-0.04918205738067627,0.0,0.0,1.0,0.10000000149011612,0.0,0.0,0.0
1766995091.4861526,0.6527082920074463,0.012744025327265263,0.009408720768988132,0.050630681216716766,-0.04788724859360746,-0.05393015406573843,0.09441519528627396,-0.02818649634718895,0.025118578225374222,-0.01506828423589468,0.09822995215654373,-0.05359731614589691,0.21190966665744781,0.04506004601716995,0.02051670104265213,-0.0078202486038208,0.03643091395497322,-0.06427863240242004,0.00671107042580843,-0.0005752345896326005,0.02818649634718895,0.059319447726011276,-0.00476844422519207,0.01773861236870289,-0.12340734153985977,-0.013923857361078262,0.0871671661734581,-0.012779430486261845,-0.02689402550458908,0.03376058489084244,0.019645990803837776,-0.14629587531089783,0.0032425422687083483,-0.07610437273979187,0.1333257108926773,-0.0005752345896326005,0.034322332590818405,0.013613885268568993,-0.0003052503161597997,-0.00024420025874860585,-0.00024420025874860585,0.0003052503161597997,0.0,0.0,-0.007631258107721806,-0.0012210012646391988,-0.00024420025874860585,0.0003052503161597997,0.0,0.0,-0.00024420025874860585,-0.00024420025874860585,-0.00024420025874860585,-0.005738705862313509,-0.0020757021848112345,-0.0015873017255216837,0.008424908854067326,0.001098901149816811,-0.00036630037357099354,-0.005494505632668734,0.015018315985798836,-0.00012210012937430292,-0.00012210012937430292,0.0013431013794615865,-0.001098901149816811,-0.00036630037357099354,0.022344322875142097,0.0006105006323195994,-0.022588523104786873,-0.0006105006323195994,0.3176107704639435,0.08661855012178421,-0.11003358662128448,0.16735044121742249,0.22808116674423218,0.06592904031276703,-0.00378572940826416,-0.14857448637485504,0.001324197743088007,0.023586302995681763,-0.23467905819416046,0.09921519458293915,0.11841079592704773,-0.0376589372754097,0.05770416185259819,-0.43394458293914795,-0.17332255840301514,-0.24415196478366852,0.6255789995193481,0.10071748495101929,0.7229824662208557,-0.39035311341285706,0.9683763384819031,0.20754964649677277,0.17044860124588013,0.12891584634780884,-0.033669933676719666,-0.7216644883155823,2.6403400897979736,-0.10909880697727203,-0.4162890315055847,-251.04934692382812,50.0,50.0,0.03993269428610802,0.0,0.0,150.0,50.0,0.011499832384288311,0.0,0.0,150.0,50.0,-0.011478055268526077,0.0,0.0,50.0,50.0,0.01901671290397644,0.0,0.0,60.0,2.0,0.02850756049156189,0.0,0.0,60.0,2.0,0.007807564456015825,0.0,0.0,50.0,50.0,0.00035611120983958244,0.0,0.0,150.0,50.0,-0.017424318939447403,0.0,0.0,150.0,50.0,0.00033788025029934943,0.0,0.0,50.0,50.0,0.0032246392220258713,0.0,0.0,60.0,2.0,-0.029773613438010216,0.0,0.0,60.0,2.0,0.008666357956826687,0.0,0.0,150.0,25.0,0.013796540908515453,0.0,0.0,150.0,25.0,-0.004928826354444027,0.0,0.0,150.0,25.0,0.006585721857845783,0.0,0.0,20.0,8.0,-0.053201720118522644,0.0,0.0,20.0,8.0,-0.021543007344007492,0.0,0.0,20.0,8.0,-0.0330231711268425,0.0,0.0,20.0,8.0,0.07524838298559189,0.0,0.0,10.0,1.0,0.014461425133049488,0.0,0.0,10.0,1.0,0.07978035509586334,0.0,0.0,10.0,1.0,-0.049428541213274,0.0,0.0,20.0,8.0,0.11277368664741516,0.0,0.0,20.0,8.0,0.022224007174372673,0.0,0.0,20.0,8.0,0.02096998132765293,0.0,0.0,20.0,8.0,0.014903874136507511,0.0,0.0,10.0,1.0,-0.0032543763518333435,0.0,0.0,10.0,1.0,-0.08437652140855789,0.0,0.0,10.0,1.0,0.2249041199684143,0.0,0.0,1.0,0.10000000149011612,-0.013620649464428425,0.0,0.0,1.0,0.10000000149011612,-0.05458810552954674,0.0,0.0,1.0,0.10000000149011612,0.0,0.0,0.0
1766995091.5049691,0.6715247631072998,0.012744025327265263,0.013137145899236202,0.047967519611120224,-0.04718577735576973,-0.052924164254064494,0.09479667246341705,-0.027803005650639534,0.025118578225374222,-0.01506828423589468,0.09822995215654373,-0.05359731614589691,0.20962081849575043,0.04467655345797539,0.02051670104265213,-0.0078202486038208,0.03643091395497322,-0.06427863240242004,0.00671107042580843,-0.0005752345896326005,0.02818649634718895,0.05741206929087639,-0.005149920005351305,0.016594186425209045,-0.12111848592758179,-0.012779430486261845,0.086785688996315,-0.016975661739706993,-0.021553369238972664,0.03376058489084244,0.019645990803837776,-0.14629587531089783,0.002861066721379757,-0.07610437273979187,0.14362554252147675,-0.0005752345896326005,0.03125441446900368,0.013613885268568993,0.001526251551695168,0.00024420025874860585,-0.0007326007471419871,-0.0009157509775832295,0.0,0.0,-0.007020757533609867,-0.0012210012646391988,-0.0007326007471419871,0.0003052503161597997,0.0,0.0,-0.00024420025874860585,-0.00024420025874860585,-0.00024420025874860585,-0.004517704714089632,-0.001098901149816811,-0.004517704714089632,0.005738705862313509,0.0025641026441007853,-0.00036630037357099354,-0.013553114607930183,0.014529915526509285,-0.00012210012937430292,-0.00012210012937430292,0.0006105006323195994,-0.001831501955166459,-0.001098901149816811,0.02747252956032753,-0.0006105006323195994,-0.015262516215443611,-0.001831501955166459,0.3195977509021759,0.0920378789305687,-0.09186358749866486,0.15219855308532715,0.22815769910812378,0.06248714402318001,0.002850104123353958,-0.1394539773464203,0.0027041942812502384,0.02580811083316803,-0.2382904440164566,0.06936042010784149,0.1104193776845932,-0.039447419345378876,0.05270823463797569,-0.42579519748687744,-0.1724175214767456,-0.2642979919910431,0.6022436618804932,0.11574071645736694,0.6385149359703064,-0.3955968916416168,0.9025741219520569,0.1778678447008133,0.16783136129379272,0.1192818209528923,-0.026046110317111015,-0.6752999424934387,1.9875940084457397,-0.10901165008544922,-0.43689101934432983,-251.0292205810547,50.0,50.0,0.04102195054292679,0.0,0.0,150.0,50.0,0.012714916840195656,0.0,0.0,150.0,50.0,-0.009900415316224098,0.0,0.0,50.0,50.0,0.017756473273038864,0.0,0.0,60.0,2.0,0.029971564188599586,0.0,0.0,60.0,2.0,0.008241507224738598,0.0,0.0,50.0,50.0,0.0021347184665501118,0.0,0.0,150.0,50.0,-0.017020706087350845,0.0,0.0,150.0,50.0,-0.0001862004428403452,0.0,0.0,50.0,50.0,0.0041647059842944145,0.0,0.0,60.0,2.0,-0.03036760352551937,0.0,0.0,60.0,2.0,0.00575992651283741,0.0,0.0,150.0,25.0,0.013632875867187977,0.0,0.0,150.0,25.0,-0.00526199908927083,0.0,0.0,150.0,25.0,0.006540947128087282,0.0,0.0,20.0,8.0,-0.05300125479698181,0.0,0.0,20.0,8.0,-0.022139623761177063,0.0,0.0,20.0,8.0,-0.036184556782245636,0.0,0.0,20.0,8.0,0.07657698541879654,0.0,0.0,10.0,1.0,0.01672675833106041,0.0,0.0,10.0,1.0,0.07501952350139618,0.0,0.0,10.0,1.0,-0.0525299496948719,0.0,0.0,20.0,8.0,0.1101689487695694,0.0,0.0,20.0,8.0,0.02028650790452957,0.0,0.0,20.0,8.0,0.021793117746710777,0.0,0.0,20.0,8.0,0.015392256900668144,0.0,0.0,10.0,1.0,-0.0021598446182906628,0.0,0.0,10.0,1.0,-0.08286002278327942,0.0,0.0,10.0,1.0,0.18895499408245087,0.0,0.0,1.0,0.10000000149011612,-0.014752842485904694,0.0,0.0,1.0,0.10000000149011612,-0.061914388090372086,0.0,0.0,1.0,0.10000000149011612,0.0,0.0,0.0
1766995091.525572,0.6921277046203613,0.00848296843469143,0.015267674811184406,0.04530436173081398,-0.04703170878374533,-0.05203269315856019,0.09517814964056015,-0.027419516816735268,0.024735087528824806,-0.01506828423589468,0.09822995215654373,-0.05359731614589691,0.20542457699775696,0.04352608695626259,0.020133210346102715,-0.0078202486038208,0.037193864583969116,-0.06427863240242004,0.00671107042580843,-0.0005752345896326005,0.02818649634718895,0.0555046908557415,-0.007057297509163618,0.014686808921396732,-0.1180666834115982,-0.009727626107633114,0.0864042118191719,-0.02079041674733162,-0.016594186425209045,0.03376058489084244,0.019645990803837776,-0.14591439068317413,0.002861066721379757,-0.07610437273979187,0.1520180106163025,-0.0005752345896326005,0.023584619164466858,0.013613885268568993,0.001526251551695168,0.0012210012646391988,-0.002686202758923173,-0.0003052503161597997,0.0,0.0,-0.005189255345612764,-0.003663003910332918,-0.00024420025874860585,-0.0003052503161597997,0.0,0.0,-0.0007326007471419871,-0.00024420025874860585,-0.00024420025874860585,-0.003785104025155306,-0.004517704714089632,-0.005494505632668734,0.006959707476198673,0.008424908854067326,-0.00036630037357099354,-0.010622710920870304,0.011843712069094181,0.00012210012937430292,0.00012210012937430292,0.00012210012937430292,-0.001831501955166459,-0.001098901149816811,0.02380952425301075,0.0006105006323195994,-0.02014652080833912,0.0006105006323195994,0.31267049908638,0.09691346436738968,-0.0754612535238266,0.1353403627872467,0.22844412922859192,0.06281700730323792,0.016270887106657028,-0.12973231077194214,-0.0014192252419888973,0.03174351155757904,-0.231462761759758,0.04390232637524605,0.1039101779460907,-0.040107108652591705,0.04985528811812401,-0.40397709608078003,-0.1687488555908203,-0.2757997512817383,0.5836719870567322,0.12749183177947998,0.5718010067939758,-0.4003848135471344,0.8397109508514404,0.1546243578195572,0.16610777378082275,0.1173202320933342,-0.016462398692965508,-0.6315615177154541,1.4402204751968384,-0.11244659125804901,-0.47191327810287476,-251.00096130371094,50.0,50.0,0.042326465249061584,0.0,0.0,150.0,50.0,0.013704908080399036,0.0,0.0,150.0,50.0,-0.00867799948900938,0.0,0.0,50.0,50.0,0.01673213392496109,0.0,0.0,60.0,2.0,0.03151978924870491,0.0,0.0,60.0,2.0,0.008754316717386246,0.0,0.0,50.0,50.0,0.00402334239333868,0.0,0.0,150.0,50.0,-0.016196150332689285,0.0,0.0,150.0,50.0,-0.0010493149748072028,0.0,0.0,50.0,50.0,0.005532057024538517,0.0,0.0,60.0,2.0,-0.029727118089795113,0.0,0.0,60.0,2.0,0.0030396119691431522,0.0,0.0,150.0,25.0,0.013632631860673428,0.0,0.0,150.0,25.0,-0.005491822492331266,0.0,0.0,150.0,25.0,0.006290892604738474,0.0,0.0,20.0,8.0,-0.0553586483001709,0.0,0.0,20.0,8.0,-0.020617660135030746,0.0,0.0,20.0,8.0,-0.03800826147198677,0.0,0.0,20.0,8.0,0.07903201133012772,0.0,0.0,10.0,1.0,0.01942991465330124,0.0,0.0,10.0,1.0,0.07132358849048615,0.0,0.0,10.0,1.0,-0.05419502779841423,0.0,0.0,20.0,8.0,0.10948176681995392,0.0,0.0,20.0,8.0,0.017102746292948723,0.0,0.0,20.0,8.0,0.021851109340786934,0.0,0.0,20.0,8.0,0.016353493556380272,0.0,0.0,10.0,1.0,-0.0004583901318255812,0.0,0.0,10.0,1.0,-0.08058933913707733,0.0,0.0,10.0,1.0,0.14389298856258392,0.0,0.0,1.0,0.10000000149011612,-0.01581069827079773,0.0,0.0,1.0,0.10000000149011612,-0.06712570786476135,0.0,0.0,1.0,0.10000000149011612,0.0,0.0,0.0
1766995091.5455976,0.7121531963348389,0.009548232890665531,0.02086031064391136,0.04210856556892395,-0.04635961771506016,-0.050529409932173586,0.09708552807569504,-0.027036026120185852,0.023968107998371124,-0.01506828423589468,0.09822995215654373,-0.05359731614589691,0.20504310727119446,0.04237561672925949,0.020133210346102715,-0.007438773289322853,0.03757534176111221,-0.06427863240242004,0.00671107042580843,-0.0009587243548594415,0.02818649634718895,0.05397878959774971,-0.0078202486038208,0.013160906732082367,-0.11615930497646332,-0.00858320016413927,0.08602273464202881,-0.025749599561095238,-0.012779430486261845,0.03376058489084244,0.019645990803837776,-0.14591439068317413,0.0024795911740511656,-0.07610437273979187,0.16193637251853943,-0.0009587243548594415,0.007478049956262112,0.013613885268568993,0.006410256959497929,0.0017094018403440714,-0.002197802299633622,-0.0003052503161597997,0.0,0.0,-0.005189255345612764,-0.0031746034510433674,-0.00024420025874860585,0.0003052503161597997,0.0,0.0,-0.00024420025874860585,-0.00024420025874860585,-0.00024420025874860585,-0.004517704714089632,-0.003052503103390336,-0.003052503103390336,0.005006105173379183,0.004029304254800081,-0.001098901149816811,-0.010622710920870304,0.008424908854067326,-0.00012210012937430292,0.00012210012937430292,-0.00012210012937430292,-0.00036630037357099354,-0.001098901149816811,0.02380952425301075,-0.0006105006323195994,-0.033577535301446915,0.0006105006323195994,0.30642667412757874,0.09921805560588837,-0.06282524764537811,0.1211339607834816,0.22819067537784576,0.0633777529001236,0.029127389192581177,-0.11725365370512009,-0.007596620824187994,0.04004988074302673,-0.21521244943141937,0.02200557477772236,0.0986948013305664,-0.039758600294589996,0.045543547719717026,-0.4007744789123535,-0.14926362037658691,-0.2751646041870117,0.5721601843833923,0.14066481590270996,0.5163542628288269,-0.39235034584999084,0.7926042079925537,0.12381704151630402,0.15819329023361206,0.11839275807142258,-0.003318561241030693,-0.5834345817565918,1.0417276620864868,-0.11446313560009003,-0.48596328496932983,-251.03030395507812,50.0,50.0,0.04328608512878418,0.0,0.0,150.0,50.0,0.014844338409602642,0.0,0.0,150.0,50.0,-0.00690421462059021,0.0,0.0,50.0,50.0,0.015534545294940472,0.0,0.0,60.0,2.0,0.033307407051324844,0.0,0.0,60.0,2.0,0.009316879324615002,0.0,0.0,50.0,50.0,0.006644953042268753,0.0,0.0,150.0,50.0,-0.01555095985531807,0.0,0.0,150.0,50.0,-0.0018853965448215604,0.0,0.0,50.0,50.0,0.008087890222668648,0.0,0.0,60.0,2.0,-0.027317605912685394,0.0,0.0,60.0,2.0,-2.420612690912094e-05,0.0,0.0,150.0,25.0,0.013418166898190975,0.0,0.0,150.0,25.0,-0.005223043262958527,0.0,0.0,150.0,25.0,0.006414894014596939,0.0,0.0,20.0,8.0,-0.056358855217695236,0.0,0.0,20.0,8.0,-0.022166423499584198,0.0,0.0,20.0,8.0,-0.041304051876068115,0.0,0.0,20.0,8.0,0.08094318211078644,0.0,0.0,10.0,1.0,0.021536801010370255,0.0,0.0,10.0,1.0,0.06767645478248596,0.0,0.0,10.0,1.0,-0.05549640208482742,0.0,0.0,20.0,8.0,0.10777340829372406,0.0,0.0,20.0,8.0,0.01631378009915352,0.0,0.0,20.0,8.0,0.021971674636006355,0.0,0.0,20.0,8.0,0.018353015184402466,0.0,0.0,10.0,1.0,0.0017195104155689478,0.0,0.0,10.0,1.0,-0.0743512287735939,0.0,0.0,10.0,1.0,0.09108372032642365,0.0,0.0,1.0,0.10000000149011612,-0.016326896846294403,0.0,0.0,1.0,0.10000000149011612,-0.06552322953939438,0.0,0.0,1.0,0.10000000149011612,0.0,0.0,0.0
1766995091.5657535,0.732309103012085,0.006086123641580343,0.013936094008386135,0.0375811941921711,-0.045458676020409906,-0.04909031110444401,0.09937438368797302,-0.02626904658973217,0.023201128467917442,-0.01506828423589468,0.09822995215654373,-0.05359731614589691,0.2004653960466385,0.04160863533616066,0.020133210346102715,-0.0078202486038208,0.03833829239010811,-0.06427863240242004,0.00671107042580843,-0.0009587243548594415,0.02818649634718895,0.05130846053361893,-0.008964675478637218,0.01201647985726595,-0.11425192654132843,-0.005912871100008488,0.08525978773832321,-0.028038453310728073,-0.0078202486038208,0.03376058489084244,0.019645990803837776,-0.14591439068317413,0.0024795911740511656,-0.07610437273979187,0.1646067053079605,-0.0009587243548594415,0.004410131834447384,0.013613885268568993,0.0009157509775832295,0.0012210012646391988,-0.002686202758923173,-0.0009157509775832295,0.0,0.0,-0.006410256959497929,-0.002686202758923173,-0.00024420025874860585,-0.0003052503161597997,0.0,0.0,-0.00024420025874860585,-0.00024420025874860585,-0.00024420025874860585,-0.0020757021848112345,-0.003296703565865755,-0.0025641026441007853,0.003785104025155306,0.00036630037357099354,-0.001831501955166459,-0.009157509543001652,0.005494505632668734,-0.00012210012937430292,-0.00036630037357099354,0.00012210012937430292,-0.001098901149816811,-0.00036630037357099354,0.001098901149816811,-0.001831501955166459,-0.03235653415322304,-0.0006105006323195994,0.2985718846321106,0.10239092260599136,-0.04762279614806175,0.10715172439813614,0.22974255681037903,0.06426449120044708,0.0458345040678978,-0.107264943420887,-0.013004789128899574,0.05578736960887909,-0.18842704594135284,-0.00016696518287062645,0.09255370497703552,-0.03602667897939682,0.04424763843417168,-0.38874316215515137,-0.15289604663848877,-0.2849005460739136,0.5583170652389526,0.14855313301086426,0.46680790185928345,-0.3827942907810211,0.7433823347091675,0.11252661049365997,0.1515527367591858,0.1265925168991089,0.011860566213726997,-0.5128481388092041,0.6282628178596497,-0.11261707544326782,-0.45195573568344116,-251.065185546875,50.0,50.0,0.044817231595516205,0.0,0.0,150.0,50.0,0.0159611813724041,0.0,0.0,150.0,50.0,-0.004384682513773441,0.0,0.0,50.0,50.0,0.014774548821151257,0.0,0.0,60.0,2.0,0.03493044897913933,0.0,0.0,60.0,2.0,0.009109738282859325,0.0,0.0,50.0,50.0,0.009490856900811195,0.0,0.0,150.0,50.0,-0.01431956235319376,0.0,0.0,150.0,50.0,-0.0018687091069296002,0.0,0.0,50.0,50.0,0.009880812838673592,0.0,0.0,60.0,2.0,-0.025987448170781136,0.0,0.0,60.0,2.0,-0.003980874549597502,0.0,0.0,150.0,25.0,0.012622660025954247,0.0,0.0,150.0,25.0,-0.005507952533662319,0.0,0.0,150.0,25.0,0.005647539626806974,0.0,0.0,20.0,8.0,-0.056483641266822815,0.0,0.0,20.0,8.0,-0.02122322842478752,0.0,0.0,20.0,8.0,-0.04332737252116203,0.0,0.0,20.0,8.0,0.08149846643209457,0.0,0.0,10.0,1.0,0.02373664826154709,0.0,0.0,10.0,1.0,0.0628323182463646,0.0,0.0,10.0,1.0,-0.05683737248182297,0.0,0.0,20.0,8.0,0.1023099422454834,0.0,0.0,20.0,8.0,0.012065928429365158,0.0,0.0,20.0,8.0,0.021948229521512985,0.0,0.0,20.0,8.0,0.019821319729089737,0.0,0.0,10.0,1.0,0.0040294695645570755,0.0,0.0,10.0,1.0,-0.062225669622421265,0.0,0.0,10.0,1.0,0.028506681323051453,0.0,0.0,1.0,0.10000000149011612,-0.017661690711975098,0.0,0.0,1.0,0.10000000149011612,-0.0698234960436821,0.0,0.0,1.0,0.10000000149011612,0.0,0.0,0.0
1766995091.5860276,0.7525832653045654,0.010347180999815464,0.02006136253476143,0.039445407688617706,-0.044933709101292615,-0.04761880751414907,0.09899290651082993,-0.025885557755827904,0.022050660103559494,-0.01506828423589468,0.09822995215654373,-0.05359731614589691,0.200083926320076,0.04045816883444786,0.020133210346102715,-0.0078202486038208,0.038719769567251205,-0.06427863240242004,0.00671107042580843,-0.0009587243548594415,0.02818649634718895,0.05130846053361893,-0.009727626107633114,0.010490577667951584,-0.11234454810619354,-0.0036240178160369396,0.08487831056118011,-0.03032730519771576,-0.007057297509163618,0.03376058489084244,0.019645990803837776,-0.14591439068317413,0.0024795911740511656,-0.07572289556264877,0.16231784224510193,-0.0009587243548594415,-0.0021091934759169817,0.013613885268568993,-0.0009157509775832295,0.00024420025874860585,-0.002686202758923173,-0.0009157509775832295,0.0,0.0,-0.006410256959497929,-0.002686202758923173,-0.00024420025874860585,-0.0003052503161597997,0.0,0.0,-0.00024420025874860585,-0.0007326007471419871,-0.00024420025874860585,-0.001831501955166459,-0.0020757021848112345,-0.004761904943734407,0.004273504484444857,0.007692308165132999,-0.001831501955166459,-0.0025641026441007853,0.005738705862313509,-0.00012210012937430292,-0.00012210012937430292,-0.00012210012937430292,-0.00036630037357099354,-0.00036630037357099354,-0.008424908854067326,-0.001831501955166459,-0.0006105006323195994,-0.0006105006323195994,0.29494988918304443,0.10504326969385147,-0.028856348246335983,0.0972338393330574,0.22988326847553253,0.0599527470767498,0.06246095895767212,-0.0942394956946373,-0.01229829527437687,0.06502732634544373,-0.17102785408496857,-0.026198817417025566,0.08307188749313354,-0.03624878078699112,0.03716742619872093,-0.3717285394668579,-0.13967370986938477,-0.2851448655128479,0.5363553762435913,0.15621495246887207,0.413510262966156,-0.37405648827552795,0.6733192801475525,0.0794079452753067,0.14444506168365479,0.13044750690460205,0.026518629863858223,-0.4095177948474884,0.18760736286640167,-0.11623461544513702,-0.4595203995704651,-251.09194946289062,50.0,50.0,0.047177646309137344,0.0,0.0,150.0,50.0,0.017354775220155716,0.0,0.0,150.0,50.0,-0.001399339991621673,0.0,0.0,50.0,50.0,0.013511355966329575,0.0,0.0,60.0,2.0,0.03682428225874901,0.0,0.0,60.0,2.0,0.009277315810322762,0.0,0.0,50.0,50.0,0.011872910894453526,0.0,0.0,150.0,50.0,-0.01354845892637968,0.0,0.0,150.0,50.0,-0.003050789935514331,0.0,0.0,50.0,50.0,0.012885147705674171,0.0,0.0,60.0,2.0,-0.023860936984419823,0.0,0.0,60.0,2.0,-0.009155187755823135,0.0,0.0,150.0,25.0,0.011615259572863579,0.0,0.0,150.0,25.0,-0.005762908607721329,0.0,0.0,150.0,25.0,0.0051276795566082,0.0,0.0,20.0,8.0,-0.05800639092922211,0.0,0.0,20.0,8.0,-0.02187129482626915,0.0,0.0,20.0,8.0,-0.045029863715171814,0.0,0.0,20.0,8.0,0.08132245391607285,0.0,0.0,10.0,1.0,0.02636146731674671,0.0,0.0,10.0,1.0,0.057221461087465286,0.0,0.0,10.0,1.0,-0.05693899840116501,0.0,0.0,20.0,8.0,0.09907601773738861,0.0,0.0,20.0,8.0,0.008755038492381573,0.0,0.0,20.0,8.0,0.02178855985403061,0.0,0.0,20.0,8.0,0.024688109755516052,0.0,0.0,10.0,1.0,0.008458481170237064,0.0,0.0,10.0,1.0,-0.04453272372484207,0.0,0.0,10.0,1.0,-0.036465007811784744,0.0,0.0,1.0,0.10000000149011612,-0.0190123338252306,0.0,0.0,1.0,0.10000000149011612,-0.07474160194396973,0.0,0.0,1.0,0.10000000149011612,0.0,0.0,0.0
1766995091.6063838,0.7729394435882568,0.009814548306167126,0.01633293740451336,0.03172224014997482,-0.04390810088506049,-0.04608264113487898,0.09937438368797302,-0.025885557755827904,0.021283680573105812,-0.01506828423589468,0.09822995215654373,-0.05359731614589691,0.1977950781583786,0.03930769860744476,0.020133210346102715,-0.007438773289322853,0.038719769567251205,-0.06427863240242004,0.00671107042580843,-0.0013422140618786216,0.02818649634718895,0.05054550990462303,-0.010872052982449532,0.0078202486038208,-0.11005569249391556,-0.001716639962978661,0.08411535620689392,-0.03376058489084244,-0.00476844422519207,0.03376058489084244,0.019645990803837776,-0.14591439068317413,0.002861066721379757,-0.07572289556264877,0.14820325374603271,-0.0009587243548594415,-0.0024926832411438227,0.013613885268568993,-0.0003052503161597997,-0.00024420025874860585,-0.002686202758923173,-0.0003052503161597997,0.0,0.0,-0.005799755919724703,-0.002686202758923173,-0.00024420025874860585,0.0003052503161597997,0.0,0.0,-0.00024420025874860585,-0.00024420025874860585,-0.00024420025874860585,-0.0013431013794615865,-0.003052503103390336,-0.0064713070169091225,0.004029304254800081,0.001831501955166459,-0.0025641026441007853,-0.004029304254800081,0.005738705862313509,-0.00012210012937430292,-0.00012210012937430292,0.00012210012937430292,0.00036630037357099354,-0.00036630037357099354,-0.03333333507180214,-0.0006105006323195994,-0.001831501955166459,-0.0006105006323195994,0.296615868806839,0.10911314934492111,-0.008797947317361832,0.08494875580072403,0.2315220683813095,0.058328449726104736,0.07464750856161118,-0.08518203347921371,-0.019180962815880775,0.08101165294647217,-0.15001876652240753,-0.05756060406565666,0.0730275958776474,-0.03623262792825699,0.032238807529211044,-0.36469846963882446,-0.13750946521759033,-0.2831122875213623,0.51129150390625,0.16574013233184814,0.3597634434700012,-0.35798755288124084,0.6229119300842285,0.05504478141665459,0.1369892954826355,0.15521937608718872,0.0531802624464035,-0.2799866795539856,-0.22926323115825653,-0.11953457444906235,-0.46991628408432007,-250.94259643554688,50.0,50.0,0.04813231900334358,0.0,0.0,150.0,50.0,0.01895028166472912,0.0,0.0,150.0,50.0,0.0012863560114055872,0.0,0.0,50.0,50.0,0.011798292398452759,0.0,0.0,60.0,2.0,0.038429129868745804,0.0,0.0,60.0,2.0,0.00935471523553133,0.0,0.0,50.0,50.0,0.01468645129352808,0.0,0.0,150.0,50.0,-0.012799517251551151,0.0,0.0,150.0,50.0,-0.00400170125067234,0.0,0.0,50.0,50.0,0.01618790440261364,0.0,0.0,60.0,2.0,-0.02161269076168537,0.0,0.0,60.0,2.0,-0.014519087970256805,0.0,0.0,150.0,25.0,0.010559672489762306,0.0,0.0,150.0,25.0,-0.00588406203314662,0.0,0.0,150.0,25.0,0.0049775210209190845,0.0,0.0,20.0,8.0,-0.05826815962791443,0.0,0.0,20.0,8.0,-0.021203333511948586,0.0,0.0,20.0,8.0,-0.04605690762400627,0.0,0.0,20.0,8.0,0.08043653517961502,0.0,0.0,10.0,1.0,0.02849934808909893,0.0,0.0,10.0,1.0,0.05069814622402191,0.0,0.0,10.0,1.0,-0.057128775864839554,0.0,0.0,20.0,8.0,0.09444984048604965,0.0,0.0,20.0,8.0,0.005556948017328978,0.0,0.0,20.0,8.0,0.021630248054862022,0.0,0.0,20.0,8.0,0.028928441926836967,0.0,0.0,10.0,1.0,0.01311525423079729,0.0,0.0,10.0,1.0,-0.023087389767169952,0.0,0.0,10.0,1.0,-0.08699709177017212,0.0,0.0,1.0,0.10000000149011612,-0.020807597786188126,0.0,0.0,1.0,0.10000000149011612,-0.08200205862522125,0.0,0.0,1.0,0.10000000149011612,0.0,0.0,0.0
1766995091.6252854,0.7918410301208496,0.005819807760417461,0.02458873577415943,0.030390659347176552,-0.04277859573765824,-0.04344642415393306,0.09975585341453552,-0.025885557755827904,0.020133210346102715,-0.01506828423589468,0.09861142933368683,-0.05359731614589691,0.19474326074123383,0.0389242097735405,0.020133210346102715,-0.007438773289322853,0.038719769567251205,-0.06427863240242004,0.00671107042580843,-0.0013422140618786216,0.02818649634718895,0.050164032727479935,-0.011635004542768002,0.005912871100008488,-0.10852979123592377,0.000572213320992887,0.08220797777175903,-0.03528648987412453,-0.0032425422687083483,0.03376058489084244,0.019645990803837776,-0.14591439068317413,0.002861066721379757,-0.07419699430465698,0.12569619715213776,-0.0009587243548594415,-0.004026642069220543,0.013613885268568993,0.0009157509775832295,-0.00024420025874860585,-0.002686202758923173,-0.0003052503161597997,0.0,0.0,-0.008241758681833744,-0.0017094018403440714,-0.00024420025874860585,-0.0009157509775832295,0.0,0.0,-0.00024420025874860585,-0.00024420025874860585,-0.00024420025874860585,-0.001098901149816811,-0.00231990241445601,-0.005006105173379183,0.004029304254800081,0.00622710632160306,-0.00622710632160306,-0.005494505632668734,0.0028083028737455606,-0.00036630037357099354,-0.00012210012937430292,-0.00012210012937430292,0.00036630037357099354,0.003296703565865755,-0.06190476566553116,-0.0006105006323195994,-0.007936508394777775,0.0006105006323195994,0.28950920701026917,0.11398331075906754,0.007737252861261368,0.07096508890390396,0.23114587366580963,0.05626731365919113,0.08833696693181992,-0.07698731869459152,-0.02406967617571354,0.09736800193786621,-0.12999732792377472,-0.08733029663562775,0.06351496279239655,-0.03539181500673294,0.02993909642100334,-0.35047489404678345,-0.12753510475158691,-0.27702590823173523,0.4838145971298218,0.17141962051391602,0.3049423098564148,-0.3436216413974762,0.5681026577949524,0.033424269407987595,0.13010293245315552,0.1740005612373352,0.07888643443584442,-0.13886743783950806,-0.5232754349708557,-0.12515480816364288,-0.49323099851608276,-250.84490966796875,50.0,50.0,0.04984934628009796,0.0,0.0,150.0,50.0,0.02075970731675625,0.0,0.0,150.0,50.0,0.0037313855718821287,0.0,0.0,50.0,50.0,0.010302036069333553,0.0,0.0,60.0,2.0,0.040408845990896225,0.0,0.0,60.0,2.0,0.00946988258510828,0.0,0.0,50.0,50.0,0.017781054601073265,0.0,0.0,150.0,50.0,-0.012052667327225208,0.0,0.0,150.0,50.0,-0.0046921586617827415,0.0,0.0,50.0,50.0,0.019666343927383423,0.0,0.0,60.0,2.0,-0.017528222873806953,0.0,0.0,60.0,2.0,-0.019081372767686844,0.0,0.0,150.0,25.0,0.009740397334098816,0.0,0.0,150.0,25.0,-0.005544599145650864,0.0,0.0,150.0,25.0,0.0047415150329470634,0.0,0.0,20.0,8.0,-0.05843581631779671,0.0,0.0,20.0,8.0,-0.02258971706032753,0.0,0.0,20.0,8.0,-0.04737873747944832,0.0,0.0,20.0,8.0,0.07867716252803802,0.0,0.0,10.0,1.0,0.031348783522844315,0.0,0.0,10.0,1.0,0.04536516219377518,0.0,0.0,10.0,1.0,-0.05787121132016182,0.0,0.0,20.0,8.0,0.0928478091955185,0.0,0.0,20.0,8.0,0.003770973300561309,0.0,0.0,20.0,8.0,0.022026939317584038,0.0,0.0,20.0,8.0,0.032656230032444,0.0,0.0,10.0,1.0,0.01711362786591053,0.0,0.0,10.0,1.0,-0.0020675433333963156,0.0,0.0,10.0,1.0,-0.1224847063422203,0.0,0.0,1.0,0.10000000149011612,-0.022605152800679207,0.0,0.0,1.0,0.10000000149011612,-0.08748366683721542,0.0,0.0,1.0,0.10000000149011612,0.0,0.0,0.0
1766995091.6453226,0.8118782043457031,0.007417704444378614,0.014735042117536068,0.025596968829631805,-0.04152283534454055,-0.04121997619029001,0.10090028494596481,-0.025885557755827904,0.018982741981744766,-0.01506828423589468,0.09861142933368683,-0.05359731614589691,0.19283588230609894,0.03854071721434593,0.020133210346102715,-0.007438773289322853,0.038719769567251205,-0.06427863240242004,0.00671107042580843,-0.0013422140618786216,0.02818649634718895,0.049782559275627136,-0.011635004542768002,0.0036240178160369396,-0.10700388997793198,0.001716639962978661,0.08068207651376724,-0.037193864583969116,-0.0020981156267225742,0.03376058489084244,0.019645990803837776,-0.14553292095661163,0.002861066721379757,-0.06961929053068161,0.1039520874619484,-0.0009587243548594415,-0.012846906669437885,0.013613885268568993,0.004578754771500826,-0.00024420025874860585,-0.004151404369622469,-0.0003052503161597997,0.0,0.0,-0.003968254197388887,-0.0007326007471419871,-0.00024420025874860585,0.0003052503161597997,0.0,0.0,-0.00024420025874860585,-0.00024420025874860585,-0.00024420025874860585,-0.0006105006323195994,-0.00036630037357099354,-0.005250305403023958,0.004273504484444857,0.0025641026441007853,-0.004029304254800081,-0.004761904943734407,0.0028083028737455606,-0.00012210012937430292,0.00012210012937430292,0.001098901149816811,-0.00036630037357099354,0.009890110231935978,-0.07289377599954605,0.0006105006323195994,-0.022588523104786873,-0.0006105006323195994,0.28813567757606506,0.11999379843473434,0.021567892283201218,0.05954710394144058,0.23356837034225464,0.0547371469438076,0.10277680307626724,-0.06966597586870193,-0.0271212849766016,0.11367401480674744,-0.10131540149450302,-0.11029280722141266,0.05630075931549072,-0.03204850107431412,0.027406569570302963,-0.3377665877342224,-0.13057148456573486,-0.2738552391529083,0.454764187335968,0.1812000274658203,0.2622165083885193,-0.33450308442115784,0.5366723537445068,0.021796714514493942,0.12731856107711792,0.18875724077224731,0.09891898930072784,-0.011950667947530746,-0.7079774737358093,-0.13066071271896362,-0.5056669116020203,-250.78868103027344,50.0,50.0,0.050112124532461166,0.0,0.0,150.0,50.0,0.022327693179249763,0.0,0.0,150.0,50.0,0.005553905852138996,0.0,0.0,50.0,50.0,0.008838709443807602,0.0,0.0,60.0,2.0,0.04298628121614456,0.0,0.0,60.0,2.0,0.00966277252882719,0.0,0.0,50.0,50.0,0.01972728595137596,0.0,0.0,150.0,50.0,-0.010789379477500916,0.0,0.0,150.0,50.0,-0.005181849934160709,0.0,0.0,50.0,50.0,0.023402469232678413,0.0,0.0,60.0,2.0,-0.01393745094537735,0.0,0.0,60.0,2.0,-0.02335846796631813,0.0,0.0,150.0,25.0,0.008958683349192142,0.0,0.0,150.0,25.0,-0.005401126109063625,0.0,0.0,150.0,25.0,0.0053176493383944035,0.0,0.0,20.0,8.0,-0.06050547584891319,0.0,0.0,20.0,8.0,-0.02367589622735977,0.0,0.0,20.0,8.0,-0.04838957637548447,0.0,0.0,20.0,8.0,0.07793253660202026,0.0,0.0,10.0,1.0,0.03330599516630173,0.0,0.0,10.0,1.0,0.041388172656297684,0.0,0.0,10.0,1.0,-0.05777525529265404,0.0,0.0,20.0,8.0,0.09027941524982452,0.0,0.0,20.0,8.0,0.0003306893922854215,0.0,0.0,20.0,8.0,0.022261952981352806,0.0,0.0,20.0,8.0,0.03516564518213272,0.0,0.0,10.0,1.0,0.020393313840031624,0.0,0.0,10.0,1.0,0.01564071886241436,0.0,0.0,10.0,1.0,-0.14806191623210907,0.0,0.0,1.0,0.10000000149011612,-0.023716913536190987,0.0,0.0,1.0,0.10000000149011612,-0.08742018043994904,0.0,0.0,1.0,0.10000000149011612,0.0,0.0,0.0
1766995091.666204,0.8327596187591553,0.010080864652991295,0.024855053052306175,0.022401176393032074,-0.04104493266607308,-0.03863552951388256,0.1039520874619484,-0.025885557755827904,0.017448782920837402,-0.014686808921396732,0.09937438368797302,-0.05359731614589691,0.19016556441783905,0.038157228380441666,0.020133210346102715,-0.007438773289322853,0.038719769567251205,-0.06466010212898254,0.00671107042580843,-0.0013422140618786216,0.02818649634718895,0.049782559275627136,-0.011635004542768002,0.0009536888683214784,-0.10433356463909149,0.005149920005351305,0.07763027399778366,-0.038719769567251205,-0.001716639962978661,0.03376058489084244,0.019645990803837776,-0.14476996660232544,0.0032425422687083483,-0.06389715522527695,0.07267109304666519,-0.0009587243548594415,-0.013230396434664726,0.013613885268568993,0.007020757533609867,-0.00024420025874860585,-0.005616605747491121,-0.0003052503161597997,0.0,0.0,-0.007020757533609867,-0.0017094018403440714,-0.00024420025874860585,0.0003052503161597997,0.0,0.0,-0.00024420025874860585,-0.00024420025874860585,-0.00024420025874860585,-0.00012210012937430292,-0.00036630037357099354,-0.0064713070169091225,0.005250305403023958,0.005494505632668734,-0.003296703565865755,-0.005494505632668734,0.00036630037357099354,-0.00012210012937430292,-0.00012210012937430292,0.0008547009201720357,0.00036630037357099354,0.018681319430470467,-0.08095238357782364,-0.0006105006323195994,-0.001831501955166459,-0.001831501955166459,0.27804574370384216,0.12388459593057632,0.030815694481134415,0.04904133826494217,0.2385081946849823,0.05361362546682358,0.10945630818605423,-0.059864576905965805,-0.028751352801918983,0.1298479586839676,-0.07733156532049179,-0.1296038180589676,0.04970701038837433,-0.029968000948429108,0.02950483188033104,-0.3357129693031311,-0.13136506080627441,-0.26848822832107544,0.43240654468536377,0.18479740619659424,0.2296411395072937,-0.3205644190311432,0.5009128451347351,0.001834820955991745,0.12351983785629272,0.19511562585830688,0.11315174400806427,0.08678209781646729,-0.8215174674987793,-0.13159264624118805,-0.48504847288131714,-250.74948120117188,50.0,50.0,0.0516049824655056,0.0,0.0,150.0,50.0,0.023623524233698845,0.0,0.0,150.0,50.0,0.007941827178001404,0.0,0.0,50.0,50.0,0.0076874420046806335,0.0,0.0,60.0,2.0,0.046921685338020325,0.0,0.0,60.0,2.0,0.009834609925746918,0.0,0.0,50.0,50.0,0.0233863964676857,0.0,0.0,150.0,50.0,-0.008318700827658176,0.0,0.0,150.0,50.0,-0.00579072954133153,0.0,0.0,50.0,50.0,0.02719651162624359,0.0,0.0,60.0,2.0,-0.00855635292828083,0.0,0.0,60.0,2.0,-0.0259401835501194,0.0,0.0,150.0,25.0,0.008609128184616566,0.0,0.0,150.0,25.0,-0.005223946180194616,0.0,0.0,150.0,25.0,0.005331068299710751,0.0,0.0,20.0,8.0,-0.061894748359918594,0.0,0.0,20.0,8.0,-0.024633366614580154,0.0,0.0,20.0,8.0,-0.048816487193107605,0.0,0.0,20.0,8.0,0.07720611244440079,0.0,0.0,10.0,1.0,0.0353487953543663,0.0,0.0,10.0,1.0,0.039705365896224976,0.0,0.0,10.0,1.0,-0.057213764637708664,0.0,0.0,20.0,8.0,0.09130792319774628,0.0,0.0,20.0,8.0,-0.0006788946338929236,0.0,0.0,20.0,8.0,0.023037318140268326,0.0,0.0,20.0,8.0,0.03869128227233887,0.0,0.0,10.0,1.0,0.02158125676214695,0.0,0.0,10.0,1.0,0.03127428516745567,0.0,0.0,10.0,1.0,-0.16431549191474915,0.0,0.0,1.0,0.10000000149011612,-0.0251571424305439,0.0,0.0,1.0,0.10000000149011612,-0.09055295586585999,0.0,0.0,1.0,0.10000000149011612,0.0,0.0,0.0
1766995091.685971,0.8525266647338867,0.007417704444378614,0.017930833622813225,0.019205383956432343,-0.0397920467467758,-0.03640298208554304,0.10547798871994019,-0.025502067059278488,0.014764354564249516,-0.014686808921396732,0.09937438368797302,-0.053215838968753815,0.18787670135498047,0.0377737395465374,0.020133210346102715,-0.007057297509163618,0.038719769567251205,-0.06466010212898254,0.00671107042580843,-0.0013422140618786216,0.02818649634718895,0.049782559275627136,-0.011635004542768002,-0.000572213320992887,-0.1035706102848053,0.005912871100008488,0.07572289556264877,-0.04139009863138199,-0.0013351644156500697,0.03376058489084244,0.019645990803837776,-0.14438849687576294,0.004005493130534887,-0.0551232174038887,0.0394827201962471,-0.0009587243548594415,-0.013613885268568993,0.013613885268568993,0.0021367522422224283,0.00024420025874860585,-0.008058608509600163,0.0003052503161597997,0.0,0.0,-0.005799755919724703,-0.0007326007471419871,-0.00024420025874860585,0.0003052503161597997,0.0,0.0,-0.00024420025874860585,-0.00024420025874860585,-0.00024420025874860585,-0.00012210012937430292,-0.00012210012937430292,-0.005250305403023958,0.0013431013794615865,0.003296703565865755,-0.007692308165132999,-0.009890110231935978,0.00012210012937430292,0.00012210012937430292,-0.00012210012937430292,0.0013431013794615865,0.00036630037357099354,0.02527472749352455,-0.08681318908929825,-0.001831501955166459,-0.003052503103390336,-0.001831501955166459,0.2747660279273987,0.12578129768371582,0.04228553548455238,0.040931083261966705,0.2498302310705185,0.05236348509788513,0.1245187297463417,-0.04429216310381889,-0.030832210555672646,0.14480534195899963,-0.045557521283626556,-0.13811613619327545,0.04583851993083954,-0.02781442552804947,0.02838478609919548,-0.32955294847488403,-0.13115811347961426,-0.2599189281463623,0.4110769033432007,0.18821144104003906,0.2114076018333435,-0.30462947487831116,0.4861607253551483,-0.003614712506532669,0.12266010046005249,0.2060081958770752,0.11490742862224579,0.16651707887649536,-0.8748828768730164,-0.13394691050052643,-0.4821409583091736,-250.77029418945312,50.0,50.0,0.05246801674365997,0.0,0.0,150.0,50.0,0.02518133446574211,0.0,0.0,150.0,50.0,0.009224615059792995,0.0,0.0,50.0,50.0,0.006863818503916264,0.0,0.0,60.0,2.0,0.05006617680191994,0.0,0.0,60.0,2.0,0.00961235910654068,0.0,0.0,50.0,50.0,0.026155635714530945,0.0,0.0,150.0,50.0,-0.006406149826943874,0.0,0.0,150.0,50.0,-0.005997700151056051,0.0,0.0,50.0,50.0,0.031084751710295677,0.0,0.0,60.0,2.0,-0.005244611296802759,0.0,0.0,60.0,2.0,-0.029124217107892036,0.0,0.0,150.0,25.0,0.007590632885694504,0.0,0.0,150.0,25.0,-0.005465724505484104,0.0,0.0,150.0,25.0,0.00558885233476758,0.0,0.0,20.0,8.0,-0.06160196661949158,0.0,0.0,20.0,8.0,-0.024463551118969917,0.0,0.0,20.0,8.0,-0.04869961366057396,0.0,0.0,20.0,8.0,0.0777609646320343,0.0,0.0,10.0,1.0,0.036967042833566666,0.0,0.0,10.0,1.0,0.040112219750881195,0.0,0.0,10.0,1.0,-0.05726407840847969,0.0,0.0,20.0,8.0,0.08991774916648865,0.0,0.0,20.0,8.0,-0.004358712583780289,0.0,0.0,20.0,8.0,0.023467523977160454,0.0,0.0,20.0,8.0,0.04018595814704895,0.0,0.0,10.0,1.0,0.0223559383302927,0.0,0.0,10.0,1.0,0.04295533895492554,0.0,0.0,10.0,1.0,-0.17525942623615265,0.0,0.0,1.0,0.10000000149011612,-0.02626161463558674,0.0,0.0,1.0,0.10000000149011612,-0.09373742341995239,0.0,0.0,1.0,0.10000000149011612,0.0,0.0,0.0
1766995091.706032,0.8725876808166504,0.009015600197017193,0.02325715683400631,0.012014850042760372,-0.038360134832304785,-0.034015352697908306,0.10738536715507507,-0.025118578225374222,0.011696437373757362,-0.014686808921396732,0.10051880776882172,-0.053215838968753815,0.1848248988389969,0.03739025071263313,0.020133210346102715,-0.007057297509163618,0.03833829239010811,-0.06504157930612564,0.006327580660581589,-0.0013422140618786216,0.02818649634718895,0.049782559275627136,-0.011635004542768002,-0.002861066721379757,-0.1031891331076622,0.00858320016413927,0.07305257022380829,-0.042153049260377884,-0.0013351644156500697,0.03376058489084244,0.019645990803837776,-0.14362554252147675,0.00476844422519207,-0.043678950518369675,0.0078202486038208,-0.0009587243548594415,-0.014764354564249516,0.013613885268568993,0.003357753623276949,0.0012210012646391988,-0.007081807591021061,-0.0003052503161597997,0.0,0.0,-0.006410256959497929,-0.0017094018403440714,-0.00024420025874860585,0.0003052503161597997,0.0,0.0,-0.00024420025874860585,-0.00024420025874860585,-0.00024420025874860585,-0.00012210012937430292,-0.00012210012937430292,-0.005738705862313509,0.0025641026441007853,0.006959707476198673,-0.005494505632668734,-0.004029304254800081,-0.00036630037357099354,-0.00036630037357099354,-0.00012210012937430292,0.001831501955166459,0.001831501955166459,0.026007328182458878,-0.07582417875528336,-0.0006105006323195994,-0.004273504484444857,0.0006105006323195994,0.2690224349498749,0.12911377847194672,0.04729792848229408,0.035193271934986115,0.2567073404788971,0.04928603023290634,0.13410937786102295,-0.032846640795469284,-0.03075237013399601,0.15938273072242737,-0.026891013607382774,-0.14933036267757416,0.03891991078853607,-0.028024740517139435,0.028656061738729477,-0.3158555030822754,-0.12543344497680664,-0.24970047175884247,0.3987085223197937,0.18954336643218994,0.2056698203086853,-0.29361358284950256,0.4610407054424286,-0.022348690778017044,0.1203264594078064,0.2060478925704956,0.11462695896625519,0.22024750709533691,-0.8986182808876038,-0.1346527636051178,-0.48062556982040405,-250.70840454101562,50.0,50.0,0.05259152874350548,0.0,0.0,150.0,50.0,0.02591644413769245,0.0,0.0,150.0,50.0,0.010698988102376461,0.0,0.0,50.0,50.0,0.005940220784395933,0.0,0.0,60.0,2.0,0.054124023765325546,0.0,0.0,60.0,2.0,0.008791265077888966,0.0,0.0,50.0,50.0,0.030159518122673035,0.0,0.0,150.0,50.0,-0.004232306964695454,0.0,0.0,150.0,50.0,-0.006750097963958979,0.0,0.0,50.0,50.0,0.03454184532165527,0.0,0.0,60.0,2.0,-0.001739372150041163,0.0,0.0,60.0,2.0,-0.031126677989959717,0.0,0.0,150.0,25.0,0.007094534579664469,0.0,0.0,150.0,25.0,-0.005313223693519831,0.0,0.0,150.0,25.0,0.005860471166670322,0.0,0.0,20.0,8.0,-0.06051819398999214,0.0,0.0,20.0,8.0,-0.024902261793613434,0.0,0.0,20.0,8.0,-0.04860066995024681,0.0,0.0,20.0,8.0,0.07776256650686264,0.0,0.0,10.0,1.0,0.03833986073732376,0.0,0.0,10.0,1.0,0.040682245045900345,0.0,0.0,10.0,1.0,-0.05597103759646416,0.0,0.0,20.0,8.0,0.0908006951212883,0.0,0.0,20.0,8.0,-0.006038698833435774,0.0,0.0,20.0,8.0,0.024339726194739342,0.0,0.0,20.0,8.0,0.04257787764072418,0.0,0.0,10.0,1.0,0.02247111313045025,0.0,0.0,10.0,1.0,0.051689911633729935,0.0,0.0,10.0,1.0,-0.1823999583721161,0.0,0.0,1.0,0.10000000149011612,-0.027148110792040825,0.0,0.0,1.0,0.10000000149011612,-0.09448444843292236,0.0,0.0,1.0,0.10000000149011612,0.0,0.0,0.0
1766995091.7258127,0.8923683166503906,0.00848296843469143,0.021659258753061295,0.014678011648356915,-0.0365596324410962,-0.032001801535634394,0.10891126841306686,-0.024735087528824806,0.009012009017169476,-0.014686808921396732,0.1031891331076622,-0.05283436179161072,0.1810101419687271,0.03700675815343857,0.020133210346102715,-0.007057297509163618,0.03833829239010811,-0.06504157930612564,0.006327580660581589,-0.0013422140618786216,0.02818649634718895,0.049782559275627136,-0.011635004542768002,-0.005531395319849253,-0.10204470902681351,0.010109102353453636,0.06809338182210922,-0.04406042397022247,-0.0013351644156500697,0.03376058489084244,0.019645990803837776,-0.14248111844062805,0.005531395319849253,-0.03299763426184654,-0.020027466118335724,-0.0013422140618786216,-0.02051670104265213,0.013613885268568993,0.005189255345612764,0.00024420025874860585,-0.00659340713173151,-0.0003052503161597997,0.0,0.0,-0.007631258107721806,-0.0007326007471419871,-0.00024420025874860585,0.0003052503161597997,0.0,0.0,-0.0007326007471419871,-0.00024420025874860585,-0.00024420025874860585,-0.00012210012937430292,-0.00012210012937430292,-0.007448107935488224,0.0015873017255216837,0.004761904943734407,-0.010622710920870304,-0.004029304254800081,-0.00012210012937430292,0.00012210012937430292,-0.00012210012937430292,0.00231990241445601,0.001098901149816811,0.026007328182458878,-0.06703297048807144,-0.001831501955166459,-0.015262516215443611,-0.001831501955166459,0.2598150372505188,0.1280335783958435,0.05285562202334404,0.029346145689487457,0.26738592982292175,0.04343100264668465,0.14899539947509766,-0.02090863324701786,-0.03334713727235794,0.17064517736434937,-0.008592924103140831,-0.15377341210842133,0.03504873812198639,-0.02624862641096115,0.028952162712812424,-0.2989746928215027,-0.12302327156066895,-0.2400992065668106,0.3841661214828491,0.1894083023071289,0.20098024606704712,-0.276510626077652,0.4485776722431183,-0.02983264997601509,0.12024420499801636,0.21034514904022217,0.11101280152797699,0.25536081194877625,-0.9011004567146301,-0.13411831855773926,-0.4667763113975525,-250.734619140625,50.0,50.0,0.05240834131836891,0.0,0.0,150.0,50.0,0.027252301573753357,0.0,0.0,150.0,50.0,0.012215092778205872,0.0,0.0,50.0,50.0,0.005255221854895353,0.0,0.0,60.0,2.0,0.05834607407450676,0.0,0.0,60.0,2.0,0.0076826829463243484,0.0,0.0,50.0,50.0,0.033388156443834305,0.0,0.0,150.0,50.0,-0.00278662727214396,0.0,0.0,150.0,50.0,-0.006644998211413622,0.0,0.0,50.0,50.0,0.0373876579105854,0.0,0.0,60.0,2.0,0.001403267146088183,0.0,0.0,60.0,2.0,-0.03302036598324776,0.0,0.0,150.0,25.0,0.0069832568988204,0.0,0.0,150.0,25.0,-0.005096419248729944,0.0,0.0,150.0,25.0,0.006315561477094889,0.0,0.0,20.0,8.0,-0.05939218029379845,0.0,0.0,20.0,8.0,-0.023950060829520226,0.0,0.0,20.0,8.0,-0.0487971156835556,0.0,0.0,20.0,8.0,0.07694974541664124,0.0,0.0,10.0,1.0,0.0399467758834362,0.0,0.0,10.0,1.0,0.04243263602256775,0.0,0.0,10.0,1.0,-0.05534541234374046,0.0,0.0,20.0,8.0,0.09128382056951523,0.0,0.0,20.0,8.0,-0.0077041201293468475,0.0,0.0,20.0,8.0,0.025274524465203285,0.0,0.0,20.0,8.0,0.0430767722427845,0.0,0.0,10.0,1.0,0.021986963227391243,0.0,0.0,10.0,1.0,0.06064251810312271,0.0,0.0,10.0,1.0,-0.1902947723865509,0.0,0.0,1.0,0.10000000149011612,-0.027569973841309547,0.0,0.0,1.0,0.10000000149011612,-0.0909559428691864,0.0,0.0,1.0,0.10000000149011612,0.0,0.0,0.0
1766995091.7461681,0.9127237796783447,0.006086123641580343,0.01819715090095997,0.009085373021662235,-0.03434716246658038,-0.029699683162362957,0.11005569249391556,-0.02435159869492054,0.00671107042580843,-0.014686808921396732,0.10624094307422638,-0.05245288833975792,0.1802472025156021,0.03700675815343857,0.020133210346102715,-0.00667582219466567,0.03795681521296501,-0.06542305648326874,0.005944090895354748,-0.0013422140618786216,0.02818649634718895,0.049782559275627136,-0.011635004542768002,-0.007438773289322853,-0.10204470902681351,0.012779430486261845,0.06580453366041183,-0.04482337832450867,-0.0013351644156500697,0.03376058489084244,0.019645990803837776,-0.14095520973205566,0.00667582219466567,-0.021553369238972664,-0.045204851776361465,-0.0013422140618786216,-0.030487434938549995,0.013613885268568993,0.001526251551695168,-0.00024420025874860585,-0.006105006206780672,-0.0009157509775832295,0.0,0.0,-0.007020757533609867,-0.0007326007471419871,-0.00024420025874860585,0.0003052503161597997,0.0,0.0,-0.0012210012646391988,-0.00024420025874860585,-0.00024420025874860585,-0.00012210012937430292,0.00012210012937430292,-0.004517704714089632,0.00012210012937430292,0.003296703565865755,-0.004761904943734407,-0.0025641026441007853,0.00012210012937430292,-0.00012210012937430292,0.00012210012937430292,0.0035409037955105305,0.0025641026441007853,0.02967033162713051,-0.05824176222085953,-0.003052503103390336,-0.021367521956562996,-0.001831501955166459,0.24987860023975372,0.12993669509887695,0.05824054405093193,0.02505645900964737,0.27818921208381653,0.03663039207458496,0.15919193625450134,-0.013286406174302101,-0.03168279677629471,0.17826123535633087,0.0066906604915857315,-0.15743835270404816,0.033295586705207825,-0.024299301207065582,0.030112069100141525,-0.2831769585609436,-0.11419188976287842,-0.23266057670116425,0.36688995361328125,0.1904628872871399,0.20231527090072632,-0.2638823091983795,0.43523362278938293,-0.03673260286450386,0.12050682306289673,0.2053864598274231,0.1048320084810257,0.28913846611976624,-0.9073095917701721,-0.1314513385295868,-0.4336703419685364,-250.81712341308594,50.0,50.0,0.05226272717118263,0.0,0.0,150.0,50.0,0.028694957494735718,0.0,0.0,150.0,50.0,0.013068395666778088,0.0,0.0,50.0,50.0,0.004950189031660557,0.0,0.0,60.0,2.0,0.0625605657696724,0.0,0.0,60.0,2.0,0.006731150671839714,0.0,0.0,50.0,50.0,0.037118613719940186,0.0,0.0,150.0,50.0,-0.0013057133182883263,0.0,0.0,150.0,50.0,-0.007332568522542715,0.0,0.0,50.0,50.0,0.04176230728626251,0.0,0.0,60.0,2.0,0.0038427156396210194,0.0,0.0,60.0,2.0,-0.03510917350649834,0.0,0.0,150.0,25.0,0.006045524962246418,0.0,0.0,150.0,25.0,-0.0054245744831860065,0.0,0.0,150.0,25.0,0.006656391080468893,0.0,0.0,20.0,8.0,-0.05731944739818573,0.0,0.0,20.0,8.0,-0.024033520370721817,0.0,0.0,20.0,8.0,-0.04883745685219765,0.0,0.0,20.0,8.0,0.07735282182693481,0.0,0.0,10.0,1.0,0.04056243225932121,0.0,0.0,10.0,1.0,0.04569866880774498,0.0,0.0,10.0,1.0,-0.05485859140753746,0.0,0.0,20.0,8.0,0.09044437855482101,0.0,0.0,20.0,8.0,-0.009821146726608276,0.0,0.0,20.0,8.0,0.025846967473626137,0.0,0.0,20.0,8.0,0.04350660741329193,0.0,0.0,10.0,1.0,0.021657729521393776,0.0,0.0,10.0,1.0,0.06682173162698746,0.0,0.0,10.0,1.0,-0.19686748087406158,0.0,0.0,1.0,0.10000000149011612,-0.027311451733112335,0.0,0.0,1.0,0.10000000149011612,-0.08346958458423615,0.0,0.0,1.0,0.10000000149011612,0.0,0.0,0.0
1766995091.7661963,0.9327518939971924,0.006086123641580343,0.0189960990101099,0.004025368019938469,-0.031945689558330916,-0.02843393365660728,0.11196307092905045,-0.02435159869492054,0.004026642069220543,-0.014686808921396732,0.10814831405878067,-0.051689937710762024,0.17605096101760864,0.0366232693195343,0.020133210346102715,-0.00667582219466567,0.03795681521296501,-0.06580453366041183,0.005944090895354748,-0.0013422140618786216,0.02818649634718895,0.049782559275627136,-0.011635004542768002,-0.009346150793135166,-0.10204470902681351,0.01506828423589468,0.06198977679014206,-0.045204851776361465,-0.0013351644156500697,0.03376058489084244,0.019645990803837776,-0.13942931592464447,0.00667582219466567,-0.01125352829694748,-0.06847485899925232,-0.0013422140618786216,-0.034322332590818405,0.013613885268568993,0.004578754771500826,-0.00024420025874860585,-0.006105006206780672,0.0003052503161597997,0.0,0.0,-0.004578754771500826,-0.0007326007471419871,-0.00024420025874860585,-0.0009157509775832295,0.0,0.0,-0.00024420025874860585,-0.00024420025874860585,-0.00024420025874860585,-0.00012210012937430292,-0.00012210012937430292,-0.004273504484444857,-0.00012210012937430292,0.008424908854067326,-0.012820513918995857,-0.001098901149816811,-0.00012210012937430292,-0.0006105006323195994,-0.00012210012937430292,0.004029304254800081,-0.00036630037357099354,0.026007328182458878,-0.053113557398319244,-0.001831501955166459,-0.016483517363667488,-0.0006105006323195994,0.240518257021904,0.1320570409297943,0.06014205142855644,0.022781260311603546,0.28790992498397827,0.03097742237150669,0.17082354426383972,-0.006009022239595652,-0.03374520689249039,0.19219428300857544,0.017684558406472206,-0.16157589852809906,0.027822105213999748,-0.024964429438114166,0.03063337132334709,-0.2637897729873657,-0.11060464382171631,-0.22475482523441315,0.3559853434562683,0.18667232990264893,0.21030980348587036,-0.2524646818637848,0.41623398661613464,-0.04519789293408394,0.11895030736923218,0.2002217173576355,0.09967102110385895,0.3075202405452728,-0.9060036540031433,-0.1256900131702423,-0.38413530588150024,-250.81068420410156,50.0,50.0,0.05048290267586708,0.0,0.0,150.0,50.0,0.02907637320458889,0.0,0.0,150.0,50.0,0.014466819353401661,0.0,0.0,50.0,50.0,0.004347630776464939,0.0,0.0,60.0,2.0,0.06664073467254639,0.0,0.0,60.0,2.0,0.005101889371871948,0.0,0.0,50.0,50.0,0.041093431413173676,0.0,0.0,150.0,50.0,0.00035333933192305267,0.0,0.0,150.0,50.0,-0.008031051605939865,0.0,0.0,50.0,50.0,0.045186519622802734,0.0,0.0,60.0,2.0,0.00776559766381979,0.0,0.0,60.0,2.0,-0.036328189074993134,0.0,0.0,150.0,25.0,0.005892994813621044,0.0,0.0,150.0,25.0,-0.0054717762395739555,0.0,0.0,150.0,25.0,0.007773629855364561,0.0,0.0,20.0,8.0,-0.05438171327114105,0.0,0.0,20.0,8.0,-0.024147434160113335,0.0,0.0,20.0,8.0,-0.04878554865717888,0.0,0.0,20.0,8.0,0.07724422961473465,0.0,0.0,10.0,1.0,0.041369497776031494,0.0,0.0,10.0,1.0,0.04955577850341797,0.0,0.0,10.0,1.0,-0.054018352180719376,0.0,0.0,20.0,8.0,0.09107982367277145,0.0,0.0,20.0,8.0,-0.010188440792262554,0.0,0.0,20.0,8.0,0.02691965363919735,0.0,0.0,20.0,8.0,0.04551544040441513,0.0,0.0,10.0,1.0,0.020500261336565018,0.0,0.0,10.0,1.0,0.07202845066785812,0.0,0.0,10.0,1.0,-0.2031356245279312,0.0,0.0,1.0,0.10000000149011612,-0.02811509184539318,0.0,0.0,1.0,0.10000000149011612,-0.07860695570707321,0.0,0.0,1.0,0.10000000149011612,0.0,0.0,0.0
1766995091.7866108,0.9531664848327637,0.007684020791202784,0.014468725770711899,0.007221160922199488,-0.02951702520369683,-0.02557850698563069,0.11272602528333664,-0.02435159869492054,0.0021091934759169817,-0.014686808921396732,0.10967422276735306,-0.05130846053361893,0.17566949129104614,0.0366232693195343,0.020133210346102715,-0.005912871100008488,0.03681239113211632,-0.06656748056411743,0.005944090895354748,-0.0013422140618786216,0.02818649634718895,0.049782559275627136,-0.011635004542768002,-0.011635004542768002,-0.10166323184967041,0.016594186425209045,0.06046387553215027,-0.04558632895350456,-0.001716639962978661,0.03337911143898964,0.019645990803837776,-0.13790340721607208,0.007057297509163618,-0.0009536888683214784,-0.08907453715801239,-0.0013422140618786216,-0.040074676275253296,0.013613885268568993,0.002747252816334367,-0.00024420025874860585,-0.004151404369622469,-0.0009157509775832295,0.0,0.0,-0.003968254197388887,-0.00024420025874860585,-0.00024420025874860585,0.0021367522422224283,0.0,0.0,-0.00024420025874860585,-0.0007326007471419871,-0.00024420025874860585,0.00012210012937430292,-0.00036630037357099354,-0.006959707476198673,0.00012210012937430292,0.001831501955166459,-0.004761904943734407,-0.00036630037357099354,-0.00012210012937430292,-0.00012210012937430292,0.00012210012937430292,0.004761904943734407,0.00036630037357099354,0.026007328182458878,-0.05531135946512222,-0.0006105006323195994,-0.006715507246553898,-0.0006105006323195994,0.22460432350635529,0.12936417758464813,0.06436456739902496,0.019343115389347076,0.29649239778518677,0.02269890159368515,0.18282946944236755,0.0015720478259027004,-0.035731084644794464,0.2010400891304016,0.03455004841089249,-0.1616283506155014,0.02621862106025219,-0.02434457093477249,0.03458578512072563,-0.24195058643817902,-0.10743474960327148,-0.21705259382724762,0.3436685800552368,0.18405771255493164,0.22047942876815796,-0.2403339445590973,0.4052247703075409,-0.045329559594392776,0.11976867914199829,0.202503502368927,0.09120805561542511,0.3204629719257355,-0.903774082660675,-0.12508732080459595,-0.3497315049171448,-250.8687286376953,50.0,50.0,0.05027206987142563,0.0,0.0,150.0,50.0,0.029947392642498016,0.0,0.0,150.0,50.0,0.015614132396876812,0.0,0.0,50.0,50.0,0.004227476194500923,0.0,0.0,60.0,2.0,0.07066190987825394,0.0,0.0,60.0,2.0,0.004211698193103075,0.0,0.0,50.0,50.0,0.044499948620796204,0.0,0.0,150.0,50.0,0.0014781414065510035,0.0,0.0,150.0,50.0,-0.008620690554380417,0.0,0.0,50.0,50.0,0.050565894693136215,0.0,0.0,60.0,2.0,0.011466489173471928,0.0,0.0,60.0,2.0,-0.03748512640595436,0.0,0.0,150.0,25.0,0.005433045793324709,0.0,0.0,150.0,25.0,-0.005802870728075504,0.0,0.0,150.0,25.0,0.0081841005012393,0.0,0.0,20.0,8.0,-0.05181078612804413,0.0,0.0,20.0,8.0,-0.023177485913038254,0.0,0.0,20.0,8.0,-0.04805677756667137,0.0,0.0,20.0,8.0,0.07801956683397293,0.0,0.0,10.0,1.0,0.04071826487779617,0.0,0.0,10.0,1.0,0.053306058049201965,0.0,0.0,10.0,1.0,-0.05329136922955513,0.0,0.0,20.0,8.0,0.09051317721605301,0.0,0.0,20.0,8.0,-0.010908037424087524,0.0,0.0,20.0,8.0,0.028206953778862953,0.0,0.0,20.0,8.0,0.04756681248545647,0.0,0.0,10.0,1.0,0.019363608211278915,0.0,0.0,10.0,1.0,0.07674559205770493,0.0,0.0,10.0,1.0,-0.2096012681722641,0.0,0.0,1.0,0.10000000149011612,-0.02825649082660675,0.0,0.0,1.0,0.10000000149011612,-0.07323822379112244,0.0,0.0,1.0,0.10000000149011612,0.0,0.0,0.0
1766995091.8072968,0.9738523960113525,0.013809289783239365,0.011539248749613762,0.005356948357075453,-0.027396254087875428,-0.024650430733080556,0.11501488089561462,-0.02435159869492054,0.0009587243548594415,-0.014686808921396732,0.11234454810619354,-0.05092698708176613,0.17376211285591125,0.0366232693195343,0.020133210346102715,-0.004386968910694122,0.03604944050312042,-0.06733043491840363,0.005944090895354748,-0.0013422140618786216,0.02818649634718895,0.049782559275627136,-0.011635004542768002,-0.013542382046580315,-0.10166323184967041,0.019645990803837776,0.05970092490315437,-0.04558632895350456,-0.001716639962978661,0.03337911143898964,0.019645990803837776,-0.1359960287809372,0.007057297509163618,0.008964675478637218,-0.10471503436565399,-0.0013422140618786216,-0.03969118744134903,0.013613885268568993,0.005189255345612764,-0.00024420025874860585,-0.002197802299633622,0.0003052503161597997,0.0,0.0,-0.005189255345612764,-0.00024420025874860585,-0.00024420025874860585,0.003357753623276949,0.0,0.0,-0.00024420025874860585,-0.0012210012646391988,-0.00024420025874860585,-0.00012210012937430292,-0.00012210012937430292,-0.003296703565865755,0.00012210012937430292,0.009157509543001652,-0.001831501955166459,-0.001831501955166459,-0.00012210012937430292,-0.00012210012937430292,-0.00012210012937430292,0.005494505632668734,-0.00036630037357099354,0.022344322875142097,-0.04652014747262001,0.0006105006323195994,-0.001831501955166459,-0.001831501955166459,0.21633605659008026,0.12887276709079742,0.06719237565994263,0.018192119896411896,0.3040797710418701,0.01812422275543213,0.1914968490600586,0.006360893603414297,-0.03709746152162552,0.21760046482086182,0.04934380203485489,-0.16130994260311127,0.023380054160952568,-0.024971522390842438,0.03521868214011192,-0.22295762598514557,-0.09973978996276855,-0.20680297911167145,0.3357419967651367,0.17522311210632324,0.22939223051071167,-0.22932901978492737,0.3895058333873749,-0.04694061353802681,0.12138313055038452,0.20469450950622559,0.083327516913414,0.3302597105503082,-0.9019781947135925,-0.12159629911184311,-0.3151664137840271,-250.83164978027344,50.0,50.0,0.04858330264687538,0.0,0.0,150.0,50.0,0.03039487451314926,0.0,0.0,150.0,50.0,0.017146315425634384,0.0,0.0,50.0,50.0,0.0039046432357281446,0.0,0.0,60.0,2.0,0.07472020387649536,0.0,0.0,60.0,2.0,0.003054599743336439,0.0,0.0,50.0,50.0,0.048183124512434006,0.0,0.0,150.0,50.0,0.0030057968106120825,0.0,0.0,150.0,50.0,-0.00851783249527216,0.0,0.0,50.0,50.0,0.05445197597146034,0.0,0.0,60.0,2.0,0.014413848519325256,0.0,0.0,60.0,2.0,-0.03707181289792061,0.0,0.0,150.0,25.0,0.00554896704852581,0.0,0.0,150.0,25.0,-0.005917166825383902,0.0,0.0,150.0,25.0,0.00933031179010868,0.0,0.0,20.0,8.0,-0.047650475054979324,0.0,0.0,20.0,8.0,-0.02442155033349991,0.0,0.0,20.0,8.0,-0.04816218093037605,0.0,0.0,20.0,8.0,0.078426294028759,0.0,0.0,10.0,1.0,0.0410405732691288,0.0,0.0,10.0,1.0,0.056247781962156296,0.0,0.0,10.0,1.0,-0.05267457664012909,0.0,0.0,20.0,8.0,0.09044312685728073,0.0,0.0,20.0,8.0,-0.0099740419536829,0.0,0.0,20.0,8.0,0.030536355450749397,0.0,0.0,20.0,8.0,0.04879079759120941,0.0,0.0,10.0,1.0,0.01683504693210125,0.0,0.0,10.0,1.0,0.0813700407743454,0.0,0.0,10.0,1.0,-0.21661049127578735,0.0,0.0,1.0,0.10000000149011612,-0.02905549295246601,0.0,0.0,1.0,0.10000000149011612,-0.07100212574005127,0.0,0.0,1.0,0.10000000149011612,0.0,0.0,0.0
1766995091.8254762,0.9920318126678467,0.014608237892389297,0.012870829552412033,0.009085373021662235,-0.024456189045050116,-0.023134307635338552,0.11692225188016891,-0.02435159869492054,0.00019174486806150526,-0.014686808921396732,0.11692225188016891,-0.05092698708176613,0.17147326469421387,0.0366232693195343,0.020133210346102715,-0.00476844422519207,0.03604944050312042,-0.06809338182210922,0.005560601130127907,-0.0021091934759169817,0.02818649634718895,0.049782559275627136,-0.011635004542768002,-0.014686808921396732,-0.10166323184967041,0.02040894143283367,0.05970092490315437,-0.04558632895350456,-0.001716639962978661,0.03337911143898964,0.019645990803837776,-0.1337071806192398,0.007057297509163618,0.016975661739706993,-0.1192111074924469,-0.0013422140618786216,-0.03969118744134903,0.013613885268568993,0.005189255345612764,-0.00024420025874860585,-0.002197802299633622,0.0003052503161597997,0.0,0.0,-0.007020757533609867,-0.00024420025874860585,-0.00024420025874860585,-0.0009157509775832295,0.0,0.0,-0.0012210012646391988,-0.0017094018403440714,-0.00024420025874860585,-0.00012210012937430292,-0.00012210012937430292,-0.003296703565865755,-0.00012210012937430292,0.001831501955166459,-0.00036630037357099354,-0.001098901149816811,-0.00012210012937430292,-0.00012210012937430292,-0.00012210012937430292,0.005738705862313509,0.00036630037357099354,0.019413920119404793,-0.02747252956032753,-0.001831501955166459,0.0006105006323195994,0.0006105006323195994,0.20231160521507263,0.12657096982002258,0.07140104472637177,0.016259796917438507,0.3111514449119568,0.012720027938485146,0.20064517855644226,0.012516802176833153,-0.035470135509967804,0.22675006091594696,0.06002245098352432,-0.15437521040439606,0.023107124492526054,-0.024640388786792755,0.0388534776866436,-0.19842709600925446,-0.10169672966003418,-0.20055796205997467,0.3265843987464905,0.17090201377868652,0.2342281937599182,-0.21934857964515686,0.3766251504421234,-0.04153411462903023,0.12716013193130493,0.20317566394805908,0.07010485231876373,0.33884280920028687,-0.9020139575004578,-0.1209934875369072,-0.2956685423851013,-250.87159729003906,50.0,50.0,0.04724859073758125,0.0,0.0,150.0,50.0,0.030276598408818245,0.0,0.0,150.0,50.0,0.018620455637574196,0.0,0.0,50.0,50.0,0.004117172677069902,0.0,0.0,60.0,2.0,0.07861287891864777,0.0,0.0,60.0,2.0,0.0016609457088634372,0.0,0.0,50.0,50.0,0.052774470299482346,0.0,0.0,150.0,50.0,0.004052933305501938,0.0,0.0,150.0,50.0,-0.008290451020002365,0.0,0.0,50.0,50.0,0.05700116232037544,0.0,0.0,60.0,2.0,0.017371026799082756,0.0,0.0,60.0,2.0,-0.03553634509444237,0.0,0.0,150.0,25.0,0.0056227524764835835,0.0,0.0,150.0,25.0,-0.006002502981573343,0.0,0.0,150.0,25.0,0.009662018157541752,0.0,0.0,20.0,8.0,-0.04266475886106491,0.0,0.0,20.0,8.0,-0.02451440878212452,0.0,0.0,20.0,8.0,-0.04853310063481331,0.0,0.0,20.0,8.0,0.07748952507972717,0.0,0.0,10.0,1.0,0.040598705410957336,0.0,0.0,10.0,1.0,0.058483000844717026,0.0,0.0,10.0,1.0,-0.052399568259716034,0.0,0.0,20.0,8.0,0.08992321044206619,0.0,0.0,20.0,8.0,-0.009142132475972176,0.0,0.0,20.0,8.0,0.03281722217798233,0.0,0.0,20.0,8.0,0.04862351343035698,0.0,0.0,10.0,1.0,0.01444088201969862,0.0,0.0,10.0,1.0,0.08689361065626144,0.0,0.0,10.0,1.0,-0.2226399928331375,0.0,0.0,1.0,0.10000000149011612,-0.029354413971304893,0.0,0.0,1.0,0.10000000149011612,-0.06923113018274307,0.0,0.0,1.0,0.10000000149011612,0.0,0.0,0.0
1766995091.85507,1.0216257572174072,0.010613496415317059,0.011272933334112167,3.06263827951625e-05,-0.021631916640003045,-0.020737487736596928,0.11730372905731201,-0.02435159869492054,-0.0005752345896326005,-0.014686808921396732,0.12188144028186798,-0.05092698708176613,0.16880293190479279,0.0366232693195343,0.020133210346102715,-0.004386968910694122,0.035667963325977325,-0.06885633617639542,0.004026642069220543,-0.0024926832411438227,0.02818649634718895,0.049782559275627136,-0.011635004542768002,-0.016212711110711098,-0.10166323184967041,0.02231631986796856,0.05970092490315437,-0.04558632895350456,-0.001716639962978661,0.03337911143898964,0.019645990803837776,-0.13179980218410492,0.007057297509163618,0.024986648932099342,-0.1356145590543747,-0.0013422140618786216,-0.03969118744134903,0.013613885268568993,-0.0003052503161597997,-0.00024420025874860585,-0.002686202758923173,0.0003052503161597997,0.0,0.0,-0.006410256959497929,-0.00024420025874860585,-0.00024420025874860585,0.0003052503161597997,0.0,0.0,-0.002197802299633622,-0.0007326007471419871,0.00024420025874860585,-0.00012210012937430292,-0.00012210012937430292,-0.004517704714089632,-0.00012210012937430292,0.003296703565865755,-0.00036630037357099354,-0.00036630037357099354,-0.00012210012937430292,-0.00036630037357099354,-0.00012210012937430292,0.005250305403023958,-0.00036630037357099354,0.02161172218620777,-0.039926741272211075,-0.0006105006323195994,-0.0006105006323195994,0.001831501955166459,0.19133976101875305,0.12260930985212326,0.07540613412857056,0.016673065721988678,0.3183538317680359,0.006726231426000595,0.21371757984161377,0.016412919387221336,-0.03357333689928055,0.23083415627479553,0.0703463926911354,-0.14390937983989716,0.022770119830965996,-0.0243079736828804,0.039127688854932785,-0.17277689278125763,-0.09927451610565186,-0.19654156267642975,0.31380462646484375,0.16441011428833008,0.2368350625038147,-0.2121993601322174,0.364156574010849,-0.037022341042757034,0.13289791345596313,0.19690769910812378,0.05848036706447601,0.3518877923488617,-0.9016116857528687,-0.11887479573488235,-0.2803611159324646,-250.9840850830078,50.0,50.0,0.04540836438536644,0.0,0.0,150.0,50.0,0.03058243729174137,0.0,0.0,150.0,50.0,0.01956551894545555,0.0,0.0,50.0,50.0,0.00440428638830781,0.0,0.0,60.0,2.0,0.0820789709687233,0.0,0.0,60.0,2.0,0.0003781939740292728,0.0,0.0,50.0,50.0,0.058349546045064926,0.0,0.0,150.0,50.0,0.00512788025662303,0.0,0.0,150.0,50.0,-0.009094507433474064,0.0,0.0,50.0,50.0,0.06160425394773483,0.0,0.0,60.0,2.0,0.021564310416579247,0.0,0.0,60.0,2.0,-0.034748028963804245,0.0,0.0,150.0,25.0,0.004266459494829178,0.0,0.0,150.0,25.0,-0.006784104276448488,0.0,0.0,150.0,25.0,0.009830593131482601,0.0,0.0,20.0,8.0,-0.03735866770148277,0.0,0.0,20.0,8.0,-0.02207406796514988,0.0,0.0,20.0,8.0,-0.04805907607078552,0.0,0.0,20.0,8.0,0.07748614251613617,0.0,0.0,10.0,1.0,0.040050771087408066,0.0,0.0,10.0,1.0,0.061165425926446915,0.0,0.0,10.0,1.0,-0.0528724379837513,0.0,0.0,20.0,8.0,0.08926081657409668,0.0,0.0,20.0,8.0,-0.010402384214103222,0.0,0.0,20.0,8.0,0.03476689010858536,0.0,0.0,20.0,8.0,0.04846273362636566,0.0,0.0,10.0,1.0,0.012438775971531868,0.0,0.0,10.0,1.0,0.08851882070302963,0.0,0.0,10.0,1.0,-0.22722485661506653,0.0,0.0,1.0,0.10000000149011612,-0.029614277184009552,0.0,0.0,1.0,0.10000000149011612,-0.06809061765670776,0.0,0.0,1.0,0.10000000149011612,0.0,0.0,0.0
1766995091.8658159,1.0323715209960938,0.009015600197017193,0.01633293740451336,3.06263827951625e-05,-0.019306563889607685,-0.019280307529456153,0.11730372905731201,-0.02435159869492054,-0.0017257038271054626,-0.01506828423589468,0.12569619715213776,-0.05092698708176613,0.1665140837430954,0.0366232693195343,0.020133210346102715,-0.004386968910694122,0.03452353551983833,-0.06885633617639542,0.004026642069220543,-0.0024926832411438227,0.028569985181093216,0.049782559275627136,-0.011635004542768002,-0.018501564860343933,-0.10166323184967041,0.023460745811462402,0.05970092490315437,-0.04558632895350456,-0.001716639962978661,0.03299763426184654,0.020027466118335724,-0.13065537810325623,0.007057297509163618,0.03223468363285065,-0.14515145123004913,-0.0013422140618786216,-0.03969118744134903,0.013613885268568993,0.0003052503161597997,-0.00024420025874860585,-0.003663003910332918,-0.0003052503161597997,0.0,0.0,-0.005799755919724703,-0.00024420025874860585,-0.00024420025874860585,-0.0003052503161597997,0.0,0.0,-0.0017094018403440714,-0.00024420025874860585,0.0012210012646391988,-0.00012210012937430292,0.00012210012937430292,-0.006715507246553898,-0.00012210012937430292,0.003296703565865755,0.001098901149816811,0.00036630037357099354,-0.00036630037357099354,-0.0006105006323195994,0.00036630037357099354,0.003296703565865755,-0.00036630037357099354,0.01794871874153614,-0.030402932316064835,0.0006105006323195994,-0.0006105006323195994,-0.0006105006323195994,0.17850150167942047,0.12022038549184799,0.07691258192062378,0.017313368618488312,0.3226546347141266,0.00148669071495533,0.22937363386154175,0.020157834514975548,-0.03575075417757034,0.24216797947883606,0.08476988226175308,-0.1365954428911209,0.01677156798541546,-0.026668496429920197,0.038644324988126755,-0.14685793220996857,-0.08677375316619873,-0.18892152607440948,0.3046001195907593,0.1574406623840332,0.2404429316520691,-0.20784297585487366,0.35088667273521423,-0.04089205339550972,0.1366695761680603,0.19050830602645874,0.048897162079811096,0.3479698598384857,-0.8932270407676697,-0.11641451716423035,-0.2676660418510437,-250.99026489257812,50.0,50.0,0.04429315775632858,0.0,0.0,150.0,50.0,0.030284477397799492,0.0,0.0,150.0,50.0,0.02086649090051651,0.0,0.0,50.0,50.0,0.004601454362273216,0.0,0.0,60.0,2.0,0.08577059954404831,0.0,0.0,60.0,2.0,-0.0008919283864088356,0.0,0.0,50.0,50.0,0.06348980218172073,0.0,0.0,150.0,50.0,0.005831640679389238,0.0,0.0,150.0,50.0,-0.009965338744223118,0.0,0.0,50.0,50.0,0.06634445488452911,0.0,0.0,60.0,2.0,0.026296133175492287,0.0,0.0,60.0,2.0,-0.032561883330345154,0.0,0.0,150.0,25.0,0.004190288484096527,0.0,0.0,150.0,25.0,-0.007003354839980602,0.0,0.0,150.0,25.0,0.010269139893352985,0.0,0.0,20.0,8.0,-0.03337586298584938,0.0,0.0,20.0,8.0,-0.021597960963845253,0.0,0.0,20.0,8.0,-0.04822810739278793,0.0,0.0,20.0,8.0,0.07807498425245285,0.0,0.0,10.0,1.0,0.04019827023148537,0.0,0.0,10.0,1.0,0.062233228236436844,0.0,0.0,10.0,1.0,-0.05388337001204491,0.0,0.0,20.0,8.0,0.09023724496364594,0.0,0.0,20.0,8.0,-0.00933603011071682,0.0,0.0,20.0,8.0,0.03720272704958916,0.0,0.0,20.0,8.0,0.049820490181446075,0.0,0.0,10.0,1.0,0.011037430725991726,0.0,0.0,10.0,1.0,0.09074927866458893,0.0,0.0,10.0,1.0,-0.23319336771965027,0.0,0.0,1.0,0.10000000149011612,-0.03019317239522934,0.0,0.0,1.0,0.10000000149011612,-0.06545737385749817,0.0,0.0,1.0,0.10000000149011612,0.0,0.0,0.0
1766995091.884752,1.0513076782226562,0.012744025327265263,0.017398202791810036,0.009085373021662235,-0.01715470274383868,-0.01741741371209263,0.1192111074924469,-0.02435159869492054,-0.0032596627715975046,-0.01506828423589468,0.12912946939468384,-0.05092698708176613,0.1653696447610855,0.0366232693195343,0.020133210346102715,-0.0036240178160369396,0.03185320645570755,-0.06885633617639542,0.0036431525368243456,-0.0024926832411438227,0.029336964711546898,0.049782559275627136,-0.011635004542768002,-0.01926451548933983,-0.10166323184967041,0.02384222112596035,0.06008239835500717,-0.04558632895350456,-0.001716639962978661,0.03299763426184654,0.020027466118335724,-0.12951095402240753,0.00667582219466567,0.0394827201962471,-0.15774014592170715,-0.0013422140618786216,-0.03969118744134903,0.013613885268568993,0.005189255345612764,-0.00024420025874860585,-0.00463980482891202,-0.0003052503161597997,0.0,0.0,-0.003357753623276949,-0.00024420025874860585,-0.00024420025874860585,0.001526251551695168,0.0,0.0,-0.0017094018403440714,-0.00024420025874860585,0.0017094018403440714,-0.00012210012937430292,-0.00012210012937430292,-0.0006105006323195994,-0.00012210012937430292,0.00036630037357099354,-0.00036630037357099354,-0.001098901149816811,-0.00012210012937430292,-0.0006105006323195994,0.0006105006323195994,0.0015873017255216837,-0.00036630037357099354,0.017216118052601814,-0.03186813369393349,-0.001831501955166459,-0.001831501955166459,-0.0006105006323195994,0.16901980340480804,0.11556359380483627,0.07962517440319061,0.017558850347995758,0.3272950351238251,-0.003403540700674057,0.24227294325828552,0.022253161296248436,-0.0380270853638649,0.253166139125824,0.10034433752298355,-0.12425403296947479,0.015989867970347404,-0.026724345982074738,0.03918636962771416,-0.12736012041568756,-0.08241641521453857,-0.1840353161096573,0.297929048538208,0.15339398384094238,0.23747795820236206,-0.20561543107032776,0.3443394601345062,-0.03562568500638008,0.1419631838798523,0.19011175632476807,0.04211811721324921,0.3462933599948883,-0.8898507356643677,-0.11521518230438232,-0.24978108704090118,-250.9835662841797,50.0,50.0,0.04311459884047508,0.0,0.0,150.0,50.0,0.029819730669260025,0.0,0.0,150.0,50.0,0.022924579679965973,0.0,0.0,50.0,50.0,0.004748177248984575,0.0,0.0,60.0,2.0,0.09024415910243988,0.0,0.0,60.0,2.0,-0.002513354877009988,0.0,0.0,50.0,50.0,0.06714630872011185,0.0,0.0,150.0,50.0,0.0074232192710042,0.0,0.0,150.0,50.0,-0.009970019571483135,0.0,0.0,50.0,50.0,0.0716475322842598,0.0,0.0,60.0,2.0,0.032785478979349136,0.0,0.0,60.0,2.0,-0.03006095252931118,0.0,0.0,150.0,25.0,0.0044118482619524,0.0,0.0,150.0,25.0,-0.007025735918432474,0.0,0.0,150.0,25.0,0.011796160601079464,0.0,0.0,20.0,8.0,-0.030247818678617477,0.0,0.0,20.0,8.0,-0.02430962584912777,0.0,0.0,20.0,8.0,-0.05009656772017479,0.0,0.0,20.0,8.0,0.07850173860788345,0.0,0.0,10.0,1.0,0.03881305083632469,0.0,0.0,10.0,1.0,0.06228490546345711,0.0,0.0,10.0,1.0,-0.053740162402391434,0.0,0.0,20.0,8.0,0.09201375395059586,0.0,0.0,20.0,8.0,-0.00710319634526968,0.0,0.0,20.0,8.0,0.03979527950286865,0.0,0.0,20.0,8.0,0.05112996697425842,0.0,0.0,10.0,1.0,0.008314988575875759,0.0,0.0,10.0,1.0,0.09345302730798721,0.0,0.0,10.0,1.0,-0.2383657991886139,0.0,0.0,1.0,0.10000000149011612,-0.031280193477869034,0.0,0.0,1.0,0.10000000149011612,-0.06171424314379692,0.0,0.0,1.0,0.10000000149011612,0.0,0.0,0.0
1766995091.904873,1.0714285373687744,0.01780403032898903,0.01233819779008627,0.008552741259336472,-0.014840267054319577,-0.016709404888359723,0.12226291000843048,-0.023968107998371124,-0.004793621599674225,-0.01506828423589468,0.1333257108926773,-0.05092698708176613,0.16346226632595062,0.0366232693195343,0.020133210346102715,-0.0020981156267225742,0.028038453310728073,-0.06885633617639542,0.0032596627715975046,-0.0028761730063706636,0.03010394424200058,0.049782559275627136,-0.011635004542768002,-0.019645990803837776,-0.10166323184967041,0.02384222112596035,0.06008239835500717,-0.04558632895350456,-0.001716639962978661,0.03299763426184654,0.020027466118335724,-0.12874799966812134,0.00667582219466567,0.04482337832450867,-0.1684214472770691,-0.0013422140618786216,-0.03969118744134903,0.013230396434664726,0.008241758681833744,0.0007326007471419871,-0.00463980482891202,-0.0009157509775832295,0.0,0.0,-0.004578754771500826,0.00024420025874860585,-0.00024420025874860585,0.003968254197388887,0.0,0.0,-0.0012210012646391988,-0.0012210012646391988,0.0012210012646391988,0.00012210012937430292,0.00012210012937430292,-0.0013431013794615865,0.00012210012937430292,0.00036630037357099354,0.00036630037357099354,-0.00036630037357099354,-0.00012210012937430292,-0.00036630037357099354,0.00012210012937430292,0.0015873017255216837,-0.00036630037357099354,0.013553114607930183,-0.02527472749352455,-0.0006105006323195994,-0.0006105006323195994,-0.0006105006323195994,0.16017954051494598,0.11078639328479767,0.08516949415206909,0.017640449106693268,0.33527547121047974,-0.00933762639760971,0.24946224689483643,0.027578776702284813,-0.03704065829515457,0.2661852240562439,0.12180475145578384,-0.11168257892131805,0.01639091782271862,-0.02610204368829727,0.043825145810842514,-0.11237682402133942,-0.09031522274017334,-0.1861189752817154,0.2916499972343445,0.14419841766357422,0.23140114545822144,-0.199655681848526,0.3418498933315277,-0.026389826089143753,0.14784759283065796,0.18995827436447144,0.03089188225567341,0.3471970856189728,-0.8855776190757751,-0.11621230840682983,-0.22928102314472198,-250.93130493164062,50.0,50.0,0.04094771668314934,0.0,0.0,150.0,50.0,0.02891838736832142,0.0,0.0,150.0,50.0,0.024589840322732925,0.0,0.0,50.0,50.0,0.005347053520381451,0.0,0.0,60.0,2.0,0.09452484548091888,0.0,0.0,60.0,2.0,-0.004421974066644907,0.0,0.0,50.0,50.0,0.07081083953380585,0.0,0.0,150.0,50.0,0.009170837700366974,0.0,0.0,150.0,50.0,-0.008666141889989376,0.0,0.0,50.0,50.0,0.07581741362810135,0.0,0.0,60.0,2.0,0.03807077929377556,0.0,0.0,60.0,2.0,-0.026170752942562103,0.0,0.0,150.0,25.0,0.004552807658910751,0.0,0.0,150.0,25.0,-0.006481814663857222,0.0,0.0,150.0,25.0,0.013206660747528076,0.0,0.0,20.0,8.0,-0.026434602215886116,0.0,0.0,20.0,8.0,-0.02363610826432705,0.0,0.0,20.0,8.0,-0.05008449777960777,0.0,0.0,20.0,8.0,0.07764250040054321,0.0,0.0,10.0,1.0,0.03796904534101486,0.0,0.0,10.0,1.0,0.06283623725175858,0.0,0.0,10.0,1.0,-0.05158480629324913,0.0,0.0,20.0,8.0,0.09239140897989273,0.0,0.0,20.0,8.0,-0.006321750581264496,0.0,0.0,20.0,8.0,0.04332371801137924,0.0,0.0,20.0,8.0,0.050833359360694885,0.0,0.0,10.0,1.0,0.003748212940990925,0.0,0.0,10.0,1.0,0.09851167351007462,0.0,0.0,10.0,1.0,-0.2442474067211151,0.0,0.0,1.0,0.10000000149011612,-0.031742602586746216,0.0,0.0,1.0,0.10000000149011612,-0.05811021104454994,0.0,0.0,1.0,0.10000000149011612,0.0,0.0,0.0
1766995091.9258265,1.0923821926116943,0.015140870586037636,0.01233819779008627,0.009085373021662235,-0.012963404959814333,-0.016057773462709788,0.12302586436271667,-0.023584619164466858,-0.006327580660581589,-0.01506828423589468,0.1371404528617859,-0.05092698708176613,0.16079194843769073,0.0366232693195343,0.02051670104265213,-0.001716639962978661,0.024986648932099342,-0.06885633617639542,0.0021091934759169817,-0.0032596627715975046,0.030870923772454262,0.050164032727479935,-0.011635004542768002,-0.02040894143283367,-0.10128175467252731,0.024223696440458298,0.06008239835500717,-0.04558632895350456,-0.001716639962978661,0.03299763426184654,0.02040894143283367,-0.12798504531383514,0.006294346414506435,0.05092698708176613,-0.17872129380702972,-0.0013422140618786216,-0.03969118744134903,0.013613885268568993,0.002747252816334367,0.002197802299633622,-0.0031746034510433674,-0.0009157509775832295,0.0,0.0,-0.007020757533609867,0.00024420025874860585,0.00024420025874860585,-0.0003052503161597997,0.0,0.0,-0.0012210012646391988,-0.0017094018403440714,0.002197802299633622,0.00036630037357099354,-0.00036630037357099354,-0.00231990241445601,0.0008547009201720357,0.001098901149816811,0.00036630037357099354,-0.00036630037357099354,-0.00012210012937430292,-0.00012210012937430292,0.00036630037357099354,0.001098901149816811,-0.00036630037357099354,0.012820513918995857,-0.02380952425301075,0.001831501955166459,-0.0006105006323195994,-0.0006105006323195994,0.14799508452415466,0.10451814532279968,0.0888737142086029,0.019325561821460724,0.34163597226142883,-0.015982098877429962,0.2559277415275574,0.03314565494656563,-0.03132156282663345,0.2740227282047272,0.13759712874889374,-0.09458751976490021,0.016454963013529778,-0.02342686802148819,0.04773211106657982,-0.09554113447666168,-0.0854266881942749,-0.1810176521539688,0.2806190252304077,0.13722944259643555,0.22710555791854858,-0.1864401400089264,0.3339252173900604,-0.022848356515169144,0.1565825343132019,0.18372422456741333,0.013546960428357124,0.35604533553123474,-0.8827700018882751,-0.11472554504871368,-0.21002455055713654,-250.97146606445312,50.0,50.0,0.04091022163629532,0.0,0.0,150.0,50.0,0.027998290956020355,0.0,0.0,150.0,50.0,0.025834156200289726,0.0,0.0,50.0,50.0,0.0066246045753359795,0.0,0.0,60.0,2.0,0.0980553850531578,0.0,0.0,60.0,2.0,-0.006151548586785793,0.0,0.0,50.0,50.0,0.07627557963132858,0.0,0.0,150.0,50.0,0.010380414314568043,0.0,0.0,150.0,50.0,-0.008077857084572315,0.0,0.0,50.0,50.0,0.0791560634970665,0.0,0.0,60.0,2.0,0.04229894280433655,0.0,0.0,60.0,2.0,-0.02252120152115822,0.0,0.0,150.0,25.0,0.0037427195347845554,0.0,0.0,150.0,25.0,-0.006558075547218323,0.0,0.0,150.0,25.0,0.012908151373267174,0.0,0.0,20.0,8.0,-0.021231766790151596,0.0,0.0,20.0,8.0,-0.022659258916974068,0.0,0.0,20.0,8.0,-0.04957994446158409,0.0,0.0,20.0,8.0,0.0764884278178215,0.0,0.0,10.0,1.0,0.03951144218444824,0.0,0.0,10.0,1.0,0.06461573392152786,0.0,0.0,10.0,1.0,-0.050263047218322754,0.0,0.0,20.0,8.0,0.09230627119541168,0.0,0.0,20.0,8.0,-0.0066470499150455,0.0,0.0,20.0,8.0,0.04706649109721184,0.0,0.0,20.0,8.0,0.049862537533044815,0.0,0.0,10.0,1.0,0.0008237158763222396,0.0,0.0,10.0,1.0,0.10199090838432312,0.0,0.0,10.0,1.0,-0.250118225812912,0.0,0.0,1.0,0.10000000149011612,-0.031693678349256516,0.0,0.0,1.0,0.10000000149011612,-0.05533207580447197,0.0,0.0,1.0,0.10000000149011612,0.0,0.0,0.0
1766995091.9481936,1.1147491931915283,0.014608237892389297,0.011539248749613762,0.006688528694212437,-0.010493092757808941,-0.014540640792961676,0.12455176562070847,-0.022050660103559494,-0.007094560191035271,-0.01506828423589468,0.14057374000549316,-0.05092698708176613,0.15888457000255585,0.03739025071263313,0.02051670104265213,-0.0013351644156500697,0.021171892061829567,-0.06885633617639542,0.0021091934759169817,-0.004410131834447384,0.03202139213681221,0.050164032727479935,-0.011635004542768002,-0.021171892061829567,-0.10090028494596481,0.024223696440458298,0.06008239835500717,-0.04558632895350456,-0.001716639962978661,0.03299763426184654,0.02079041674733162,-0.12722209095954895,0.006294346414506435,0.05703059583902359,-0.18787670135498047,-0.0013422140618786216,-0.03969118744134903,0.013613885268568993,0.0021367522422224283,0.0012210012646391988,-0.002197802299633622,-0.0009157509775832295,0.0,0.0,-0.003357753623276949,0.002686202758923173,-0.00024420025874860585,0.0009157509775832295,0.0,0.0,-0.0012210012646391988,-0.004151404369622469,0.0031746034510433674,0.00036630037357099354,-0.00036630037357099354,-0.001831501955166459,0.0013431013794615865,-0.00036630037357099354,-0.001098901149816811,-0.00036630037357099354,-0.00012210012937430292,-0.00012210012937430292,0.0006105006323195994,0.0028083028737455606,-0.001831501955166459,0.01428571529686451,-0.02380952425301075,0.0006105006323195994,0.0006105006323195994,-0.0006105006323195994,0.1438044011592865,0.09841739386320114,0.09081019461154938,0.02328629046678543,0.34467658400535583,-0.021623440086841583,0.2681179344654083,0.03648841753602028,-0.028394648805260658,0.27824318408966064,0.14868591725826263,-0.07916475832462311,0.013156114146113396,-0.023052431643009186,0.045373719185590744,-0.07463224232196808,-0.07965004444122314,-0.17427952587604523,0.2688661217689514,0.13888752460479736,0.2271321415901184,-0.17668071389198303,0.3244677484035492,-0.023365188390016556,0.16544443368911743,0.1752728819847107,0.002895461395382881,0.35851043462753296,-0.8791959881782532,-0.11140713095664978,-0.1944989711046219,-251.02633666992188,50.0,50.0,0.03996333107352257,0.0,0.0,150.0,50.0,0.027360405772924423,0.0,0.0,150.0,50.0,0.027379188686609268,0.0,0.0,50.0,50.0,0.007733900565654039,0.0,0.0,60.0,2.0,0.10143935680389404,0.0,0.0,60.0,2.0,-0.008345453068614006,0.0,0.0,50.0,50.0,0.0809408575296402,0.0,0.0,150.0,50.0,0.0098985331133008,0.0,0.0,150.0,50.0,-0.007826393470168114,0.0,0.0,50.0,50.0,0.08388758450746536,0.0,0.0,60.0,2.0,0.049624402076005936,0.0,0.0,60.0,2.0,-0.01937449537217617,0.0,0.0,150.0,25.0,0.0029977106023579836,0.0,0.0,150.0,25.0,-0.00581799540668726,0.0,0.0,150.0,25.0,0.013945373706519604,0.0,0.0,20.0,8.0,-0.017507154494524002,0.0,0.0,20.0,8.0,-0.023216377943754196,0.0,0.0,20.0,8.0,-0.05070512369275093,0.0,0.0,20.0,8.0,0.07552961260080338,0.0,0.0,10.0,1.0,0.03918241709470749,0.0,0.0,10.0,1.0,0.06699828803539276,0.0,0.0,10.0,1.0,-0.0506439171731472,0.0,0.0,20.0,8.0,0.09476033598184586,0.0,0.0,20.0,8.0,-0.0082065649330616,0.0,0.0,20.0,8.0,0.05066308379173279,0.0,0.0,20.0,8.0,0.049744196236133575,0.0,0.0,10.0,1.0,-0.0009674009052105248,0.0,0.0,10.0,1.0,0.10346578806638718,0.0,0.0,10.0,1.0,-0.25674813985824585,0.0,0.0,1.0,0.10000000149011612,-0.03235873952507973,0.0,0.0,1.0,0.10000000149011612,-0.0535297691822052,0.0,0.0,1.0,0.10000000149011612,0.0,0.0,0.0
1766995091.9661756,1.1327311992645264,0.013276658020913601,0.0054139792919158936,0.013080114498734474,-0.009583972344338929,-0.012673764771243353,0.12645913660526276,-0.02166716940701008,-0.008245029486715794,-0.01506828423589468,0.14209964871406555,-0.05092698708176613,0.15583276748657227,0.040074676275253296,0.02051670104265213,0.000572213320992887,0.01583123579621315,-0.06885633617639542,0.0009587243548594415,-0.005560601130127907,0.03317186236381531,0.050164032727479935,-0.01201647985726595,-0.021171892061829567,-0.10013733059167862,0.024223696440458298,0.06008239835500717,-0.04558632895350456,-0.001716639962978661,0.032616160809993744,0.021171892061829567,-0.12569619715213776,0.005531395319849253,0.06198977679014206,-0.1958876997232437,-0.0013422140618786216,-0.03930769860744476,0.013613885268568993,0.005189255345612764,0.00024420025874860585,-0.002197802299633622,-0.0003052503161597997,0.0,0.0,-0.006410256959497929,0.003663003910332918,-0.00024420025874860585,0.005189255345612764,0.0,0.0,-0.002686202758923173,-0.0031746034510433674,0.002686202758923173,-0.00012210012937430292,-0.00036630037357099354,-0.00012210012937430292,0.001098901149816811,-0.00036630037357099354,0.00036630037357099354,0.00036630037357099354,-0.00012210012937430292,-0.00012210012937430292,0.0013431013794615865,0.00231990241445601,-0.001831501955166459,0.01428571529686451,-0.020879121497273445,-0.0006105006323195994,0.0006105006323195994,-0.0006105006323195994,0.13650619983673096,0.09345730394124985,0.09352146089076996,0.026417352259159088,0.3464951813220978,-0.028506286442279816,0.2764766812324524,0.03381127491593361,-0.026733288541436195,0.2865420877933502,0.16950635612010956,-0.06617914140224457,0.010239539667963982,-0.019873030483722687,0.047634419053792953,-0.05980069935321808,-0.07930219173431396,-0.1731978803873062,0.25799304246902466,0.13383877277374268,0.22885185480117798,-0.17298880219459534,0.3236810863018036,-0.02803187444806099,0.1730542778968811,0.1699155569076538,-0.0033044349402189255,0.3534170389175415,-0.8769968748092651,-0.1105305403470993,-0.18284626305103302,-251.02566528320312,50.0,50.0,0.03813571482896805,0.0,0.0,150.0,50.0,0.02820661850273609,0.0,0.0,150.0,50.0,0.028003985062241554,0.0,0.0,50.0,50.0,0.008393492549657822,0.0,0.0,60.0,2.0,0.1039888858795166,0.0,0.0,60.0,2.0,-0.009918659925460815,0.0,0.0,50.0,50.0,0.08430591225624084,0.0,0.0,150.0,50.0,0.01011333055794239,0.0,0.0,150.0,50.0,-0.005484775640070438,0.0,0.0,50.0,50.0,0.087296262383461,0.0,0.0,60.0,2.0,0.054258108139038086,0.0,0.0,60.0,2.0,-0.015733592212200165,0.0,0.0,150.0,25.0,0.003174982499331236,0.0,0.0,150.0,25.0,-0.005585807375609875,0.0,0.0,150.0,25.0,0.015236392617225647,0.0,0.0,20.0,8.0,-0.013162088580429554,0.0,0.0,20.0,8.0,-0.02413136139512062,0.0,0.0,20.0,8.0,-0.05200521647930145,0.0,0.0,20.0,8.0,0.07322393357753754,0.0,0.0,10.0,1.0,0.03934822231531143,0.0,0.0,10.0,1.0,0.06874465197324753,0.0,0.0,10.0,1.0,-0.05046974495053291,0.0,0.0,20.0,8.0,0.0945829525589943,0.0,0.0,20.0,8.0,-0.005417387466877699,0.0,0.0,20.0,8.0,0.054808713495731354,0.0,0.0,20.0,8.0,0.04776862636208534,0.0,0.0,10.0,1.0,-0.005323028191924095,0.0,0.0,10.0,1.0,0.10856862366199493,0.0,0.0,10.0,1.0,-0.26199090480804443,0.0,0.0,1.0,0.10000000149011612,-0.03252711892127991,0.0,0.0,1.0,0.10000000149011612,-0.05084925889968872,0.0,0.0,1.0,0.10000000149011612,0.0,0.0,0.0
1766995091.990092,1.1566476821899414,0.01593981869518757,0.00834345631301403,0.01121590193361044,-0.007773655222797363,-0.01164801774038612,0.12722209095954895,-0.021283680573105812,-0.009395498782396317,-0.015449759550392628,0.14515145123004913,-0.05092698708176613,0.15316243469715118,0.04045816883444786,0.02051670104265213,0.0013351644156500697,0.010872052982449532,-0.06885633617639542,0.0005752345896326005,-0.00671107042580843,0.03470582142472267,0.050164032727479935,-0.012397955171763897,-0.021171892061829567,-0.10013733059167862,0.024223696440458298,0.06008239835500717,-0.04558632895350456,-0.001716639962978661,0.032616160809993744,0.021171892061829567,-0.12493324279785156,0.004386968910694122,0.06656748056411743,-0.20504310727119446,-0.0013422140618786216,-0.03930769860744476,0.013230396434664726,0.004578754771500826,0.0012210012646391988,-0.002197802299633622,-0.0009157509775832295,0.0,0.0,-0.006410256959497929,0.002686202758923173,-0.00024420025874860585,0.001526251551695168,0.0,0.0,-0.0017094018403440714,-0.0012210012646391988,0.002197802299633622,-0.00012210012937430292,-0.001098901149816811,-0.00036630037357099354,-0.00012210012937430292,-0.00036630037357099354,-0.00036630037357099354,-0.001098901149816811,-0.00012210012937430292,-0.00012210012937430292,0.00012210012937430292,0.001098901149816811,-0.0025641026441007853,0.009890110231935978,-0.02161172218620777,0.0006105006323195994,-0.0006105006323195994,-0.0006105006323195994,0.12736305594444275,0.09420254081487656,0.09352579712867737,0.028032012283802032,0.34729498624801636,-0.03312566503882408,0.28155913949012756,0.03377581015229225,-0.018317678943276405,0.291546106338501,0.18120752274990082,-0.052545975893735886,0.010603589937090874,-0.018655098974704742,0.05088546499609947,-0.043957844376564026,-0.08059227466583252,-0.17368347942829132,0.24454830586910248,0.13141250610351562,0.22958868741989136,-0.16855540871620178,0.3158816993236542,-0.018092621117830276,0.1830464005470276,0.15953439474105835,-0.01777748577296734,0.36259007453918457,-0.8749793767929077,-0.10863184928894043,-0.16982288658618927,-251.06207275390625,50.0,50.0,0.03749597445130348,0.0,0.0,150.0,50.0,0.027312709018588066,0.0,0.0,150.0,50.0,0.029385888949036598,0.0,0.0,50.0,50.0,0.009057404473423958,0.0,0.0,60.0,2.0,0.10721282660961151,0.0,0.0,60.0,2.0,-0.011780612170696259,0.0,0.0,50.0,50.0,0.08985573798418045,0.0,0.0,150.0,50.0,0.011694267392158508,0.0,0.0,150.0,50.0,-0.005027974955737591,0.0,0.0,50.0,50.0,0.09115782380104065,0.0,0.0,60.0,2.0,0.0603211484849453,0.0,0.0,60.0,2.0,-0.01116189081221819,0.0,0.0,150.0,25.0,0.0026898484211415052,0.0,0.0,150.0,25.0,-0.006192390341311693,0.0,0.0,150.0,25.0,0.01568514108657837,0.0,0.0,20.0,8.0,-0.008927445858716965,0.0,0.0,20.0,8.0,-0.022818339988589287,0.0,0.0,20.0,8.0,-0.05209718644618988,0.0,0.0,20.0,8.0,0.07251304388046265,0.0,0.0,10.0,1.0,0.0397222675383091,0.0,0.0,10.0,1.0,0.06906132400035858,0.0,0.0,10.0,1.0,-0.05083741247653961,0.0,0.0,20.0,8.0,0.09810171276330948,0.0,0.0,20.0,8.0,-0.005695084109902382,0.0,0.0,20.0,8.0,0.058027442544698715,0.0,0.0,20.0,8.0,0.04887406527996063,0.0,0.0,10.0,1.0,-0.0074464185163378716,0.0,0.0,10.0,1.0,0.11211686581373215,0.0,0.0,10.0,1.0,-0.2671889364719391,0.0,0.0,1.0,0.10000000149011612,-0.033012647181749344,0.0,0.0,1.0,0.10000000149011612,-0.04608647897839546,0.0,0.0,1.0,0.10000000149011612,0.0,0.0,0.0
1766995092.0056224,1.172178030014038,0.01780403032898903,0.004615031182765961,0.017341170459985733,-0.0061537802233219965,-0.011051790388760033,0.12836651504039764,-0.021283680573105812,-0.009395498782396317,-0.015449759550392628,0.14782176911830902,-0.05092698708176613,0.1501106321811676,0.041992127895355225,0.02051670104265213,0.002861066721379757,0.007438773289322853,-0.06885633617639542,0.00019174486806150526,-0.00671107042580843,0.035472799092531204,0.050164032727479935,-0.012397955171763897,-0.021171892061829567,-0.10013733059167862,0.024223696440458298,0.06008239835500717,-0.04558632895350456,-0.001716639962978661,0.032616160809993744,0.021171892061829567,-0.12455176562070847,0.004005493130534887,0.06961929053068161,-0.21229113638401031,-0.0013422140618786216,-0.03969118744134903,0.013613885268568993,0.002747252816334367,0.0007326007471419871,-0.0017094018403440714,-0.0003052503161597997,0.0,0.0,-0.008241758681833744,0.0012210012646391988,-0.00024420025874860585,0.004578754771500826,0.0,0.0,-0.00024420025874860585,-0.0012210012646391988,0.0017094018403440714,0.00012210012937430292,-0.0008547009201720357,-0.0006105006323195994,-0.00012210012937430292,-0.00036630037357099354,0.00036630037357099354,-0.00036630037357099354,-0.00012210012937430292,-0.00036630037357099354,0.00036630037357099354,0.001098901149816811,-0.001831501955166459,0.005494505632668734,-0.02380952425301075,0.0006105006323195994,-0.0006105006323195994,0.0006105006323195994,0.12166057527065277,0.0886196419596672,0.0953463464975357,0.029387928545475006,0.3478659987449646,-0.03822373226284981,0.29154863953590393,0.03794357553124428,-0.01631391979753971,0.295773446559906,0.19571982324123383,-0.03621621057391167,0.008727563545107841,-0.020092017948627472,0.050892483443021774,-0.028966262936592102,-0.07403707504272461,-0.1690361052751541,0.23527802526950836,0.12888407707214355,0.2240784764289856,-0.16494861245155334,0.31830379366874695,-0.01847844198346138,0.18827760219573975,0.1585782766342163,-0.024160875007510185,0.3637777864933014,-0.8669293522834778,-0.10711383819580078,-0.14953358471393585,-251.05409240722656,50.0,50.0,0.037396155297756195,0.0,0.0,150.0,50.0,0.027267977595329285,0.0,0.0,150.0,50.0,0.02983618713915348,0.0,0.0,50.0,50.0,0.010164209641516209,0.0,0.0,60.0,2.0,0.10986151546239853,0.0,0.0,60.0,2.0,-0.01282627321779728,0.0,0.0,50.0,50.0,0.09120641648769379,0.0,0.0,150.0,50.0,0.012956192716956139,0.0,0.0,150.0,50.0,-0.0031364341266453266,0.0,0.0,50.0,50.0,0.09310091286897659,0.0,0.0,60.0,2.0,0.06315843760967255,0.0,0.0,60.0,2.0,-0.006615609861910343,0.0,0.0,150.0,25.0,0.0022901883348822594,0.0,0.0,150.0,25.0,-0.006164263468235731,0.0,0.0,150.0,25.0,0.016379550099372864,0.0,0.0,20.0,8.0,-0.0050412495620548725,0.0,0.0,20.0,8.0,-0.022257717326283455,0.0,0.0,20.0,8.0,-0.052433986216783524,0.0,0.0,20.0,8.0,0.07108427584171295,0.0,0.0,10.0,1.0,0.04005951061844826,0.0,0.0,10.0,1.0,0.07047926634550095,0.0,0.0,10.0,1.0,-0.050213176757097244,0.0,0.0,20.0,8.0,0.0975031703710556,0.0,0.0,20.0,8.0,-0.0046469285152852535,0.0,0.0,20.0,8.0,0.06260071694850922,0.0,0.0,20.0,8.0,0.04830498620867729,0.0,0.0,10.0,1.0,-0.009663823060691357,0.0,0.0,10.0,1.0,0.11756038665771484,0.0,0.0,10.0,1.0,-0.2717643082141876,0.0,0.0,1.0,0.10000000149011612,-0.03321409597992897,0.0,0.0,1.0,0.10000000149011612,-0.04121050238609314,0.0,0.0,1.0,0.10000000149011612,0.0,0.0,0.0
1766995092.0258796,1.1924352645874023,0.017005082219839096,0.006479243747889996,0.022401176393032074,-0.004590801447448766,-0.010547866122822125,0.12912946939468384,-0.02051670104265213,-0.01054596807807684,-0.015449759550392628,0.152399480342865,-0.05092698708176613,0.14820325374603271,0.041992127895355225,0.02051670104265213,0.004005493130534887,0.001716639962978661,-0.06885633617639542,0.00019174486806150526,-0.007094560191035271,0.0366232693195343,0.05054550990462303,-0.012779430486261845,-0.02193484455347061,-0.10013733059167862,0.024223696440458298,0.06046387553215027,-0.04558632895350456,-0.001716639962978661,0.032616160809993744,0.021553369238972664,-0.12417028844356537,0.002861066721379757,0.07381551712751389,-0.22030213475227356,-0.0013422140618786216,-0.03969118744134903,0.013613885268568993,0.0003052503161597997,0.002686202758923173,-0.0031746034510433674,-0.001526251551695168,0.0,0.0,-0.003968254197388887,0.0017094018403440714,-0.00024420025874860585,0.0021367522422224283,0.0,0.0,-0.00024420025874860585,-0.00024420025874860585,0.002197802299633622,0.001098901149816811,-0.0006105006323195994,-0.0020757021848112345,-0.00012210012937430292,-0.001098901149816811,-0.00036630037357099354,0.00036630037357099354,-0.00012210012937430292,-0.00012210012937430292,0.001098901149816811,0.0006105006323195994,-0.0025641026441007853,0.009890110231935978,-0.016483517363667488,-0.0006105006323195994,0.0006105006323195994,-0.0006105006323195994,0.1191447377204895,0.08687620609998703,0.09505856037139893,0.032383330166339874,0.35002049803733826,-0.04086470603942871,0.29058507084846497,0.04127863422036171,-0.009992728009819984,0.2966209650039673,0.20122377574443817,-0.021077437326312065,0.007296575699001551,-0.01963943988084793,0.05218550190329552,-0.01606149971485138,-0.07091343402862549,-0.16705550253391266,0.22647561132907867,0.12763023376464844,0.22454804182052612,-0.15997996926307678,0.3106466233730316,-0.014805186539888382,0.19944685697555542,0.15390044450759888,-0.03078909032046795,0.3745492398738861,-0.8658453822135925,-0.10582062602043152,-0.131297305226326,-251.11227416992188,50.0,50.0,0.03844882920384407,0.0,0.0,150.0,50.0,0.02580578811466694,0.0,0.0,150.0,50.0,0.030727488920092583,0.0,0.0,50.0,50.0,0.011730827391147614,0.0,0.0,60.0,2.0,0.11332149803638458,0.0,0.0,60.0,2.0,-0.014454617165029049,0.0,0.0,50.0,50.0,0.09406755119562149,0.0,0.0,150.0,50.0,0.014297141693532467,0.0,0.0,150.0,50.0,-0.002740748692303896,0.0,0.0,50.0,50.0,0.09617840498685837,0.0,0.0,60.0,2.0,0.0692782923579216,0.0,0.0,60.0,2.0,-0.001988041680306196,0.0,0.0,150.0,25.0,0.0015766802243888378,0.0,0.0,150.0,25.0,-0.0064969551749527454,0.0,0.0,150.0,25.0,0.016863582655787468,0.0,0.0,20.0,8.0,-0.003761764382943511,0.0,0.0,20.0,8.0,-0.021528195589780807,0.0,0.0,20.0,8.0,-0.05206362158060074,0.0,0.0,20.0,8.0,0.07144609838724136,0.0,0.0,10.0,1.0,0.03997525945305824,0.0,0.0,10.0,1.0,0.07250700891017914,0.0,0.0,10.0,1.0,-0.050445787608623505,0.0,0.0,20.0,8.0,0.10081251710653305,0.0,0.0,20.0,8.0,-0.007374007720500231,0.0,0.0,20.0,8.0,0.06633539497852325,0.0,0.0,20.0,8.0,0.04867672920227051,0.0,0.0,10.0,1.0,-0.010579673573374748,0.0,0.0,10.0,1.0,0.11742857098579407,0.0,0.0,10.0,1.0,-0.2756175696849823,0.0,0.0,1.0,0.10000000149011612,-0.03400102257728577,0.0,0.0,1.0,0.10000000149011612,-0.0352153480052948,0.0,0.0,1.0,0.10000000149011612,0.0,0.0,0.0
1766995092.0444138,1.2109694480895996,0.015673503279685974,0.0043487148359417915,0.016275906935334206,-0.003111015015349874,-0.009727963940303399,0.12912946939468384,-0.019749721512198448,-0.011696437373757362,-0.016212711110711098,0.15430685877799988,-0.05092698708176613,0.14667734503746033,0.04275910556316376,0.02051670104265213,0.005531395319849253,-0.0024795911740511656,-0.06847485899925232,-0.00019174486806150526,-0.007094560191035271,0.03739025071263313,0.05092698708176613,-0.013160906732082367,-0.02231631986796856,-0.10013733059167862,0.024605173617601395,0.06046387553215027,-0.04558632895350456,-0.001716639962978661,0.032616160809993744,0.02231631986796856,-0.12417028844356537,0.0024795911740511656,0.07801175117492676,-0.22526131570339203,-0.0017257038271054626,-0.03930769860744476,0.013613885268568993,-0.0003052503161597997,0.0017094018403440714,-0.004151404369622469,-0.002747252816334367,0.0,0.0,-0.005799755919724703,0.002686202758923173,-0.00024420025874860585,0.005189255345612764,0.0,0.0,-0.0017094018403440714,-0.00024420025874860585,0.0017094018403440714,0.00036630037357099354,-0.00231990241445601,-0.0015873017255216837,-0.00012210012937430292,0.00036630037357099354,0.001098901149816811,-0.00036630037357099354,-0.00012210012937430292,-0.00036630037357099354,0.0020757021848112345,-0.00012210012937430292,-0.001831501955166459,0.012087912298738956,-0.01428571529686451,-0.0006105006323195994,-0.0006105006323195994,-0.0006105006323195994,0.11970022320747375,0.0803394690155983,0.09566187858581543,0.036520816385746,0.35279640555381775,-0.04500061273574829,0.29285433888435364,0.04451035335659981,-0.00853259302675724,0.2994259297847748,0.2156795710325241,-0.006189239677041769,0.004908575210720301,-0.02022654563188553,0.05250028893351555,-0.011711254715919495,-0.06702232360839844,-0.16208626329898834,0.22242845594882965,0.12445235252380371,0.22573131322860718,-0.15704956650733948,0.313852995634079,-0.02295701578259468,0.20651763677597046,0.151542067527771,-0.032937005162239075,0.365582674741745,-0.8580620884895325,-0.10585315525531769,-0.10963363200426102,-251.10804748535156,50.0,50.0,0.03645961359143257,0.0,0.0,150.0,50.0,0.02575789764523506,0.0,0.0,150.0,50.0,0.031222529709339142,0.0,0.0,50.0,50.0,0.012115211226046085,0.0,0.0,60.0,2.0,0.1152721419930458,0.0,0.0,60.0,2.0,-0.015523754060268402,0.0,0.0,50.0,50.0,0.09836847335100174,0.0,0.0,150.0,50.0,0.014570854604244232,0.0,0.0,150.0,50.0,-0.0020558941178023815,0.0,0.0,50.0,50.0,0.09984540939331055,0.0,0.0,60.0,2.0,0.07304485142230988,0.0,0.0,60.0,2.0,0.002534439554437995,0.0,0.0,150.0,25.0,0.0010215641232207417,0.0,0.0,150.0,25.0,-0.006518267095088959,0.0,0.0,150.0,25.0,0.017559614032506943,0.0,0.0,20.0,8.0,0.0007248254842124879,0.0,0.0,20.0,8.0,-0.018750568851828575,0.0,0.0,20.0,8.0,-0.05103708803653717,0.0,0.0,20.0,8.0,0.07149962335824966,0.0,0.0,10.0,1.0,0.039599526673555374,0.0,0.0,10.0,1.0,0.07370854914188385,0.0,0.0,10.0,1.0,-0.052426811307668686,0.0,0.0,20.0,8.0,0.10124257951974869,0.0,0.0,20.0,8.0,-0.008659185841679573,0.0,0.0,20.0,8.0,0.06911812722682953,0.0,0.0,20.0,8.0,0.04799620807170868,0.0,0.0,10.0,1.0,-0.012359380722045898,0.0,0.0,10.0,1.0,0.1196676567196846,0.0,0.0,10.0,1.0,-0.28011757135391235,0.0,0.0,1.0,0.10000000149011612,-0.03391777351498604,0.0,0.0,1.0,0.10000000149011612,-0.03222174942493439,0.0,0.0,1.0,0.10000000149011612,0.0,0.0,0.0
1766995092.0646226,1.2311782836914062,0.012744025327265263,0.002484502037987113,0.020004332065582275,-0.002019278483037174,-0.01000608343898694,0.12951095402240753,-0.018982741981744766,-0.013230396434664726,-0.018120087683200836,0.15735866129398346,-0.05092698708176613,0.14438849687576294,0.04429306462407112,0.02051670104265213,0.005912871100008488,-0.00667582219466567,-0.06847485899925232,-0.0009587243548594415,-0.007094560191035271,0.038157228380441666,0.05092698708176613,-0.013923857361078262,-0.023460745811462402,-0.09975585341453552,0.024605173617601395,0.06084534898400307,-0.04558632895350456,-0.001716639962978661,0.032616160809993744,0.02384222112596035,-0.12417028844356537,0.001716639962978661,0.08297093212604523,-0.2313649207353592,-0.0013422140618786216,-0.03930769860744476,0.013613885268568993,0.0003052503161597997,0.002197802299633622,-0.00463980482891202,-0.005189255345612764,0.0,0.0,-0.005189255345612764,0.00463980482891202,-0.00024420025874860585,-0.0003052503161597997,0.0,0.0,-0.002197802299633622,-0.00024420025874860585,0.0007326007471419871,0.00036630037357099354,-0.0020757021848112345,-0.0028083028737455606,0.00012210012937430292,0.00036630037357099354,-0.00036630037357099354,-0.00036630037357099354,-0.00036630037357099354,-0.00012210012937430292,0.004761904943734407,0.00012210012937430292,-0.001831501955166459,0.010622710920870304,-0.01794871874153614,-0.0006105006323195994,-0.0006105006323195994,-0.0006105006323195994,0.11119601130485535,0.07855748385190964,0.09522373974323273,0.036949463188648224,0.35156166553497314,-0.04734497517347336,0.3000081777572632,0.04443878307938576,-0.006270149257034063,0.3045125901699066,0.2227751463651657,0.00772963697090745,0.0031156078912317753,-0.019879676401615143,0.053554024547338486,0.0022106021642684937,-0.057186245918273926,-0.15565498173236847,0.21806244552135468,0.12077224254608154,0.22479933500289917,-0.15989342331886292,0.3087737262248993,-0.02640913799405098,0.21079927682876587,0.14638078212738037,-0.037694141268730164,0.3649672865867615,-0.8543139100074768,-0.10344380140304565,-0.0982711985707283,-251.1149139404297,50.0,50.0,0.03602989763021469,0.0,0.0,150.0,50.0,0.025219246745109558,0.0,0.0,150.0,50.0,0.03123168833553791,0.0,0.0,50.0,50.0,0.012447922490537167,0.0,0.0,60.0,2.0,0.1175042986869812,0.0,0.0,60.0,2.0,-0.016779225319623947,0.0,0.0,50.0,50.0,0.1015944853425026,0.0,0.0,150.0,50.0,0.014076105318963528,0.0,0.0,150.0,50.0,-0.0005018384545110166,0.0,0.0,50.0,50.0,0.1005200520157814,0.0,0.0,60.0,2.0,0.07420436292886734,0.0,0.0,60.0,2.0,0.006758746225386858,0.0,0.0,150.0,25.0,0.0003640229697339237,0.0,0.0,150.0,25.0,-0.006172133143991232,0.0,0.0,150.0,25.0,0.018057022243738174,0.0,0.0,20.0,8.0,0.005347900092601776,0.0,0.0,20.0,8.0,-0.016742242500185966,0.0,0.0,20.0,8.0,-0.04977371171116829,0.0,0.0,20.0,8.0,0.07035183906555176,0.0,0.0,10.0,1.0,0.04024074971675873,0.0,0.0,10.0,1.0,0.07449936121702194,0.0,0.0,10.0,1.0,-0.05659405142068863,0.0,0.0,20.0,8.0,0.10149206966161728,0.0,0.0,20.0,8.0,-0.011125919409096241,0.0,0.0,20.0,8.0,0.07292738556861877,0.0,0.0,20.0,8.0,0.04728415980935097,0.0,0.0,10.0,1.0,-0.013313435018062592,0.0,0.0,10.0,1.0,0.12377377599477768,0.0,0.0,10.0,1.0,-0.2880226671695709,0.0,0.0,1.0,0.10000000149011612,-0.03455319628119469,0.0,0.0,1.0,0.10000000149011612,-0.030235299840569496,0.0,0.0,1.0,0.10000000149011612,0.0,0.0,0.0
1766995092.084269,1.2508246898651123,0.015673503279685974,0.005147662945091724,0.022933809086680412,-0.0014079260048101682,-0.008257491291293825,0.12951095402240753,-0.017832273617386818,-0.014764354564249516,-0.01926451548933983,0.15888457000255585,-0.05092698708176613,0.14248111844062805,0.04621051251888275,0.020133210346102715,0.00667582219466567,-0.010872052982449532,-0.06847485899925232,-0.0017257038271054626,-0.007094560191035271,0.03854071721434593,0.05092698708176613,-0.01430533267557621,-0.024605173617601395,-0.10013733059167862,0.024986648932099342,0.06084534898400307,-0.04558632895350456,-0.001716639962978661,0.032616160809993744,0.026131074875593185,-0.12378881871700287,0.000572213320992887,0.086785688996315,-0.23861294984817505,-0.0013422140618786216,-0.03930769860744476,0.013613885268568993,0.0003052503161597997,0.002197802299633622,-0.003663003910332918,-0.003968254197388887,0.0,0.0,-0.007020757533609867,0.0051282052882015705,-0.00024420025874860585,0.0021367522422224283,0.0,0.0,-0.002197802299633622,-0.00024420025874860585,0.0017094018403440714,0.00036630037357099354,-0.00012210012937430292,-0.003296703565865755,-0.00012210012937430292,0.00036630037357099354,0.00036630037357099354,-0.00036630037357099354,0.00012210012937430292,-0.00012210012937430292,0.00622710632160306,0.00012210012937430292,-0.003296703565865755,0.009890110231935978,-0.019413920119404793,-0.0006105006323195994,0.0006105006323195994,-0.001831501955166459,0.10752393305301666,0.07526173442602158,0.09320464730262756,0.03714830428361893,0.3506677746772766,-0.050074197351932526,0.30318817496299744,0.042007286101579666,-0.0014976351521909237,0.2999817430973053,0.2214478999376297,0.02017010934650898,0.0010863528586924076,-0.018419481813907623,0.05388752743601799,0.0159597247838974,-0.04996383190155029,-0.14853955805301666,0.20995081961154938,0.12009036540985107,0.22232824563980103,-0.1688934862613678,0.30288252234458923,-0.03320305421948433,0.21763700246810913,0.14111000299453735,-0.03973124921321869,0.3693777620792389,-0.8595452904701233,-0.10311701893806458,-0.09023112803697586,-251.21737670898438,50.0,50.0,0.03646858409047127,0.0,0.0,150.0,50.0,0.024596085771918297,0.0,0.0,150.0,50.0,0.03202040493488312,0.0,0.0,50.0,50.0,0.013459033332765102,0.0,0.0,60.0,2.0,0.11994624137878418,0.0,0.0,60.0,2.0,-0.017808465287089348,0.0,0.0,50.0,50.0,0.10542583465576172,0.0,0.0,150.0,50.0,0.01483829878270626,0.0,0.0,150.0,50.0,0.0008778708870522678,0.0,0.0,50.0,50.0,0.10224279761314392,0.0,0.0,60.0,2.0,0.07815757393836975,0.0,0.0,60.0,2.0,0.012001142837107182,0.0,0.0,150.0,25.0,8.941685518948361e-05,0.0,0.0,150.0,25.0,-0.00596983265131712,0.0,0.0,150.0,25.0,0.01805840991437435,0.0,0.0,20.0,8.0,0.009066862985491753,0.0,0.0,20.0,8.0,-0.016695352271199226,0.0,0.0,20.0,8.0,-0.05056281387805939,0.0,0.0,20.0,8.0,0.06975876539945602,0.0,0.0,10.0,1.0,0.04044166952371597,0.0,0.0,10.0,1.0,0.07422778010368347,0.0,0.0,10.0,1.0,-0.05913422256708145,0.0,0.0,20.0,8.0,0.10422691702842712,0.0,0.0,20.0,8.0,-0.011500745080411434,0.0,0.0,20.0,8.0,0.07677003741264343,0.0,0.0,20.0,8.0,0.04801035672426224,0.0,0.0,10.0,1.0,-0.014748034067451954,0.0,0.0,10.0,1.0,0.12910780310630798,0.0,0.0,10.0,1.0,-0.29317212104797363,0.0,0.0,1.0,0.10000000149011612,-0.034757811576128006,0.0,0.0,1.0,0.10000000149011612,-0.026883283630013466,0.0,0.0,1.0,0.10000000149011612,0.0,0.0,0.0
1766995092.105564,1.2721197605133057,0.01860298030078411,0.0043487148359417915,0.03145592287182808,-0.0010035354014478963,-0.00782639513648741,0.12989242374897003,-0.017065294086933136,-0.01591482385993004,-0.020027466118335724,0.16079194843769073,-0.05092698708176613,0.13981078565120697,0.04851145297288895,0.020133210346102715,0.008201723918318748,-0.01506828423589468,-0.06733043491840363,-0.0024926832411438227,-0.007094560191035271,0.03930769860744476,0.05207141116261482,-0.01430533267557621,-0.024986648932099342,-0.10013733059167862,0.024986648932099342,0.061226826161146164,-0.04558632895350456,-0.001716639962978661,0.032616160809993744,0.028038453310728073,-0.12378881871700287,-0.000572213320992887,0.08983749151229858,-0.24204623699188232,-0.0013422140618786216,-0.03930769860744476,0.013613885268568993,0.0003052503161597997,0.0012210012646391988,-0.002686202758923173,-0.0003052503161597997,0.0,0.0,-0.007020757533609867,0.00463980482891202,-0.00024420025874860585,0.002747252816334367,0.0,0.0,-0.0017094018403440714,-0.00024420025874860585,0.00024420025874860585,0.0020757021848112345,-0.00012210012937430292,-0.0006105006323195994,0.00012210012937430292,0.001098901149816811,0.00036630037357099354,0.00036630037357099354,-0.00036630037357099354,-0.00012210012937430292,0.004273504484444857,0.00036630037357099354,-0.003296703565865755,0.008424908854067326,-0.009157509543001652,-0.001831501955166459,0.0006105006323195994,0.0006105006323195994,0.10662178695201874,0.07191061973571777,0.09361681342124939,0.03934965282678604,0.35068216919898987,-0.05206591635942459,0.3082294166088104,0.043382156640291214,0.002566596958786249,0.2989232838153839,0.22850625216960907,0.03508727625012398,0.00026142457500100136,-0.017453767359256744,0.05279667302966118,0.026508435606956482,-0.04881155490875244,-0.14782853424549103,0.20395098626613617,0.11823773384094238,0.21701687574386597,-0.17288842797279358,0.30472418665885925,-0.033624280244112015,0.22444957494735718,0.14036601781845093,-0.043118253350257874,0.37746745347976685,-0.8571359515190125,-0.10162006318569183,-0.07859761267900467,-251.19546508789062,50.0,50.0,0.03718104586005211,0.0,0.0,150.0,50.0,0.024950344115495682,0.0,0.0,150.0,50.0,0.03221331536769867,0.0,0.0,50.0,50.0,0.014956696890294552,0.0,0.0,60.0,2.0,0.12282093614339828,0.0,0.0,60.0,2.0,-0.018704954534769058,0.0,0.0,50.0,50.0,0.10605275630950928,0.0,0.0,150.0,50.0,0.01580081693828106,0.0,0.0,150.0,50.0,0.0034684056881815195,0.0,0.0,50.0,50.0,0.10339435935020447,0.0,0.0,60.0,2.0,0.08140909671783447,0.0,0.0,60.0,2.0,0.017090298235416412,0.0,0.0,150.0,25.0,-0.00034622897510416806,0.0,0.0,150.0,25.0,-0.005469867028295994,0.0,0.0,150.0,25.0,0.018922053277492523,0.0,0.0,20.0,8.0,0.009101878851652145,0.0,0.0,20.0,8.0,-0.017925934866070747,0.0,0.0,20.0,8.0,-0.05221523717045784,0.0,0.0,20.0,8.0,0.06786724925041199,0.0,0.0,10.0,1.0,0.041114527732133865,0.0,0.0,10.0,1.0,0.07558812946081161,0.0,0.0,10.0,1.0,-0.060486916452646255,0.0,0.0,20.0,8.0,0.10659703612327576,0.0,0.0,20.0,8.0,-0.010671265423297882,0.0,0.0,20.0,8.0,0.08107158541679382,0.0,0.0,20.0,8.0,0.04735705256462097,0.0,0.0,10.0,1.0,-0.016554618254303932,0.0,0.0,10.0,1.0,0.13563555479049683,0.0,0.0,10.0,1.0,-0.29935503005981445,0.0,0.0,1.0,0.10000000149011612,-0.0352582223713398,0.0,0.0,1.0,0.10000000149011612,-0.0222244281321764,0.0,0.0,1.0,0.10000000149011612,0.0,0.0,0.0
1766995092.1250849,1.2916405200958252,0.016206134110689163,0.01233819779008627,0.0375811941921711,2.6577639274266816e-05,-0.007359813752056074,0.13141833245754242,-0.016298314556479454,-0.01668180339038372,-0.020027466118335724,0.16346226632595062,-0.05092698708176613,0.1371404528617859,0.05004541203379631,0.020133210346102715,0.008201723918318748,-0.01888304017484188,-0.06542305648326874,-0.0028761730063706636,-0.007094560191035271,0.03930769860744476,0.05245288833975792,-0.01430533267557621,-0.02536812424659729,-0.10013733059167862,0.025749599561095238,0.061226826161146164,-0.04596780240535736,-0.001716639962978661,0.032616160809993744,0.029182879254221916,-0.12340734153985977,-0.0009536888683214784,0.09365224838256836,-0.24891279637813568,-0.0013422140618786216,-0.0389242097735405,0.013613885268568993,0.005189255345612764,0.0012210012646391988,-0.0012210012646391988,-0.0009157509775832295,0.0,0.0,-0.008241758681833744,0.002197802299633622,-0.0007326007471419871,-0.0003052503161597997,0.0,0.0,-0.0012210012646391988,-0.00024420025874860585,0.0007326007471419871,0.0013431013794615865,0.00012210012937430292,-0.001098901149816811,-0.00012210012937430292,0.003296703565865755,-0.00036630037357099354,-0.001831501955166459,-0.00012210012937430292,-0.00036630037357099354,0.0035409037955105305,0.001098901149816811,-0.001831501955166459,0.008424908854067326,-0.009890110231935978,-0.0006105006323195994,0.0006105006323195994,-0.0006105006323195994,0.106392040848732,0.07139438390731812,0.09217707812786102,0.04279797524213791,0.35144707560539246,-0.053523458540439606,0.3034656047821045,0.04521339014172554,0.009924700483679771,0.2958587110042572,0.23294879496097565,0.04890318587422371,-0.0009907200001180172,-0.015651799738407135,0.05414467677474022,0.026044651865959167,-0.05129432678222656,-0.14941175282001495,0.194199338555336,0.11764752864837646,0.21629232168197632,-0.17308083176612854,0.30502304434776306,-0.030535388737916946,0.2319830060005188,0.13551026582717896,-0.04737035930156708,0.3881155550479889,-0.8565921187400818,-0.10088995099067688,-0.063594289124012,-251.24468994140625,50.0,50.0,0.037636976689100266,0.0,0.0,150.0,50.0,0.02469380386173725,0.0,0.0,150.0,50.0,0.033983953297138214,0.0,0.0,50.0,50.0,0.01592475175857544,0.0,0.0,60.0,2.0,0.12663869559764862,0.0,0.0,60.0,2.0,-0.020547933876514435,0.0,0.0,50.0,50.0,0.11011616140604019,0.0,0.0,150.0,50.0,0.016804637387394905,0.0,0.0,150.0,50.0,0.005321749486029148,0.0,0.0,50.0,50.0,0.10433531552553177,0.0,0.0,60.0,2.0,0.08682778477668762,0.0,0.0,60.0,2.0,0.021251995116472244,0.0,0.0,150.0,25.0,0.0006793920765630901,0.0,0.0,150.0,25.0,-0.004745293874293566,0.0,0.0,150.0,25.0,0.019423341378569603,0.0,0.0,20.0,8.0,0.012270144186913967,0.0,0.0,20.0,8.0,-0.01819058321416378,0.0,0.0,20.0,8.0,-0.05584544315934181,0.0,0.0,20.0,8.0,0.06807864457368851,0.0,0.0,10.0,1.0,0.042338307946920395,0.0,0.0,10.0,1.0,0.0750487893819809,0.0,0.0,10.0,1.0,-0.062110450118780136,0.0,0.0,20.0,8.0,0.11265096068382263,0.0,0.0,20.0,8.0,-0.008126337081193924,0.0,0.0,20.0,8.0,0.08295659720897675,0.0,0.0,20.0,8.0,0.04730762541294098,0.0,0.0,10.0,1.0,-0.018640168011188507,0.0,0.0,10.0,1.0,0.1392272561788559,0.0,0.0,10.0,1.0,-0.30440807342529297,0.0,0.0,1.0,0.10000000149011612,-0.03634170442819595,0.0,0.0,1.0,0.10000000149011612,-0.01727127470076084,0.0,0.0,1.0,0.10000000149011612,0.0,0.0,0.0
1766995092.145559,1.3121147155761719,0.01780403032898903,0.000353973446181044,0.040510669350624084,0.0005421970485955071,-0.007835066015506379,0.1329442262649536,-0.015531334094703197,-0.017065294086933136,-0.020027466118335724,0.1661325991153717,-0.05092698708176613,0.1340886503458023,0.05081238970160484,0.020133210346102715,0.008201723918318748,-0.023460745811462402,-0.06351567804813385,-0.0032596627715975046,-0.007094560191035271,0.03969118744134903,0.053215838968753815,-0.01430533267557621,-0.025749599561095238,-0.10013733059167862,0.026512550190091133,0.061226826161146164,-0.04901960864663124,-0.001716639962978661,0.032616160809993744,0.03223468363285065,-0.12226291000843048,-0.0013351644156500697,0.09632257372140884,-0.25539788603782654,-0.0013422140618786216,-0.0389242097735405,0.013613885268568993,0.0021367522422224283,0.002197802299633622,-0.0017094018403440714,-0.0003052503161597997,0.0,0.0,-0.007020757533609867,0.0017094018403440714,-0.00024420025874860585,0.0003052503161597997,0.0,0.0,-0.0017094018403440714,-0.00024420025874860585,0.00024420025874860585,0.0008547009201720357,-0.00012210012937430292,-0.001098901149816811,-0.00012210012937430292,0.00036630037357099354,-0.00036630037357099354,-0.009890110231935978,-0.00012210012937430292,-0.00012210012937430292,0.0064713070169091225,0.0020757021848112345,-0.001098901149816811,0.007692308165132999,-0.020879121497273445,-0.0006105006323195994,-0.0006105006323195994,-0.003052503103390336,0.10565996170043945,0.06932401657104492,0.09540466964244843,0.04470626264810562,0.3555184602737427,-0.05768512934446335,0.30913400650024414,0.047176409512758255,0.014939984306693077,0.29290518164634705,0.243755504488945,0.05966167524456978,0.0019072876311838627,-0.01332167536020279,0.05452800914645195,0.03444652259349823,-0.051067233085632324,-0.15677739679813385,0.1911202222108841,0.1188582181930542,0.2106878161430359,-0.17436543107032776,0.3162500560283661,-0.022813428193330765,0.23288774490356445,0.13280880451202393,-0.052329376339912415,0.39085885882377625,-0.8545783162117004,-0.10202369093894958,-0.04848641902208328,-251.2551727294922,50.0,50.0,0.037538085132837296,0.0,0.0,150.0,50.0,0.02420426532626152,0.0,0.0,150.0,50.0,0.033990442752838135,0.0,0.0,50.0,50.0,0.017266159877181053,0.0,0.0,60.0,2.0,0.12898483872413635,0.0,0.0,60.0,2.0,-0.022326283156871796,0.0,0.0,50.0,50.0,0.11012761294841766,0.0,0.0,150.0,50.0,0.01812080293893814,0.0,0.0,150.0,50.0,0.008028590120375156,0.0,0.0,50.0,50.0,0.10333458334207535,0.0,0.0,60.0,2.0,0.0892787054181099,0.0,0.0,60.0,2.0,0.02485473081469536,0.0,0.0,150.0,25.0,-0.0003415191313251853,0.0,0.0,150.0,25.0,-0.004810995887964964,0.0,0.0,150.0,25.0,0.02056460827589035,0.0,0.0,20.0,8.0,0.014346936717629433,0.0,0.0,20.0,8.0,-0.01532390620559454,0.0,0.0,20.0,8.0,-0.054804861545562744,0.0,0.0,20.0,8.0,0.06871313601732254,0.0,0.0,10.0,1.0,0.04161814600229263,0.0,0.0,10.0,1.0,0.07675208151340485,0.0,0.0,10.0,1.0,-0.06311249732971191,0.0,0.0,20.0,8.0,0.11284142732620239,0.0,0.0,20.0,8.0,-0.013382183387875557,0.0,0.0,20.0,8.0,0.08600620925426483,0.0,0.0,20.0,8.0,0.0463532954454422,0.0,0.0,10.0,1.0,-0.01992848701775074,0.0,0.0,10.0,1.0,0.14384488761425018,0.0,0.0,10.0,1.0,-0.31100258231163025,0.0,0.0,1.0,0.10000000149011612,-0.03726578876376152,0.0,0.0,1.0,0.10000000149011612,-0.014805218204855919,0.0,0.0,1.0,0.10000000149011612,0.0,0.0,0.0
1766995092.1649458,1.3315014839172363,0.018869295716285706,0.0048813470639288425,0.04104330390691757,0.0011953545334298407,-0.008680020489955012,0.134470134973526,-0.014764354564249516,-0.017448782920837402,-0.02040894143283367,0.16880293190479279,-0.05092698708176613,0.13179980218410492,0.051579371094703674,0.020133210346102715,0.00858320016413927,-0.026131074875593185,-0.06084534898400307,-0.004026642069220543,-0.007094560191035271,0.040074676275253296,0.05359731614589691,-0.01430533267557621,-0.025749599561095238,-0.10013733059167862,0.02689402550458908,0.06160829961299896,-0.04940108209848404,-0.001716639962978661,0.032616160809993744,0.034142062067985535,-0.12111848592758179,-0.0020981156267225742,0.10128175467252731,-0.2626459002494812,-0.0017257038271054626,-0.03930769860744476,0.013613885268568993,0.002747252816334367,0.002197802299633622,-0.0007326007471419871,-0.0003052503161597997,0.0,0.0,-0.007020757533609867,0.0012210012646391988,-0.00024420025874860585,0.0003052503161597997,0.0,0.0,-0.002197802299633622,-0.00024420025874860585,0.0012210012646391988,0.001831501955166459,-0.00012210012937430292,-0.00012210012937430292,-0.00012210012937430292,0.00036630037357099354,-0.00036630037357099354,-0.0025641026441007853,-0.00012210012937430292,-0.00012210012937430292,0.005006105173379183,0.0025641026441007853,-0.001831501955166459,0.01135531160980463,-0.020879121497273445,-0.0006105006323195994,-0.0006105006323195994,0.0006105006323195994,0.10335904359817505,0.06664510816335678,0.09359081089496613,0.04754141718149185,0.3551526367664337,-0.061474189162254333,0.30323031544685364,0.04989463463425636,0.02210628055036068,0.2845260798931122,0.24582399427890778,0.06843613088130951,-0.0009403540752828121,-0.013246811926364899,0.056623514741659164,0.03950349986553192,-0.04219353199005127,-0.1509021669626236,0.1891978234052658,0.1145932674407959,0.21133261919021606,-0.173776775598526,0.3107026517391205,-0.036847103387117386,0.23681336641311646,0.12763124704360962,-0.05487199127674103,0.3960689604282379,-0.8563284277915955,-0.1026092916727066,-0.04076535254716873,-251.3410186767578,50.0,50.0,0.03857768326997757,0.0,0.0,150.0,50.0,0.023285916075110435,0.0,0.0,150.0,50.0,0.035244494676589966,0.0,0.0,50.0,50.0,0.018458930775523186,0.0,0.0,60.0,2.0,0.13161998987197876,0.0,0.0,60.0,2.0,-0.02409842424094677,0.0,0.0,50.0,50.0,0.11366351693868637,0.0,0.0,150.0,50.0,0.019094830378890038,0.0,0.0,150.0,50.0,0.00966618862003088,0.0,0.0,50.0,50.0,0.10325033217668533,0.0,0.0,60.0,2.0,0.09354501217603683,0.0,0.0,60.0,2.0,0.029331231489777565,0.0,0.0,150.0,25.0,-0.0005063005955889821,0.0,0.0,150.0,25.0,-0.004651057068258524,0.0,0.0,150.0,25.0,0.02079029195010662,0.0,0.0,20.0,8.0,0.014860138297080994,0.0,0.0,20.0,8.0,-0.016231879591941833,0.0,0.0,20.0,8.0,-0.05772646516561508,0.0,0.0,20.0,8.0,0.06853088736534119,0.0,0.0,10.0,1.0,0.04160405695438385,0.0,0.0,10.0,1.0,0.07812802493572235,0.0,0.0,10.0,1.0,-0.06390976160764694,0.0,0.0,20.0,8.0,0.11725591868162155,0.0,0.0,20.0,8.0,-0.013021454215049744,0.0,0.0,20.0,8.0,0.08940936625003815,0.0,0.0,20.0,8.0,0.04661283642053604,0.0,0.0,10.0,1.0,-0.021466031670570374,0.0,0.0,10.0,1.0,0.14422710239887238,0.0,0.0,10.0,1.0,-0.31558719277381897,0.0,0.0,1.0,0.10000000149011612,-0.03755594789981842,0.0,0.0,1.0,0.10000000149011612,-0.009972279891371727,0.0,0.0,1.0,0.10000000149011612,0.0,0.0,0.0
1766995092.1851473,1.3517029285430908,0.01593981869518757,0.004615031182765961,0.04770120605826378,0.002062855548192373,-0.008523297317050475,0.134470134973526,-0.013230396434664726,-0.017448782920837402,-0.02040894143283367,0.17223620414733887,-0.05092698708176613,0.12989242374897003,0.05272983759641647,0.020133210346102715,0.009727626107633114,-0.029564354568719864,-0.058175019919872284,-0.004793621599674225,-0.007094560191035271,0.04045816883444786,0.05436026677489281,-0.01430533267557621,-0.025749599561095238,-0.10013733059167862,0.02689402550458908,0.06160829961299896,-0.05245288833975792,-0.001716639962978661,0.032616160809993744,0.03681239113211632,-0.1199740618467331,-0.002861066721379757,0.10624094307422638,-0.26798656582832336,-0.0013422140618786216,-0.0389242097735405,0.013613885268568993,-0.0003052503161597997,0.0031746034510433674,-0.0012210012646391988,-0.0009157509775832295,0.0,0.0,-0.004578754771500826,0.003663003910332918,-0.00024420025874860585,0.004578754771500826,0.0,0.0,-0.0012210012646391988,-0.00024420025874860585,-0.00024420025874860585,0.001098901149816811,-0.00036630037357099354,-0.00036630037357099354,-0.00012210012937430292,0.00036630037357099354,-0.00036630037357099354,-0.006959707476198673,-0.00012210012937430292,-0.00012210012937430292,0.00622710632160306,0.0028083028737455606,-0.003296703565865755,0.013553114607930183,-0.010622710920870304,0.0006105006323195994,-0.0006105006323195994,-0.0006105006323195994,0.10434651374816895,0.06298471242189407,0.09533077478408813,0.04992847889661789,0.35601121187210083,-0.06518241763114929,0.3074418008327484,0.05164848640561104,0.026145508512854576,0.2792757749557495,0.2530244290828705,0.07933633029460907,-0.001369462814182043,-0.012580372393131256,0.0562344454228878,0.0401943176984787,-0.043904662132263184,-0.15614093840122223,0.18536518514156342,0.11253237724304199,0.21132391691207886,-0.17286577820777893,0.31715866923332214,-0.03522096946835518,0.24183815717697144,0.12608033418655396,-0.05806221067905426,0.39011144638061523,-0.8536133170127869,-0.10158288478851318,-0.026973435655236244,-251.358154296875,50.0,50.0,0.04051545634865761,0.0,0.0,150.0,50.0,0.022720351815223694,0.0,0.0,150.0,50.0,0.03592808172106743,0.0,0.0,50.0,50.0,0.02028762362897396,0.0,0.0,60.0,2.0,0.13483241200447083,0.0,0.0,60.0,2.0,-0.025557223707437515,0.0,0.0,50.0,50.0,0.1128266453742981,0.0,0.0,150.0,50.0,0.019720694050192833,0.0,0.0,150.0,50.0,0.012118279002606869,0.0,0.0,50.0,50.0,0.10494982451200485,0.0,0.0,60.0,2.0,0.09886861592531204,0.0,0.0,60.0,2.0,0.03495773673057556,0.0,0.0,150.0,25.0,-0.001198137877508998,0.0,0.0,150.0,25.0,-0.0040293531492352486,0.0,0.0,150.0,25.0,0.02189025655388832,0.0,0.0,20.0,8.0,0.015066998079419136,0.0,0.0,20.0,8.0,-0.015863260254263878,0.0,0.0,20.0,8.0,-0.057236894965171814,0.0,0.0,20.0,8.0,0.06773094832897186,0.0,0.0,10.0,1.0,0.04077174887061119,0.0,0.0,10.0,1.0,0.08220256119966507,0.0,0.0,10.0,1.0,-0.0651223361492157,0.0,0.0,20.0,8.0,0.12144336849451065,0.0,0.0,20.0,8.0,-0.017265118658542633,0.0,0.0,20.0,8.0,0.0926651582121849,0.0,0.0,20.0,8.0,0.04330959543585777,0.0,0.0,10.0,1.0,-0.022607184946537018,0.0,0.0,10.0,1.0,0.14549459517002106,0.0,0.0,10.0,1.0,-0.32282745838165283,0.0,0.0,1.0,0.10000000149011612,-0.03872660547494888,0.0,0.0,1.0,0.10000000149011612,-0.005856143310666084,0.0,0.0,1.0,0.10000000149011612,0.0,0.0,0.0
1766995092.2049174,1.3714730739593506,0.014608237892389297,0.0019518700428307056,0.042374882847070694,0.002271517712013292,-0.009656803827851123,0.134470134973526,-0.011696437373757362,-0.017832273617386818,-0.02040894143283367,0.17376211285591125,-0.05092698708176613,0.12798504531383514,0.0546472892165184,0.019749721512198448,0.010872052982449532,-0.03604944050312042,-0.056267641484737396,-0.005177111364901066,-0.007094560191035271,0.04045816883444786,0.0555046908557415,-0.01430533267557621,-0.025749599561095238,-0.09975585341453552,0.02727550081908703,0.06160829961299896,-0.05245288833975792,-0.0013351644156500697,0.032616160809993744,0.039101243019104004,-0.1192111074924469,-0.004005493130534887,0.11005569249391556,-0.2733272314071655,-0.0017257038271054626,-0.0389242097735405,0.013230396434664726,-0.0003052503161597997,0.0031746034510433674,-0.0007326007471419871,-0.001526251551695168,0.0,0.0,-0.006410256959497929,0.005616605747491121,-0.0007326007471419871,0.001526251551695168,0.0,0.0,-0.00024420025874860585,-0.0007326007471419871,-0.00024420025874860585,0.0020757021848112345,0.00012210012937430292,-0.00012210012937430292,-0.00036630037357099354,-0.00036630037357099354,0.00036630037357099354,-0.0025641026441007853,0.00012210012937430292,-0.0006105006323195994,0.006959707476198673,0.0015873017255216837,-0.0025641026441007853,0.008424908854067326,-0.013553114607930183,0.0006105006323195994,-0.0006105006323195994,-0.001831501955166459,0.10764111578464508,0.06036323308944702,0.0954534113407135,0.05389998108148575,0.35822156071662903,-0.06790021061897278,0.29975685477256775,0.05239376798272133,0.032195739448070526,0.27882978320121765,0.2626732885837555,0.0928754061460495,-0.003183202352374792,-0.010705150663852692,0.058157842606306076,0.040029868483543396,-0.042145371437072754,-0.15206648409366608,0.17994700372219086,0.10832202434539795,0.21839505434036255,-0.17301645874977112,0.32264968752861023,-0.04586981609463692,0.24619197845458984,0.11506455391645432,-0.06006257236003876,0.386548787355423,-0.8576851487159729,-0.10288850963115692,-0.015558550134301186,-251.38238525390625,50.0,50.0,0.04142294451594353,0.0,0.0,150.0,50.0,0.022429417818784714,0.0,0.0,150.0,50.0,0.036093924194574356,0.0,0.0,50.0,50.0,0.021665416657924652,0.0,0.0,60.0,2.0,0.1360703855752945,0.0,0.0,60.0,2.0,-0.027086064219474792,0.0,0.0,50.0,50.0,0.11419525742530823,0.0,0.0,150.0,50.0,0.01915520615875721,0.0,0.0,150.0,50.0,0.015021746046841145,0.0,0.0,50.0,50.0,0.10331391543149948,0.0,0.0,60.0,2.0,0.09966940432786942,0.0,0.0,60.0,2.0,0.03938974067568779,0.0,0.0,150.0,25.0,-0.0021289170254021883,0.0,0.0,150.0,25.0,-0.0030860931146889925,0.0,0.0,150.0,25.0,0.022066641598939896,0.0,0.0,20.0,8.0,0.014836394228041172,0.0,0.0,20.0,8.0,-0.01638888008892536,0.0,0.0,20.0,8.0,-0.05937104672193527,0.0,0.0,20.0,8.0,0.06586676836013794,0.0,0.0,10.0,1.0,0.041911277920007706,0.0,0.0,10.0,1.0,0.08585932850837708,0.0,0.0,10.0,1.0,-0.06847524642944336,0.0,0.0,20.0,8.0,0.12274980545043945,0.0,0.0,20.0,8.0,-0.01843598671257496,0.0,0.0,20.0,8.0,0.09762527048587799,0.0,0.0,20.0,8.0,0.042700111865997314,0.0,0.0,10.0,1.0,-0.023123309016227722,0.0,0.0,10.0,1.0,0.14864422380924225,0.0,0.0,10.0,1.0,-0.330952525138855,0.0,0.0,1.0,0.10000000149011612,-0.0386529378592968,0.0,0.0,1.0,0.10000000149011612,-0.0028249965980648994,0.0,0.0,1.0,0.10000000149011612,0.0,0.0,0.0
1766995092.2251935,1.3917491436004639,0.014608237892389297,0.007011875510215759,0.0442390963435173,0.0023484885515492136,-0.009697135709024446,0.135233074426651,-0.010162478312849998,-0.018215762451291084,-0.02079041674733162,0.17414358258247375,-0.05092698708176613,0.12378881871700287,0.0569482259452343,0.019749721512198448,0.01201647985726595,-0.03681239113211632,-0.05207141116261482,-0.005177111364901066,-0.007094560191035271,0.04045816883444786,0.0558861680328846,-0.01430533267557621,-0.025749599561095238,-0.10013733059167862,0.02727550081908703,0.06198977679014206,-0.05283436179161072,-0.0013351644156500697,0.03223468363285065,0.04253452271223068,-0.1184481605887413,-0.004386968910694122,0.11425192654132843,-0.2794308364391327,-0.0013422140618786216,-0.0389242097735405,0.013613885268568993,0.001526251551695168,0.002686202758923173,-0.0012210012646391988,-0.001526251551695168,0.0,0.0,-0.005189255345612764,0.005616605747491121,-0.0017094018403440714,0.002747252816334367,0.0,0.0,-0.00024420025874860585,-0.00024420025874860585,-0.00024420025874860585,0.0020757021848112345,-0.00036630037357099354,-0.00036630037357099354,-0.00012210012937430292,-0.00036630037357099354,0.00036630037357099354,-0.001831501955166459,0.00012210012937430292,-0.0006105006323195994,0.006715507246553898,0.00036630037357099354,-0.001098901149816811,0.004761904943734407,-0.01428571529686451,-0.0006105006323195994,0.0006105006323195994,-0.0006105006323195994,0.1081983894109726,0.05858653783798218,0.09427878260612488,0.056590937077999115,0.3554213047027588,-0.07074988633394241,0.29828259348869324,0.05003416910767555,0.03923740237951279,0.26986008882522583,0.26034048199653625,0.1028875857591629,-0.00556081673130393,-0.0080609992146492,0.05763895437121391,0.03875325620174408,-0.0428084135055542,-0.15507955849170685,0.17204664647579193,0.10947394371032715,0.22426801919937134,-0.17886009812355042,0.3206274211406708,-0.0481555350124836,0.25500112771987915,0.11153440922498703,-0.06039901077747345,0.3882646858692169,-0.8644612431526184,-0.10096302628517151,-0.00737900473177433,-251.46800231933594,50.0,50.0,0.04189186915755272,0.0,0.0,150.0,50.0,0.02195371314883232,0.0,0.0,150.0,50.0,0.03766391798853874,0.0,0.0,50.0,50.0,0.022922435775399208,0.0,0.0,60.0,2.0,0.13756608963012695,0.0,0.0,60.0,2.0,-0.028921419754624367,0.0,0.0,50.0,50.0,0.11646353453397751,0.0,0.0,150.0,50.0,0.019894596189260483,0.0,0.0,150.0,50.0,0.017546845600008965,0.0,0.0,50.0,50.0,0.1033647358417511,0.0,0.0,60.0,2.0,0.10579954087734222,0.0,0.0,60.0,2.0,0.04475832358002663,0.0,0.0,150.0,25.0,-0.0019583366811275482,0.0,0.0,150.0,25.0,-0.0026992904022336006,0.0,0.0,150.0,25.0,0.022961633279919624,0.0,0.0,20.0,8.0,0.014986133202910423,0.0,0.0,20.0,8.0,-0.016227170825004578,0.0,0.0,20.0,8.0,-0.061954353004693985,0.0,0.0,20.0,8.0,0.06592988967895508,0.0,0.0,10.0,1.0,0.04197291284799576,0.0,0.0,10.0,1.0,0.08741988986730576,0.0,0.0,10.0,1.0,-0.071787029504776,0.0,0.0,20.0,8.0,0.12988878786563873,0.0,0.0,20.0,8.0,-0.018812429159879684,0.0,0.0,20.0,8.0,0.09882261604070663,0.0,0.0,20.0,8.0,0.04425753280520439,0.0,0.0,10.0,1.0,-0.022787651047110558,0.0,0.0,10.0,1.0,0.15215535461902618,0.0,0.0,10.0,1.0,-0.3365877568721771,0.0,0.0,1.0,0.10000000149011612,-0.03964715451002121,0.0,0.0,1.0,0.10000000149011612,0.0012619838817045093,0.0,0.0,1.0,0.10000000149011612,0.0,0.0,0.0
1766995092.2457006,1.4122562408447266,0.017537714913487434,0.010740300640463829,0.03971172124147415,0.0026562267014707064,-0.010052110784065888,0.135233074426651,-0.009012009017169476,-0.0185992531478405,-0.021171892061829567,0.17528800666332245,-0.05130846053361893,0.12302586436271667,0.05886567384004593,0.0185992531478405,0.013160906732082367,-0.039101243019104004,-0.048256658017635345,-0.005177111364901066,-0.007094560191035271,0.04045816883444786,0.05703059583902359,-0.01430533267557621,-0.025749599561095238,-0.10013733059167862,0.02727550081908703,0.06275273114442825,-0.05359731614589691,-0.0013351644156500697,0.03185320645570755,0.04482337832450867,-0.1184481605887413,-0.004386968910694122,0.1180666834115982,-0.28553444147109985,-0.0017257038271054626,-0.03854071721434593,0.013613885268568993,0.002747252816334367,0.002197802299633622,-0.002686202758923173,-0.001526251551695168,0.0,0.0,-0.005799755919724703,0.004151404369622469,-0.00463980482891202,0.0021367522422224283,0.0,0.0,-0.00024420025874860585,-0.00024420025874860585,-0.00024420025874860585,0.0020757021848112345,-0.00012210012937430292,-0.00012210012937430292,-0.00012210012937430292,-0.00036630037357099354,0.001098901149816811,-0.0025641026441007853,-0.00012210012937430292,-0.0013431013794615865,0.005982906091958284,-0.00012210012937430292,-0.00036630037357099354,0.005494505632668734,-0.018681319430470467,-0.0006105006323195994,-0.0006105006323195994,-0.001831501955166459,0.1075974553823471,0.05638716369867325,0.09673814475536346,0.05887528508901596,0.3533325493335724,-0.0742834135890007,0.2991315424442291,0.05109841004014015,0.04506831616163254,0.2654878497123718,0.2717415392398834,0.11495982110500336,-0.005029903259128332,-0.006933010648936033,0.058975961059331894,0.03849123418331146,-0.041678786277770996,-0.15912707149982452,0.16933806240558624,0.10780560970306396,0.22453421354293823,-0.1843818724155426,0.33361372351646423,-0.04831891134381294,0.25382161140441895,0.11367356032133102,-0.058529093861579895,0.3908044397830963,-0.8645110726356506,-0.10183200240135193,0.0032413508743047714,-251.4620361328125,50.0,50.0,0.04264163598418236,0.0,0.0,150.0,50.0,0.0214589424431324,0.0,0.0,150.0,50.0,0.03900120034813881,0.0,0.0,50.0,50.0,0.023777302354574203,0.0,0.0,60.0,2.0,0.13987469673156738,0.0,0.0,60.0,2.0,-0.029959939420223236,0.0,0.0,50.0,50.0,0.11934290826320648,0.0,0.0,150.0,50.0,0.021826021373271942,0.0,0.0,150.0,50.0,0.019429408013820648,0.0,0.0,50.0,50.0,0.10572866350412369,0.0,0.0,60.0,2.0,0.11113912612199783,0.0,0.0,60.0,2.0,0.051201775670051575,0.0,0.0,150.0,25.0,-0.002701375400647521,0.0,0.0,150.0,25.0,-0.0021102060563862324,0.0,0.0,150.0,25.0,0.023135825991630554,0.0,0.0,20.0,8.0,0.013306342996656895,0.0,0.0,20.0,8.0,-0.01583501137793064,0.0,0.0,20.0,8.0,-0.06489869952201843,0.0,0.0,20.0,8.0,0.06606042385101318,0.0,0.0,10.0,1.0,0.04208347201347351,0.0,0.0,10.0,1.0,0.08670898526906967,0.0,0.0,10.0,1.0,-0.07391732186079025,0.0,0.0,20.0,8.0,0.1342781037092209,0.0,0.0,20.0,8.0,-0.01871144212782383,0.0,0.0,20.0,8.0,0.10108058899641037,0.0,0.0,20.0,8.0,0.045594748109579086,0.0,0.0,10.0,1.0,-0.021995529532432556,0.0,0.0,10.0,1.0,0.15542715787887573,0.0,0.0,10.0,1.0,-0.3414289057254791,0.0,0.0,1.0,0.10000000149011612,-0.039673518389463425,0.0,0.0,1.0,0.10000000149011612,0.00797227956354618,0.0,0.0,1.0,0.10000000149011612,0.0,0.0,0.0
1766995092.2653594,1.431915044784546,0.013276658020913601,0.014202410355210304,0.04290751367807388,0.00210530089982677,-0.009840804659526928,0.13752193748950958,-0.008245029486715794,-0.019366232678294182,-0.023460745811462402,0.17795833945274353,-0.051689937710762024,0.1203555315732956,0.06039963290095329,0.01591482385993004,0.013160906732082367,-0.04291599988937378,-0.043678950518369675,-0.005177111364901066,-0.007094560191035271,0.04084165766835213,0.057793546468019485,-0.01430533267557621,-0.025749599561095238,-0.09975585341453552,0.02727550081908703,0.06389715522527695,-0.05359731614589691,-0.0013351644156500697,0.03147173300385475,0.04787518084049225,-0.1184481605887413,-0.00476844422519207,0.11959258466959,-0.2927824854850769,-0.0017257038271054626,-0.03854071721434593,0.013613885268568993,0.004578754771500826,0.0017094018403440714,-0.002197802299633622,-0.005189255345612764,0.0,0.0,-0.006410256959497929,0.0017094018403440714,-0.007081807591021061,0.0003052503161597997,0.0,0.0,-0.00024420025874860585,-0.00024420025874860585,0.0007326007471419871,0.0015873017255216837,-0.00012210012937430292,-0.00036630037357099354,0.00012210012937430292,-0.00036630037357099354,0.001098901149816811,-0.003296703565865755,-0.00012210012937430292,-0.0015873017255216837,0.007448107935488224,-0.00012210012937430292,0.00036630037357099354,0.008424908854067326,-0.01428571529686451,-0.001831501955166459,0.0006105006323195994,0.0006105006323195994,0.10774007439613342,0.05421902984380722,0.09854200482368469,0.06007669121026993,0.35341304540634155,-0.07569798827171326,0.30153658986091614,0.05514650419354439,0.049091123044490814,0.2671383023262024,0.28080859780311584,0.12936846911907196,-0.006825403776019812,-0.005331731867045164,0.05845591053366661,0.03362034261226654,-0.040009379386901855,-0.16397567093372345,0.16691093146800995,0.10632979869842529,0.21908241510391235,-0.1867624819278717,0.33927246928215027,-0.04727708175778389,0.2553942799568176,0.11520152539014816,-0.05557478964328766,0.39270851016044617,-0.8626680374145508,-0.10024070739746094,0.02014308236539364,-251.4330291748047,50.0,50.0,0.044807638972997665,0.0,0.0,150.0,50.0,0.022065233439207077,0.0,0.0,150.0,50.0,0.039766620844602585,0.0,0.0,50.0,50.0,0.024625446647405624,0.0,0.0,60.0,2.0,0.1436632126569748,0.0,0.0,60.0,2.0,-0.03141294792294502,0.0,0.0,50.0,50.0,0.12230008095502853,0.0,0.0,150.0,50.0,0.022525707259774208,0.0,0.0,150.0,50.0,0.020875761285424232,0.0,0.0,50.0,50.0,0.10625924915075302,0.0,0.0,60.0,2.0,0.11688166856765747,0.0,0.0,60.0,2.0,0.054056182503700256,0.0,0.0,150.0,25.0,-0.001924135722219944,0.0,0.0,150.0,25.0,-0.0016142729436978698,0.0,0.0,150.0,25.0,0.023447807878255844,0.0,0.0,20.0,8.0,0.013013339601457119,0.0,0.0,20.0,8.0,-0.01584816537797451,0.0,0.0,20.0,8.0,-0.06806133687496185,0.0,0.0,20.0,8.0,0.06794416904449463,0.0,0.0,10.0,1.0,0.043295249342918396,0.0,0.0,10.0,1.0,0.0873248353600502,0.0,0.0,10.0,1.0,-0.07579853385686874,0.0,0.0,20.0,8.0,0.13857479393482208,0.0,0.0,20.0,8.0,-0.018513258546590805,0.0,0.0,20.0,8.0,0.10232331603765488,0.0,0.0,20.0,8.0,0.04414070025086403,0.0,0.0,10.0,1.0,-0.02216700278222561,0.0,0.0,10.0,1.0,0.1570959836244583,0.0,0.0,10.0,1.0,-0.3442245125770569,0.0,0.0,1.0,0.10000000149011612,-0.040712736546993256,0.0,0.0,1.0,0.10000000149011612,0.013050276786088943,0.0,0.0,1.0,0.10000000149011612,0.0,0.0,0.0
1766995092.2853572,1.4519128799438477,0.01860298030078411,0.009408720768988132,0.04450541362166405,0.0015196525288141618,-0.00943311603239237,0.13904783129692078,-0.007478049956262112,-0.02051670104265213,-0.02536812424659729,0.17986571788787842,-0.05207141116261482,0.11768520623445511,0.06078312173485756,0.013613885268568993,0.013160906732082367,-0.04482337832450867,-0.040627144277095795,-0.005177111364901066,-0.007094560191035271,0.04122514650225639,0.05855649709701538,-0.01430533267557621,-0.026131074875593185,-0.10013733059167862,0.02727550081908703,0.06466010212898254,-0.0558861680328846,-0.0013351644156500697,0.030708782374858856,0.049782559275627136,-0.1184481605887413,-0.00476844422519207,0.12111848592758179,-0.29812315106391907,-0.0017257038271054626,-0.03854071721434593,0.013613885268568993,0.0021367522422224283,0.0017094018403440714,-0.0031746034510433674,-0.006410256959497929,0.0,0.0,-0.007020757533609867,0.0012210012646391988,-0.008058608509600163,-0.0009157509775832295,0.0,0.0,-0.00024420025874860585,-0.00024420025874860585,0.002197802299633622,0.0025641026441007853,-0.00012210012937430292,-0.0008547009201720357,-0.00012210012937430292,0.00036630037357099354,0.0025641026441007853,-0.006959707476198673,0.00012210012937430292,-0.0015873017255216837,0.00622710632160306,-0.00012210012937430292,-0.00036630037357099354,0.003296703565865755,-0.017216118052601814,-0.0006105006323195994,0.0006105006323195994,-0.0006105006323195994,0.11150473356246948,0.05490978807210922,0.09896005690097809,0.061280928552150726,0.3575088679790497,-0.07817176729440689,0.3043462634086609,0.05605568364262581,0.05194976180791855,0.2644283175468445,0.29086244106292725,0.13451991975307465,-0.004788251128047705,-0.004017151426523924,0.058350350707769394,0.03238396346569061,-0.039438486099243164,-0.16937203705310822,0.169080451130867,0.10774111747741699,0.21730965375900269,-0.18862619996070862,0.3448462188243866,-0.04607062414288521,0.25463366508483887,0.10984503477811813,-0.05516304075717926,0.39093658328056335,-0.8566097617149353,-0.1013144850730896,0.03247588127851486,-251.43833923339844,50.0,50.0,0.04688035324215889,0.0,0.0,150.0,50.0,0.02202410064637661,0.0,0.0,150.0,50.0,0.039425499737262726,0.0,0.0,50.0,50.0,0.025618866086006165,0.0,0.0,60.0,2.0,0.14625899493694305,0.0,0.0,60.0,2.0,-0.033001355826854706,0.0,0.0,50.0,50.0,0.12468132376670837,0.0,0.0,150.0,50.0,0.023710977286100388,0.0,0.0,150.0,50.0,0.02285812422633171,0.0,0.0,50.0,50.0,0.10509149730205536,0.0,0.0,60.0,2.0,0.12086605280637741,0.0,0.0,60.0,2.0,0.057243462651968,0.0,0.0,150.0,25.0,-0.002532809041440487,0.0,0.0,150.0,25.0,-0.0015636006137356162,0.0,0.0,150.0,25.0,0.022930173203349113,0.0,0.0,20.0,8.0,0.011607109569013119,0.0,0.0,20.0,8.0,-0.015265081077814102,0.0,0.0,20.0,8.0,-0.06932377815246582,0.0,0.0,20.0,8.0,0.068312868475914,0.0,0.0,10.0,1.0,0.04370158165693283,0.0,0.0,10.0,1.0,0.08912740647792816,0.0,0.0,10.0,1.0,-0.07685434073209763,0.0,0.0,20.0,8.0,0.13985703885555267,0.0,0.0,20.0,8.0,-0.01864858902990818,0.0,0.0,20.0,8.0,0.10664288699626923,0.0,0.0,20.0,8.0,0.04553051292896271,0.0,0.0,10.0,1.0,-0.021863583475351334,0.0,0.0,10.0,1.0,0.1590041071176529,0.0,0.0,10.0,1.0,-0.3466718792915344,0.0,0.0,1.0,0.10000000149011612,-0.04094110429286957,0.0,0.0,1.0,0.10000000149011612,0.018818723037838936,0.0,0.0,1.0,0.10000000149011612,0.0,0.0,0.0
1766995092.3067296,1.47328519821167,0.015673503279685974,0.017131885513663292,0.047967519611120224,0.0013869626255156385,-0.009328693413290937,0.13904783129692078,-0.006327580660581589,-0.02166716940701008,-0.02689402550458908,0.1825360506772995,-0.05245288833975792,0.11463340371847153,0.06193359196186066,0.010162478312849998,0.013160906732082367,-0.04901960864663124,-0.03643091395497322,-0.005177111364901066,-0.007094560191035271,0.04237561672925949,0.05893797054886818,-0.01430533267557621,-0.02689402550458908,-0.10013733059167862,0.02727550081908703,0.06580453366041183,-0.056267641484737396,-0.00019073777366429567,0.02994582988321781,0.05245288833975792,-0.1184481605887413,-0.00476844422519207,0.12417028844356537,-0.30231937766075134,-0.0017257038271054626,-0.038157228380441666,0.013613885268568993,0.0003052503161597997,0.002197802299633622,-0.0051282052882015705,-0.005799755919724703,0.0,0.0,-0.007631258107721806,0.003663003910332918,-0.008058608509600163,-0.0003052503161597997,0.0,0.0,-0.00024420025874860585,-0.00024420025874860585,0.002686202758923173,0.0015873017255216837,-0.00012210012937430292,-0.0028083028737455606,-0.00012210012937430292,-0.00036630037357099354,0.004029304254800081,-0.0025641026441007853,0.003296703565865755,-0.0028083028737455606,0.006959707476198673,0.00012210012937430292,-0.00036630037357099354,0.006959707476198673,-0.009890110231935978,0.0006105006323195994,-0.0006105006323195994,0.0006105006323195994,0.11493656039237976,0.0539964884519577,0.09665949642658234,0.0628097727894783,0.3585831820964813,-0.08090942353010178,0.3056811988353729,0.05813220515847206,0.05604126304388046,0.25765281915664673,0.29632729291915894,0.1403438001871109,-0.0062096877954900265,-0.0038334797136485577,0.05621790513396263,0.028457149863243103,-0.03742539882659912,-0.1699611097574234,0.1674826592206955,0.10714316368103027,0.21851366758346558,-0.1884237825870514,0.3428874909877777,-0.045720744878053665,0.26145637035369873,0.11162715405225754,-0.053602948784828186,0.3898303806781769,-0.8499354124069214,-0.10037530958652496,0.04613786190748215,-251.47149658203125,50.0,50.0,0.0484454445540905,0.0,0.0,150.0,50.0,0.02123630978167057,0.0,0.0,150.0,50.0,0.03982507064938545,0.0,0.0,50.0,50.0,0.026879068464040756,0.0,0.0,60.0,2.0,0.1483222395181656,0.0,0.0,60.0,2.0,-0.03468579053878784,0.0,0.0,50.0,50.0,0.12931835651397705,0.0,0.0,150.0,50.0,0.023332741111516953,0.0,0.0,150.0,50.0,0.024287205189466476,0.0,0.0,50.0,50.0,0.10534956306219101,0.0,0.0,60.0,2.0,0.1274157464504242,0.0,0.0,60.0,2.0,0.06163398548960686,0.0,0.0,150.0,25.0,-0.0020042783580720425,0.0,0.0,150.0,25.0,-0.0009322030236944556,0.0,0.0,150.0,25.0,0.02237573266029358,0.0,0.0,20.0,8.0,0.010472911410033703,0.0,0.0,20.0,8.0,-0.015079470351338387,0.0,0.0,20.0,8.0,-0.07218365371227264,0.0,0.0,20.0,8.0,0.06817718595266342,0.0,0.0,10.0,1.0,0.04461817070841789,0.0,0.0,10.0,1.0,0.09156061708927155,0.0,0.0,10.0,1.0,-0.08091100305318832,0.0,0.0,20.0,8.0,0.1429164707660675,0.0,0.0,20.0,8.0,-0.01943744346499443,0.0,0.0,20.0,8.0,0.11028628051280975,0.0,0.0,20.0,8.0,0.043294936418533325,0.0,0.0,10.0,1.0,-0.021817952394485474,0.0,0.0,10.0,1.0,0.15868359804153442,0.0,0.0,10.0,1.0,-0.3513963520526886,0.0,0.0,1.0,0.10000000149011612,-0.04113515093922615,0.0,0.0,1.0,0.10000000149011612,0.025237426161766052,0.0,0.0,1.0,0.10000000149011612,0.0,0.0,0.0
1766995092.3266366,1.493192195892334,0.01593981869518757,0.01580030657351017,0.04024435579776764,0.002391151172635929,-0.00802015729250195,0.13904783129692078,-0.005560601130127907,-0.023968107998371124,-0.02994582988321781,0.18558785319328308,-0.05397878959774971,0.11234454810619354,0.06385104358196259,0.007478049956262112,0.013542382046580315,-0.05359731614589691,-0.03223468363285065,-0.005177111364901066,-0.007094560191035271,0.043909575790166855,0.059319447726011276,-0.01430533267557621,-0.028038453310728073,-0.10013733059167862,0.02727550081908703,0.06771191209554672,-0.05893797054886818,0.000572213320992887,0.02880140393972397,0.0551232174038887,-0.1184481605887413,-0.00476844422519207,0.12722209095954895,-0.309567391872406,-0.0017257038271054626,-0.0377737395465374,0.013613885268568993,0.0003052503161597997,0.0017094018403440714,-0.0051282052882015705,-0.008241758681833744,0.0,0.0,-0.008241758681833744,0.0051282052882015705,-0.006105006206780672,0.0009157509775832295,0.0,0.0,-0.00024420025874860585,-0.00024420025874860585,0.0031746034510433674,0.00012210012937430292,0.00012210012937430292,-0.0025641026441007853,-0.00036630037357099354,-0.00036630037357099354,0.00036630037357099354,-0.006959707476198673,0.001098901149816811,-0.001831501955166459,0.005494505632668734,-0.00012210012937430292,-0.00036630037357099354,0.009890110231935978,-0.016483517363667488,-0.0006105006323195994,0.001831501955166459,-0.0006105006323195994,0.11696653068065643,0.051272884011268616,0.09615352749824524,0.06489674001932144,0.3581087589263916,-0.08374527096748352,0.3122258484363556,0.05633449926972389,0.05863895267248154,0.25435566902160645,0.307632178068161,0.14880891144275665,-0.004839123692363501,-0.0022507081739604473,0.054023902863264084,0.025285765528678894,-0.03640782833099365,-0.17428000271320343,0.16460679471492767,0.10772597789764404,0.22106367349624634,-0.1953512728214264,0.34505710005760193,-0.04692970588803291,0.2662748694419861,0.10453116148710251,-0.05267719924449921,0.3831252157688141,-0.8484103083610535,-0.09931658208370209,0.06093316525220871,-251.45849609375,50.0,50.0,0.04958077520132065,0.0,0.0,150.0,50.0,0.020488297566771507,0.0,0.0,150.0,50.0,0.03982802852988243,0.0,0.0,50.0,50.0,0.02735641412436962,0.0,0.0,60.0,2.0,0.15043826401233673,0.0,0.0,60.0,2.0,-0.0361546128988266,0.0,0.0,50.0,50.0,0.133298859000206,0.0,0.0,150.0,50.0,0.02471788041293621,0.0,0.0,150.0,50.0,0.02671961858868599,0.0,0.0,50.0,50.0,0.1075478047132492,0.0,0.0,60.0,2.0,0.13569428026676178,0.0,0.0,60.0,2.0,0.0684700682759285,0.0,0.0,150.0,25.0,-0.0026950249448418617,0.0,0.0,150.0,25.0,-0.0007164328708313406,0.0,0.0,150.0,25.0,0.022578565403819084,0.0,0.0,20.0,8.0,0.010813702829182148,0.0,0.0,20.0,8.0,-0.013944637961685658,0.0,0.0,20.0,8.0,-0.07273709774017334,0.0,0.0,20.0,8.0,0.06660722196102142,0.0,0.0,10.0,1.0,0.04375161603093147,0.0,0.0,10.0,1.0,0.09254230558872223,0.0,0.0,10.0,1.0,-0.08528561890125275,0.0,0.0,20.0,8.0,0.14967651665210724,0.0,0.0,20.0,8.0,-0.02165006287395954,0.0,0.0,20.0,8.0,0.11234552413225174,0.0,0.0,20.0,8.0,0.04327915981411934,0.0,0.0,10.0,1.0,-0.02164633199572563,0.0,0.0,10.0,1.0,0.160247340798378,0.0,0.0,10.0,1.0,-0.3566167950630188,0.0,0.0,1.0,0.10000000149011612,-0.04118948057293892,0.0,0.0,1.0,0.10000000149011612,0.031336188316345215,0.0,0.0,1.0,0.10000000149011612,0.0,0.0,0.0
1766995092.3460681,1.5126237869262695,0.012477708980441093,0.012604513205587864,0.0490327849984169,0.0022819528416705127,-0.0070461547973454984,0.13904783129692078,-0.004026642069220543,-0.025502067059278488,-0.03299763426184654,0.18863965570926666,-0.054741740226745605,0.10624094307422638,0.06691896170377731,0.005177111364901066,0.014686808921396732,-0.05855649709701538,-0.02841992862522602,-0.005177111364901066,-0.007094560191035271,0.04467655345797539,0.05970092490315437,-0.01430533267557621,-0.029564354568719864,-0.09975585341453552,0.02727550081908703,0.06885633617639542,-0.06008239835500717,0.0024795911740511656,0.027656977996230125,0.05703059583902359,-0.1184481605887413,-0.00476844422519207,0.13141833245754242,-0.31490805745124817,-0.0017257038271054626,-0.03700675815343857,0.013613885268568993,-0.0003052503161597997,0.002197802299633622,-0.0031746034510433674,-0.007631258107721806,0.0,0.0,-0.008241758681833744,0.006105006206780672,-0.006105006206780672,0.003357753623276949,0.0,0.0,-0.00024420025874860585,-0.00024420025874860585,0.0012210012646391988,0.00012210012937430292,-0.00012210012937430292,-0.004761904943734407,-0.00012210012937430292,-0.00036630037357099354,0.0025641026441007853,-0.001831501955166459,0.0013431013794615865,-0.003296703565865755,0.005982906091958284,-0.00012210012937430292,-0.00036630037357099354,0.009890110231935978,-0.015750916674733162,-0.003052503103390336,0.001831501955166459,-0.0006105006323195994,0.11808314919471741,0.04879558086395264,0.09485569596290588,0.06515290588140488,0.35828855633735657,-0.08610697835683823,0.3174687922000885,0.0588688887655735,0.06363629549741745,0.25613927841186523,0.3231738209724426,0.16307048499584198,-0.006418557371944189,-0.0017062793485820293,0.05377383157610893,0.025754258036613464,-0.03321099281311035,-0.17323298752307892,0.15863387286663055,0.10420024394989014,0.22040170431137085,-0.2031189501285553,0.356474369764328,-0.05156247690320015,0.26756566762924194,0.10307502001523972,-0.05155359208583832,0.3816501796245575,-0.8493298888206482,-0.09809817373752594,0.07463126629590988,-251.3878173828125,50.0,50.0,0.04976711422204971,0.0,0.0,150.0,50.0,0.020324138924479485,0.0,0.0,150.0,50.0,0.03868566080927849,0.0,0.0,50.0,50.0,0.028138456866145134,0.0,0.0,60.0,2.0,0.15220065414905548,0.0,0.0,60.0,2.0,-0.0378580279648304,0.0,0.0,50.0,50.0,0.1325778216123581,0.0,0.0,150.0,50.0,0.02448786236345768,0.0,0.0,150.0,50.0,0.03102857433259487,0.0,0.0,50.0,50.0,0.10581612586975098,0.0,0.0,60.0,2.0,0.13900814950466156,0.0,0.0,60.0,2.0,0.07301046699285507,0.0,0.0,150.0,25.0,-0.002112878020852804,0.0,0.0,150.0,25.0,0.0008213300607167184,0.0,0.0,150.0,25.0,0.023181622847914696,0.0,0.0,20.0,8.0,0.010408074595034122,0.0,0.0,20.0,8.0,-0.012969139032065868,0.0,0.0,20.0,8.0,-0.07253909111022949,0.0,0.0,20.0,8.0,0.06349122524261475,0.0,0.0,10.0,1.0,0.04421830177307129,0.0,0.0,10.0,1.0,0.09526294469833374,0.0,0.0,10.0,1.0,-0.08971297740936279,0.0,0.0,20.0,8.0,0.14862172305583954,0.0,0.0,20.0,8.0,-0.02104789763689041,0.0,0.0,20.0,8.0,0.11896631121635437,0.0,0.0,20.0,8.0,0.0387512743473053,0.0,0.0,10.0,1.0,-0.02308044582605362,0.0,0.0,10.0,1.0,0.16578930616378784,0.0,0.0,10.0,1.0,-0.3644351363182068,0.0,0.0,1.0,0.10000000149011612,-0.041868019849061966,0.0,0.0,1.0,0.10000000149011612,0.03444867581129074,0.0,0.0,1.0,0.10000000149011612,0.0,0.0,0.0
1766995092.3662047,1.5327603816986084,0.01540718600153923,0.011006616987287998,0.050630681216716766,0.002130189606723471,-0.006001526661356751,0.13904783129692078,-0.004026642069220543,-0.026652537286281586,-0.03528648987412453,0.19054703414440155,-0.0558861680328846,0.10547798871994019,0.06883640587329865,0.0028761730063706636,0.01583123579621315,-0.06351567804813385,-0.02536812424659729,-0.005177111364901066,-0.007094560191035271,0.04544353485107422,0.05970092490315437,-0.01430533267557621,-0.03147173300385475,-0.10013733059167862,0.027656977996230125,0.07038223743438721,-0.061226826161146164,0.002861066721379757,0.02689402550458908,0.06046387553215027,-0.1184481605887413,-0.00476844422519207,0.1359960287809372,-0.31986725330352783,-0.0017257038271054626,-0.0366232693195343,0.013230396434664726,-0.0003052503161597997,0.002197802299633622,-0.0017094018403440714,-0.006410256959497929,0.0,0.0,-0.007631258107721806,0.004151404369622469,-0.005616605747491121,0.001526251551695168,0.0,0.0,-0.00024420025874860585,-0.00024420025874860585,0.0007326007471419871,-0.00012210012937430292,-0.00012210012937430292,-0.004761904943734407,-0.00012210012937430292,0.00036630037357099354,0.003296703565865755,-0.0025641026441007853,0.0013431013794615865,-0.0020757021848112345,0.007448107935488224,-0.00012210012937430292,-0.00036630037357099354,0.006959707476198673,-0.009890110231935978,0.0006105006323195994,0.001831501955166459,-0.0006105006323195994,0.1170077919960022,0.047784216701984406,0.09095411002635956,0.06615651398897171,0.357839971780777,-0.08900826424360275,0.3117046058177948,0.057573575526475906,0.07295148819684982,0.24878498911857605,0.326822966337204,0.17165540158748627,-0.004967601504176855,0.0019310344941914082,0.054502468556165695,0.0244704931974411,-0.03049182891845703,-0.17054714262485504,0.14927463233470917,0.10396194458007812,0.2239733338356018,-0.21092477440834045,0.3494255244731903,-0.04948585107922554,0.27970248460769653,0.09110837429761887,-0.05426459014415741,0.38978832960128784,-0.8568258881568909,-0.09843617677688599,0.08099251240491867,-251.4300537109375,50.0,50.0,0.05167345330119133,0.0,0.0,150.0,50.0,0.019913295283913612,0.0,0.0,150.0,50.0,0.038761235773563385,0.0,0.0,50.0,50.0,0.02858852408826351,0.0,0.0,60.0,2.0,0.154619961977005,0.0,0.0,60.0,2.0,-0.03843452408909798,0.0,0.0,50.0,50.0,0.13359050452709198,0.0,0.0,150.0,50.0,0.026745861396193504,0.0,0.0,150.0,50.0,0.032676998525857925,0.0,0.0,50.0,50.0,0.1071060448884964,0.0,0.0,60.0,2.0,0.14300385117530823,0.0,0.0,60.0,2.0,0.07748451083898544,0.0,0.0,150.0,25.0,-0.002393151866272092,0.0,0.0,150.0,25.0,0.000529019336681813,0.0,0.0,150.0,25.0,0.02352144569158554,0.0,0.0,20.0,8.0,0.011651787906885147,0.0,0.0,20.0,8.0,-0.011047391220927238,0.0,0.0,20.0,8.0,-0.07195254415273666,0.0,0.0,20.0,8.0,0.06408464163541794,0.0,0.0,10.0,1.0,0.044454675167798996,0.0,0.0,10.0,1.0,0.09678686410188675,0.0,0.0,10.0,1.0,-0.09197083860635757,0.0,0.0,20.0,8.0,0.1543823778629303,0.0,0.0,20.0,8.0,-0.02476458065211773,0.0,0.0,20.0,8.0,0.11960584670305252,0.0,0.0,20.0,8.0,0.039499759674072266,0.0,0.0,10.0,1.0,-0.022791121155023575,0.0,0.0,10.0,1.0,0.1688438355922699,0.0,0.0,10.0,1.0,-0.3681694567203522,0.0,0.0,1.0,0.10000000149011612,-0.04175477474927902,0.0,0.0,1.0,0.10000000149011612,0.03906363248825073,0.0,0.0,1.0,0.10000000149011612,0.0,0.0,0.0
1766995092.386097,1.5526525974273682,0.014341922476887703,0.014202410355210304,0.04344014823436737,0.001809196317004494,-0.004926013193263743,0.13904783129692078,-0.0032596627715975046,-0.027036026120185852,-0.03681239113211632,0.19130998849868774,-0.05664911866188049,0.1028076633810997,0.07037036865949631,0.0009587243548594415,0.01583123579621315,-0.06923781335353851,-0.022697795182466507,-0.005177111364901066,-0.007094560191035271,0.04544353485107422,0.059319447726011276,-0.01430533267557621,-0.032616160809993744,-0.10013733059167862,0.027656977996230125,0.0711451917886734,-0.06389715522527695,0.004005493130534887,0.025749599561095238,0.06275273114442825,-0.1184481605887413,-0.00476844422519207,0.1363775134086609,-0.3248264193534851,-0.0017257038271054626,-0.033555351197719574,0.013613885268568993,-0.0009157509775832295,0.0017094018403440714,-0.0012210012646391988,-0.003968254197388887,0.0,0.0,-0.007020757533609867,0.002197802299633622,-0.003663003910332918,0.0003052503161597997,0.0,0.0,-0.00024420025874860585,-0.00024420025874860585,-0.00024420025874860585,-0.00036630037357099354,0.00012210012937430292,-0.0028083028737455606,-0.00036630037357099354,-0.00036630037357099354,0.001831501955166459,-0.006959707476198673,0.003296703565865755,-0.0015873017255216837,0.005494505632668734,0.00012210012937430292,-0.00036630037357099354,0.003296703565865755,-0.01135531160980463,0.001831501955166459,0.0006105006323195994,0.0006105006323195994,0.119942307472229,0.04622192680835724,0.08997099101543427,0.06635851413011551,0.35889753699302673,-0.08921264857053757,0.31008481979370117,0.06208140030503273,0.07584851235151291,0.24861016869544983,0.33193469047546387,0.1798538714647293,-0.005554886069148779,0.0012279381044209003,0.05459701642394066,0.027045652270317078,-0.025642752647399902,-0.16701330244541168,0.1487506479024887,0.10318636894226074,0.22465771436691284,-0.2134789526462555,0.3583460748195648,-0.0574825294315815,0.2776241898536682,0.0916852280497551,-0.052901819348335266,0.39191341400146484,-0.8545798659324646,-0.0969194769859314,0.09067290276288986,-251.3834228515625,50.0,50.0,0.04958556964993477,0.0,0.0,150.0,50.0,0.019267212599515915,0.0,0.0,150.0,50.0,0.03938324376940727,0.0,0.0,50.0,50.0,0.028748346492648125,0.0,0.0,60.0,2.0,0.15476727485656738,0.0,0.0,60.0,2.0,-0.03969843313097954,0.0,0.0,50.0,50.0,0.1375831514596939,0.0,0.0,150.0,50.0,0.02793344296514988,0.0,0.0,150.0,50.0,0.032556336373090744,0.0,0.0,50.0,50.0,0.10823772847652435,0.0,0.0,60.0,2.0,0.14868946373462677,0.0,0.0,60.0,2.0,0.08117107301950455,0.0,0.0,150.0,25.0,-0.0018955061677843332,0.0,0.0,150.0,25.0,0.00040507709491066635,0.0,0.0,150.0,25.0,0.02415425330400467,0.0,0.0,20.0,8.0,0.012506816536188126,0.0,0.0,20.0,8.0,-0.01104295626282692,0.0,0.0,20.0,8.0,-0.07447946816682816,0.0,0.0,20.0,8.0,0.06583350896835327,0.0,0.0,10.0,1.0,0.044095199555158615,0.0,0.0,10.0,1.0,0.09756190329790115,0.0,0.0,10.0,1.0,-0.09666012972593307,0.0,0.0,20.0,8.0,0.15748003125190735,0.0,0.0,20.0,8.0,-0.02347670868039131,0.0,0.0,20.0,8.0,0.12055222690105438,0.0,0.0,20.0,8.0,0.038862138986587524,0.0,0.0,10.0,1.0,-0.022238539531826973,0.0,0.0,10.0,1.0,0.17109055817127228,0.0,0.0,10.0,1.0,-0.37097567319869995,0.0,0.0,1.0,0.10000000149011612,-0.042348966002464294,0.0,0.0,1.0,0.10000000149011612,0.0386846549808979,0.0,0.0,1.0,0.10000000149011612,0.0,0.0,0.0
1766995092.4067457,1.5733013153076172,0.013276658020913601,0.012870829552412033,0.04876646772027016,0.0015026278277744595,-0.004721944538221092,0.13904783129692078,-0.0024926832411438227,-0.027036026120185852,-0.03795681521296501,0.19207294285297394,-0.057793546468019485,0.10013733059167862,0.07113734632730484,-0.0005752345896326005,0.016212711110711098,-0.07343403995037079,-0.01888304017484188,-0.005177111364901066,-0.007094560191035271,0.04544353485107422,0.05970092490315437,-0.01430533267557621,-0.034142062067985535,-0.10013733059167862,0.027656977996230125,0.0722896158695221,-0.06733043491840363,0.00476844422519207,0.02536812424659729,0.06542305648326874,-0.1184481605887413,-0.00476844422519207,0.13981078565120697,-0.32940414547920227,-0.0017257038271054626,-0.033555351197719574,0.013613885268568993,-0.0003052503161597997,0.0012210012646391988,-0.00024420025874860585,-0.001526251551695168,0.0,0.0,-0.007631258107721806,0.0017094018403440714,-0.004151404369622469,0.001526251551695168,0.0,0.0,-0.00024420025874860585,-0.00024420025874860585,-0.00024420025874860585,-0.00012210012937430292,0.00012210012937430292,-0.004029304254800081,-0.00012210012937430292,-0.00036630037357099354,0.004029304254800081,-0.013553114607930183,0.0025641026441007853,-0.0013431013794615865,0.008669109083712101,0.00012210012937430292,-0.00036630037357099354,0.005494505632668734,-0.012087912298738956,-0.0006105006323195994,-0.0006105006323195994,-0.0006105006323195994,0.11370338499546051,0.04418114572763443,0.09030869603157043,0.0659220889210701,0.3548928201198578,-0.09103144705295563,0.31548836827278137,0.06405345350503922,0.07465409487485886,0.24819713830947876,0.3409559726715088,0.1861312836408615,-0.004346536006778479,0.0009288717992603779,0.05538749322295189,0.028679057955741882,-0.025322318077087402,-0.17078693211078644,0.15096111595630646,0.10111355781555176,0.22371667623519897,-0.22164884209632874,0.36111339926719666,-0.05383383110165596,0.2764351963996887,0.0891137644648552,-0.050994619727134705,0.3923233151435852,-0.8506746888160706,-0.09710931777954102,0.08870678395032883,-251.28677368164062,50.0,50.0,0.05054667219519615,0.0,0.0,150.0,50.0,0.018840156495571136,0.0,0.0,150.0,50.0,0.04008142277598381,0.0,0.0,50.0,50.0,0.029172146692872047,0.0,0.0,60.0,2.0,0.15601448714733124,0.0,0.0,60.0,2.0,-0.04083331674337387,0.0,0.0,50.0,50.0,0.13743683695793152,0.0,0.0,150.0,50.0,0.028697242960333824,0.0,0.0,150.0,50.0,0.03446395322680473,0.0,0.0,50.0,50.0,0.10861833393573761,0.0,0.0,60.0,2.0,0.15271395444869995,0.0,0.0,60.0,2.0,0.08404489606618881,0.0,0.0,150.0,25.0,-0.0012309516314417124,0.0,0.0,150.0,25.0,0.0006536566070280969,0.0,0.0,150.0,25.0,0.02472555637359619,0.0,0.0,20.0,8.0,0.011881889775395393,0.0,0.0,20.0,8.0,-0.008829344995319843,0.0,0.0,20.0,8.0,-0.07574597001075745,0.0,0.0,20.0,8.0,0.06874838471412659,0.0,0.0,10.0,1.0,0.04562371224164963,0.0,0.0,10.0,1.0,0.09658864140510559,0.0,0.0,10.0,1.0,-0.1004757285118103,0.0,0.0,20.0,8.0,0.1616973727941513,0.0,0.0,20.0,8.0,-0.026659591123461723,0.0,0.0,20.0,8.0,0.12097964435815811,0.0,0.0,20.0,8.0,0.03803212195634842,0.0,0.0,10.0,1.0,-0.022227855399250984,0.0,0.0,10.0,1.0,0.17212897539138794,0.0,0.0,10.0,1.0,-0.3751073181629181,0.0,0.0,1.0,0.10000000149011612,-0.04325379803776741,0.0,0.0,1.0,0.10000000149011612,0.041592832654714584,0.0,0.0,1.0,0.10000000149011612,0.0,0.0,0.0
1766995092.4253588,1.591914415359497,0.018869295716285706,0.009675036184489727,0.049831733107566833,0.002262147707240896,-0.005055071894941446,0.13942931592464447,-0.0017257038271054626,-0.027036026120185852,-0.03757534176111221,0.19398032128810883,-0.059319447726011276,0.09746700525283813,0.07228781282901764,-0.0021091934759169817,0.01773861236870289,-0.07801175117492676,-0.013923857361078262,-0.005177111364901066,-0.007094560191035271,0.04544353485107422,0.05970092490315437,-0.01430533267557621,-0.03528648987412453,-0.10013733059167862,0.027656977996230125,0.07572289556264877,-0.06885633617639542,0.006294346414506435,0.024605173617601395,0.06809338182210922,-0.1184481605887413,-0.00476844422519207,0.14209964871406555,-0.33436331152915955,-0.0017257038271054626,-0.033555351197719574,0.013230396434664726,-0.0003052503161597997,0.0017094018403440714,-0.00024420025874860585,-0.0003052503161597997,0.0,0.0,-0.008241758681833744,0.002197802299633622,-0.00463980482891202,0.004578754771500826,0.0,0.0,-0.00024420025874860585,-0.00024420025874860585,-0.00024420025874860585,0.00012210012937430292,-0.00012210012937430292,-0.004029304254800081,-0.00012210012937430292,-0.00036630037357099354,0.01135531160980463,-0.004029304254800081,0.003296703565865755,-0.00231990241445601,0.005738705862313509,-0.00012210012937430292,0.00036630037357099354,0.009157509543001652,-0.015750916674733162,-0.0006105006323195994,0.001831501955166459,-0.001831501955166459,0.11451667547225952,0.04268356412649155,0.0908069908618927,0.06609133630990982,0.3534606695175171,-0.09251045435667038,0.3113718330860138,0.06501541286706924,0.07808025926351547,0.24608168005943298,0.34598308801651,0.19040901958942413,-0.0027887984178960323,0.0014809002168476582,0.056017305701971054,0.0269191712141037,-0.020003437995910645,-0.17160727083683014,0.15575380623340607,0.10336339473724365,0.21882766485214233,-0.22763410210609436,0.36633560061454773,-0.06039898470044136,0.27408701181411743,0.08616416901350021,-0.0503586083650589,0.3899690508842468,-0.8498292565345764,-0.09799420833587646,0.09423118084669113,-251.2539825439453,50.0,50.0,0.04960164800286293,0.0,0.0,150.0,50.0,0.01753559149801731,0.0,0.0,150.0,50.0,0.04040592163801193,0.0,0.0,50.0,50.0,0.02986360713839531,0.0,0.0,60.0,2.0,0.1570512354373932,0.0,0.0,60.0,2.0,-0.042333852499723434,0.0,0.0,50.0,50.0,0.13809482753276825,0.0,0.0,150.0,50.0,0.03065943717956543,0.0,0.0,150.0,50.0,0.03813489153981209,0.0,0.0,50.0,50.0,0.10843375325202942,0.0,0.0,60.0,2.0,0.15913772583007812,0.0,0.0,60.0,2.0,0.089419424533844,0.0,0.0,150.0,25.0,-0.0011453499319031835,0.0,0.0,150.0,25.0,0.0007814050768502057,0.0,0.0,150.0,25.0,0.025324825197458267,0.0,0.0,20.0,8.0,0.011752789840102196,0.0,0.0,20.0,8.0,-0.008488796651363373,0.0,0.0,20.0,8.0,-0.07666418701410294,0.0,0.0,20.0,8.0,0.067998506128788,0.0,0.0,10.0,1.0,0.044206418097019196,0.0,0.0,10.0,1.0,0.09544052183628082,0.0,0.0,10.0,1.0,-0.10156640410423279,0.0,0.0,20.0,8.0,0.16245457530021667,0.0,0.0,20.0,8.0,-0.026161357760429382,0.0,0.0,20.0,8.0,0.1258074790239334,0.0,0.0,20.0,8.0,0.037793733179569244,0.0,0.0,10.0,1.0,-0.024489281699061394,0.0,0.0,10.0,1.0,0.1736028641462326,0.0,0.0,10.0,1.0,-0.37928304076194763,0.0,0.0,1.0,0.10000000149011612,-0.043162256479263306,0.0,0.0,1.0,0.10000000149011612,0.04806774482131004,0.0,0.0,1.0,0.10000000149011612,0.0,0.0,0.0
1766995092.4453754,1.6119310855865479,0.01727139949798584,0.016066621989011765,0.04770120605826378,0.0026002151090909905,-0.004443664292444083,0.13942931592464447,-0.0013422140618786216,-0.027036026120185852,-0.03795681521296501,0.1958876997232437,-0.06046387553215027,0.09517814964056015,0.07343828678131104,-0.004026642069220543,0.018501564860343933,-0.08297093212604523,-0.00858320016413927,-0.005177111364901066,-0.007094560191035271,0.04544353485107422,0.05970092490315437,-0.01430533267557621,-0.037193864583969116,-0.10013733059167862,0.027656977996230125,0.07801175117492676,-0.07305257022380829,0.0078202486038208,0.02384222112596035,0.0711451917886734,-0.1184481605887413,-0.00476844422519207,0.14438849687576294,-0.3393225073814392,-0.0017257038271054626,-0.033555351197719574,0.013613885268568993,-0.0003052503161597997,0.0012210012646391988,-0.00024420025874860585,-0.0009157509775832295,0.0,0.0,-0.004578754771500826,0.002686202758923173,-0.004151404369622469,-0.0003052503161597997,0.0,0.0,-0.00024420025874860585,-0.00024420025874860585,-0.00024420025874860585,0.00012210012937430292,-0.00036630037357099354,-0.003785104025155306,-0.00012210012937430292,-0.001098901149816811,0.00622710632160306,-0.006959707476198673,0.0035409037955105305,-0.001831501955166459,0.007692308165132999,-0.00012210012937430292,-0.00036630037357099354,0.004761904943734407,-0.013553114607930183,-0.001831501955166459,-0.0006105006323195994,-0.0006105006323195994,0.1112152487039566,0.03931774944067001,0.09059688448905945,0.06695923954248428,0.3521353304386139,-0.09491962939500809,0.3096318542957306,0.06874362379312515,0.08550485223531723,0.2431267350912094,0.35681357979774475,0.20049341022968292,-0.002568067517131567,0.0017520417459309101,0.05678252503275871,0.02635173499584198,-0.019033312797546387,-0.17189402878284454,0.1524641066789627,0.09911823272705078,0.21399372816085815,-0.22772899270057678,0.364250510931015,-0.0586581714451313,0.2820815443992615,0.08473991602659225,-0.05490909516811371,0.3892468512058258,-0.8504164814949036,-0.0967770516872406,0.10777597874403,-251.1944580078125,50.0,50.0,0.0500524677336216,0.0,0.0,150.0,50.0,0.01662280783057213,0.0,0.0,150.0,50.0,0.041790980845689774,0.0,0.0,50.0,50.0,0.03054882399737835,0.0,0.0,60.0,2.0,0.15868332982063293,0.0,0.0,60.0,2.0,-0.043448057025671005,0.0,0.0,50.0,50.0,0.14234425127506256,0.0,0.0,150.0,50.0,0.032296277582645416,0.0,0.0,150.0,50.0,0.03937838226556778,0.0,0.0,50.0,50.0,0.11178039759397507,0.0,0.0,60.0,2.0,0.1703096628189087,0.0,0.0,60.0,2.0,0.09560099244117737,0.0,0.0,150.0,25.0,-0.0013556858757510781,0.0,0.0,150.0,25.0,0.0008071245974861085,0.0,0.0,150.0,25.0,0.025150058791041374,0.0,0.0,20.0,8.0,0.010895505547523499,0.0,0.0,20.0,8.0,-0.006350297015160322,0.0,0.0,20.0,8.0,-0.07724715024232864,0.0,0.0,20.0,8.0,0.06870505213737488,0.0,0.0,10.0,1.0,0.04265220835804939,0.0,0.0,10.0,1.0,0.09389951825141907,0.0,0.0,10.0,1.0,-0.1053377240896225,0.0,0.0,20.0,8.0,0.169475719332695,0.0,0.0,20.0,8.0,-0.02923288196325302,0.0,0.0,20.0,8.0,0.12537583708763123,0.0,0.0,20.0,8.0,0.036039236932992935,0.0,0.0,10.0,1.0,-0.02349742129445076,0.0,0.0,10.0,1.0,0.17385007441043854,0.0,0.0,10.0,1.0,-0.38272625207901,0.0,0.0,1.0,0.10000000149011612,-0.04327859356999397,0.0,0.0,1.0,0.10000000149011612,0.05662207677960396,0.0,0.0,1.0,0.10000000149011612,0.0,0.0,0.0
1766995092.4666708,1.6332263946533203,0.012477708980441093,0.01580030657351017,0.034385401755571365,0.0029519401758020787,-0.0038730578003938346,0.13981078565120697,-0.0009587243548594415,-0.027036026120185852,-0.03833829239010811,0.1970321238040924,-0.06084534898400307,0.09250781685113907,0.07458875328302383,-0.005560601130127907,0.01888304017484188,-0.0879301130771637,-0.004386968910694122,-0.005177111364901066,-0.007094560191035271,0.04544353485107422,0.05970092490315437,-0.01430533267557621,-0.03833829239010811,-0.10013733059167862,0.028038453310728073,0.07877469807863235,-0.07801175117492676,0.009346150793135166,0.023079270496964455,0.07381551712751389,-0.1184481605887413,-0.00476844422519207,0.14629587531089783,-0.344663143157959,-0.0017257038271054626,-0.033555351197719574,0.013613885268568993,0.0009157509775832295,-0.00024420025874860585,-0.00024420025874860585,-0.0009157509775832295,0.0,0.0,-0.009462759830057621,0.0031746034510433674,-0.0051282052882015705,0.001526251551695168,0.0,0.0,-0.00024420025874860585,-0.00024420025874860585,-0.00024420025874860585,-0.00012210012937430292,-0.00012210012937430292,-0.003296703565865755,-0.00012210012937430292,0.001098901149816811,0.001098901149816811,-0.013553114607930183,0.004273504484444857,-0.0020757021848112345,0.005738705862313509,-0.00012210012937430292,-0.001098901149816811,0.0025641026441007853,-0.012820513918995857,-0.0006105006323195994,-0.0006105006323195994,0.0006105006323195994,0.1110321581363678,0.03687462955713272,0.09270557761192322,0.06776692718267441,0.35200968384742737,-0.09638149291276932,0.315764456987381,0.07164333015680313,0.0873536691069603,0.24796417355537415,0.3778005540370941,0.2120731621980667,-0.003007338847965002,0.0017904569394886494,0.05579076334834099,0.024169668555259705,-0.01408696174621582,-0.17135854065418243,0.15240947902202606,0.09461605548858643,0.20829874277114868,-0.23367229104042053,0.3759506046772003,-0.06484775245189667,0.278123140335083,0.07994639128446579,-0.05212469398975372,0.3856543004512787,-0.8490075469017029,-0.09600557386875153,0.12560562789440155,-251.06723022460938,50.0,50.0,0.046765755861997604,0.0,0.0,150.0,50.0,0.017400601878762245,0.0,0.0,150.0,50.0,0.04246165603399277,0.0,0.0,50.0,50.0,0.030395671725273132,0.0,0.0,60.0,2.0,0.15901382267475128,0.0,0.0,60.0,2.0,-0.04468714818358421,0.0,0.0,50.0,50.0,0.14805936813354492,0.0,0.0,150.0,50.0,0.03215477988123894,0.0,0.0,150.0,50.0,0.04199586808681488,0.0,0.0,50.0,50.0,0.11356210708618164,0.0,0.0,60.0,2.0,0.1777837723493576,0.0,0.0,60.0,2.0,0.0995311364531517,0.0,0.0,150.0,25.0,-0.0006802507559768856,0.0,0.0,150.0,25.0,0.001078633009456098,0.0,0.0,150.0,25.0,0.025262119248509407,0.0,0.0,20.0,8.0,0.012511461973190308,0.0,0.0,20.0,8.0,-0.0043355124071240425,0.0,0.0,20.0,8.0,-0.07961922138929367,0.0,0.0,20.0,8.0,0.06730359047651291,0.0,0.0,10.0,1.0,0.043687015771865845,0.0,0.0,10.0,1.0,0.09325045347213745,0.0,0.0,10.0,1.0,-0.10831764340400696,0.0,0.0,20.0,8.0,0.17078712582588196,0.0,0.0,20.0,8.0,-0.026854097843170166,0.0,0.0,20.0,8.0,0.12682773172855377,0.0,0.0,20.0,8.0,0.03347942233085632,0.0,0.0,10.0,1.0,-0.02534319832921028,0.0,0.0,10.0,1.0,0.17543794214725494,0.0,0.0,10.0,1.0,-0.3858115077018738,0.0,0.0,1.0,0.10000000149011612,-0.04318912327289581,0.0,0.0,1.0,0.10000000149011612,0.06190623715519905,0.0,0.0,1.0,0.10000000149011612,0.0,0.0,0.0
1766995092.4862933,1.6528489589691162,0.012211393564939499,0.020327679812908173,0.04104330390691757,0.0031060221719397606,-0.0017828110270779074,0.14133669435977936,-0.0009587243548594415,-0.027036026120185852,-0.03833829239010811,0.1977950781583786,-0.06084534898400307,0.0875486359000206,0.0761227160692215,-0.007478049956262112,0.019645990803837776,-0.09212634712457657,-0.00019073777366429567,-0.005177111364901066,-0.007094560191035271,0.04544353485107422,0.05970092490315437,-0.01430533267557621,-0.0394827201962471,-0.10013733059167862,0.028038453310728073,0.07991912961006165,-0.07915617525577545,0.01125352829694748,0.02231631986796856,0.07572289556264877,-0.1184481605887413,-0.005149920005351305,0.14782176911830902,-0.34885939955711365,-0.0021091934759169817,-0.03317186236381531,0.013613885268568993,0.003968254197388887,-0.00024420025874860585,-0.00024420025874860585,-0.0009157509775832295,0.0,0.0,-0.007631258107721806,0.004151404369622469,-0.006105006206780672,0.003357753623276949,0.0,0.0,-0.00024420025874860585,-0.00024420025874860585,-0.00024420025874860585,-0.00012210012937430292,0.00012210012937430292,-0.0025641026441007853,-0.00012210012937430292,-0.00036630037357099354,0.00036630037357099354,-0.004029304254800081,0.005250305403023958,-0.0015873017255216837,0.0064713070169091225,-0.00012210012937430292,-0.00036630037357099354,0.004761904943734407,-0.01428571529686451,-0.001831501955166459,0.0006105006323195994,-0.0006105006323195994,0.10263185203075409,0.03818725794553757,0.09318609535694122,0.06670615822076797,0.34897080063819885,-0.09807015210390091,0.32493022084236145,0.07056669145822525,0.09216388314962387,0.24922272562980652,0.39016321301460266,0.21843044459819794,-0.0014928742311894894,0.0023671616800129414,0.05544009432196617,0.027457579970359802,-0.009514689445495605,-0.17473186552524567,0.14770404994487762,0.09587526321411133,0.20464688539505005,-0.23771324753761292,0.3748084008693695,-0.058933842927217484,0.2783353924751282,0.0734737440943718,-0.055618032813072205,0.385015070438385,-0.8466996550559998,-0.09478259086608887,0.13585905730724335,-251.0086669921875,50.0,50.0,0.04504278674721718,0.0,0.0,150.0,50.0,0.016459763050079346,0.0,0.0,150.0,50.0,0.044249922037124634,0.0,0.0,50.0,50.0,0.031289149075746536,0.0,0.0,60.0,2.0,0.16004176437854767,0.0,0.0,60.0,2.0,-0.04651118442416191,0.0,0.0,50.0,50.0,0.15229210257530212,0.0,0.0,150.0,50.0,0.033114492893218994,0.0,0.0,150.0,50.0,0.04542388767004013,0.0,0.0,50.0,50.0,0.11706168204545975,0.0,0.0,60.0,2.0,0.19357964396476746,0.0,0.0,60.0,2.0,0.10328953713178635,0.0,0.0,150.0,25.0,0.0008679606253281236,0.0,0.0,150.0,25.0,0.0010053638834506273,0.0,0.0,150.0,25.0,0.025625836104154587,0.0,0.0,20.0,8.0,0.011900301091372967,0.0,0.0,20.0,8.0,-0.004094674717634916,0.0,0.0,20.0,8.0,-0.0813392698764801,0.0,0.0,20.0,8.0,0.06544846296310425,0.0,0.0,10.0,1.0,0.04170162230730057,0.0,0.0,10.0,1.0,0.09129924327135086,0.0,0.0,10.0,1.0,-0.10939030349254608,0.0,0.0,20.0,8.0,0.17611593008041382,0.0,0.0,20.0,8.0,-0.026288090273737907,0.0,0.0,20.0,8.0,0.12863001227378845,0.0,0.0,20.0,8.0,0.03086664155125618,0.0,0.0,10.0,1.0,-0.028302811086177826,0.0,0.0,10.0,1.0,0.1753949224948883,0.0,0.0,10.0,1.0,-0.38956141471862793,0.0,0.0,1.0,0.10000000149011612,-0.042895734310150146,0.0,0.0,1.0,0.10000000149011612,0.06984961777925491,0.0,0.0,1.0,0.10000000149011612,0.0,0.0,0.0
1766995092.5048764,1.6714320182800293,0.012744025327265263,0.0189960990101099,0.053027525544166565,0.003129791772580272,-0.0012997607867712437,0.14286258816719055,-0.0009587243548594415,-0.027036026120185852,-0.03833829239010811,0.1997024416923523,-0.06160829961299896,0.086785688996315,0.07804016023874283,-0.009778988547623158,0.021553369238972664,-0.09861142933368683,0.005531395319849253,-0.005177111364901066,-0.007094560191035271,0.045827023684978485,0.05970092490315437,-0.01430533267557621,-0.04100862145423889,-0.10013733059167862,0.028038453310728073,0.08030059933662415,-0.08297093212604523,0.013160906732082367,0.021553369238972664,0.07877469807863235,-0.1184481605887413,-0.005149920005351305,0.1497291475534439,-0.3534370958805084,-0.0021091934759169817,-0.03202139213681221,0.013613885268568993,0.002747252816334367,-0.00024420025874860585,-0.00024420025874860585,-0.0003052503161597997,0.0,0.0,-0.007020757533609867,0.002686202758923173,-0.00463980482891202,0.002747252816334367,0.0,0.0,-0.00024420025874860585,-0.00024420025874860585,0.00024420025874860585,-0.00012210012937430292,-0.00036630037357099354,-0.003296703565865755,-0.00036630037357099354,-0.001098901149816811,0.00036630037357099354,-0.004761904943734407,0.005006105173379183,-0.001831501955166459,0.005494505632668734,-0.00012210012937430292,-0.00036630037357099354,0.004029304254800081,-0.00622710632160306,-0.001831501955166459,0.001831501955166459,0.0006105006323195994,0.09791921079158783,0.035782136023044586,0.09619559347629547,0.06801996380090714,0.3479172885417938,-0.10111138969659805,0.3310701549053192,0.07198811322450638,0.09874769300222397,0.2544822096824646,0.4208258092403412,0.22454272210597992,0.0018868730403482914,0.002185576129704714,0.05570840463042259,0.025870248675346375,-0.008901476860046387,-0.17682470381259918,0.14227943122386932,0.09065580368041992,0.1984768509864807,-0.23780527710914612,0.3828611671924591,-0.05714808776974678,0.27963078022003174,0.06710147112607956,-0.06152792274951935,0.38129374384880066,-0.8468735814094543,-0.09325170516967773,0.15184716880321503,-250.81326293945312,50.0,50.0,0.046781986951828,0.0,0.0,150.0,50.0,0.016263527795672417,0.0,0.0,150.0,50.0,0.04500865191221237,0.0,0.0,50.0,50.0,0.032632872462272644,0.0,0.0,60.0,2.0,0.16279873251914978,0.0,0.0,60.0,2.0,-0.04739702120423317,0.0,0.0,50.0,50.0,0.15373745560646057,0.0,0.0,150.0,50.0,0.03638109192252159,0.0,0.0,150.0,50.0,0.049891650676727295,0.0,0.0,50.0,50.0,0.12253999710083008,0.0,0.0,60.0,2.0,0.20645427703857422,0.0,0.0,60.0,2.0,0.10846245288848877,0.0,0.0,150.0,25.0,0.0016109088901430368,0.0,0.0,150.0,25.0,0.0009829025948420167,0.0,0.0,150.0,25.0,0.025652006268501282,0.0,0.0,20.0,8.0,0.009444251656532288,0.0,0.0,20.0,8.0,-0.0030454983934760094,0.0,0.0,20.0,8.0,-0.08194887638092041,0.0,0.0,20.0,8.0,0.06302525848150253,0.0,0.0,10.0,1.0,0.04060269892215729,0.0,0.0,10.0,1.0,0.0916810929775238,0.0,0.0,10.0,1.0,-0.10753803700208664,0.0,0.0,20.0,8.0,0.17793594300746918,0.0,0.0,20.0,8.0,-0.025429705157876015,0.0,0.0,20.0,8.0,0.1314523071050644,0.0,0.0,20.0,8.0,0.02698829211294651,0.0,0.0,10.0,1.0,-0.030337277799844742,0.0,0.0,10.0,1.0,0.1770060956478119,0.0,0.0,10.0,1.0,-0.39378032088279724,0.0,0.0,1.0,0.10000000149011612,-0.042723167687654495,0.0,0.0,1.0,0.10000000149011612,0.07961688935756683,0.0,0.0,1.0,0.10000000149011612,0.0,0.0,0.0
1766995092.524909,1.6914646625518799,0.019934559240937233,0.016599254682660103,0.04850015416741371,0.004222244491053809,0.0004844733237751851,0.14438849687576294,-0.0009587243548594415,-0.027036026120185852,-0.0394827201962471,0.20122835040092468,-0.06198977679014206,0.08411535620689392,0.07880713790655136,-0.011312947608530521,0.022697795182466507,-0.10509651154279709,0.009727626107633114,-0.005177111364901066,-0.007094560191035271,0.04621051251888275,0.05970092490315437,-0.01430533267557621,-0.042153049260377884,-0.10013733059167862,0.028038453310728073,0.08030059933662415,-0.08525978773832321,0.01506828423589468,0.02040894143283367,0.08106355369091034,-0.1184481605887413,-0.005149920005351305,0.1512550562620163,-0.3568703830242157,-0.0021091934759169817,-0.025118578225374222,0.013613885268568993,0.001526251551695168,-0.00024420025874860585,-0.00024420025874860585,-0.004578754771500826,0.0,0.0,-0.006410256959497929,0.0007326007471419871,-0.00463980482891202,0.003357753623276949,0.0,0.0,-0.00024420025874860585,-0.00024420025874860585,0.0012210012646391988,0.00012210012937430292,-0.00012210012937430292,-0.0035409037955105305,-0.00012210012937430292,0.00036630037357099354,-0.00036630037357099354,-0.008424908854067326,0.004517704714089632,-0.003296703565865755,0.005738705862313509,-0.00012210012937430292,-0.00036630037357099354,0.003296703565865755,-0.01428571529686451,-0.0006105006323195994,0.026251528412103653,0.0006105006323195994,0.10084110498428345,0.035056911408901215,0.09701858460903168,0.07034192234277725,0.35092148184776306,-0.10216683894395828,0.3313893973827362,0.07842140644788742,0.10754414647817612,0.26414158940315247,0.4450233578681946,0.23379667103290558,0.0034724012948572636,0.0021186997182667255,0.05529428645968437,0.020357593894004822,-0.006564736366271973,-0.17664523422718048,0.1358543485403061,0.08752131462097168,0.19762355089187622,-0.2318040430545807,0.3835505545139313,-0.054815102368593216,0.2833525538444519,0.05817472189664841,-0.06539364159107208,0.3815461993217468,-0.8488147854804993,-0.09209209680557251,0.1716185063123703,-250.64637756347656,50.0,50.0,0.046039238572120667,0.0,0.0,150.0,50.0,0.014250053092837334,0.0,0.0,150.0,50.0,0.04634911194443703,0.0,0.0,50.0,50.0,0.03353443369269371,0.0,0.0,60.0,2.0,0.16355499625205994,0.0,0.0,60.0,2.0,-0.04920166730880737,0.0,0.0,50.0,50.0,0.15954148769378662,0.0,0.0,150.0,50.0,0.040707070380449295,0.0,0.0,150.0,50.0,0.05353572219610214,0.0,0.0,50.0,50.0,0.12736420333385468,0.0,0.0,60.0,2.0,0.22399719059467316,0.0,0.0,60.0,2.0,0.11672481149435043,0.0,0.0,150.0,25.0,0.001822680700570345,0.0,0.0,150.0,25.0,-0.0007110717706382275,0.0,0.0,150.0,25.0,0.024809403344988823,0.0,0.0,20.0,8.0,0.008615987375378609,0.0,0.0,20.0,8.0,-0.0027930091600865126,0.0,0.0,20.0,8.0,-0.07949132472276688,0.0,0.0,20.0,8.0,0.06080572307109833,0.0,0.0,10.0,1.0,0.03665726259350777,0.0,0.0,10.0,1.0,0.09255429357290268,0.0,0.0,10.0,1.0,-0.10654810816049576,0.0,0.0,20.0,8.0,0.18070736527442932,0.0,0.0,20.0,8.0,-0.02530275471508503,0.0,0.0,20.0,8.0,0.13553234934806824,0.0,0.0,20.0,8.0,0.028484852984547615,0.0,0.0,10.0,1.0,-0.03280030936002731,0.0,0.0,10.0,1.0,0.1759941577911377,0.0,0.0,10.0,1.0,-0.3948647379875183,0.0,0.0,1.0,0.10000000149011612,-0.043414562940597534,0.0,0.0,1.0,0.10000000149011612,0.07944367080926895,0.0,0.0,1.0,0.10000000149011612,0.0,0.0,0.0
1766995092.5454037,1.7119593620300293,0.017537714913487434,0.018729781731963158,0.04077698662877083,0.005301648427792224,0.0020531677165016504,0.14400701224803925,-0.0009587243548594415,-0.027036026120185852,-0.04100862145423889,0.20275425910949707,-0.06275273114442825,0.08068207651376724,0.07919063419103622,-0.013230396434664726,0.023079270496964455,-0.11234454810619354,0.01430533267557621,-0.005177111364901066,-0.007094560191035271,0.04659400135278702,0.05970092490315437,-0.01430533267557621,-0.04329747334122658,-0.10013733059167862,0.028038453310728073,0.08030059933662415,-0.086785688996315,0.01735713705420494,0.019645990803837776,0.08335240930318832,-0.1184481605887413,-0.005531395319849253,0.1527809500694275,-0.3606851398944855,-0.0021091934759169817,-0.02166716940701008,0.013613885268568993,-0.0003052503161597997,-0.00024420025874860585,-0.0007326007471419871,-0.003968254197388887,0.0,0.0,-0.009462759830057621,0.00024420025874860585,-0.005616605747491121,-0.0009157509775832295,0.0,0.0,-0.00024420025874860585,-0.00024420025874860585,0.0017094018403440714,0.00036630037357099354,-0.00012210012937430292,-0.004029304254800081,-0.00012210012937430292,-0.001098901149816811,-0.00036630037357099354,-0.0025641026441007853,0.0064713070169091225,-0.0025641026441007853,0.00622710632160306,-0.00012210012937430292,-0.001831501955166459,0.004761904943734407,-0.010622710920870304,0.0006105006323195994,0.001831501955166459,-0.001831501955166459,0.09838633239269257,0.030452512204647064,0.09904853999614716,0.07166343182325363,0.349518746137619,-0.10514447838068008,0.34094181656837463,0.08699143677949905,0.11440639942884445,0.27217862010002136,0.47868433594703674,0.24944214522838593,0.003895087633281946,-0.0015195677988231182,0.053017955273389816,0.018412455916404724,-0.005968689918518066,-0.16987378895282745,0.12994246184825897,0.07833695411682129,0.1977894902229309,-0.22769442200660706,0.3861735165119171,-0.05407224968075752,0.2896340489387512,0.06087242811918259,-0.07009460031986237,0.3761013448238373,-0.8438300490379333,-0.09277737140655518,0.1697719544172287,-250.372314453125,50.0,50.0,0.04380551725625992,0.0,0.0,150.0,50.0,0.012778070755302906,0.0,0.0,150.0,50.0,0.04714806377887726,0.0,0.0,50.0,50.0,0.03396157547831535,0.0,0.0,60.0,2.0,0.16348882019519806,0.0,0.0,60.0,2.0,-0.05110463127493858,0.0,0.0,50.0,50.0,0.1667400300502777,0.0,0.0,150.0,50.0,0.04180971533060074,0.0,0.0,150.0,50.0,0.05603860691189766,0.0,0.0,50.0,50.0,0.13053053617477417,0.0,0.0,60.0,2.0,0.23452699184417725,0.0,0.0,60.0,2.0,0.12255403399467468,0.0,0.0,150.0,25.0,0.002115550683811307,0.0,0.0,150.0,25.0,-0.0011470551835373044,0.0,0.0,150.0,25.0,0.02344488352537155,0.0,0.0,20.0,8.0,0.010784510523080826,0.0,0.0,20.0,8.0,-0.0012732303002849221,0.0,0.0,20.0,8.0,-0.08170678466558456,0.0,0.0,20.0,8.0,0.05832664668560028,0.0,0.0,10.0,1.0,0.03868761658668518,0.0,0.0,10.0,1.0,0.08936502784490585,0.0,0.0,10.0,1.0,-0.10797321051359177,0.0,0.0,20.0,8.0,0.18194319307804108,0.0,0.0,20.0,8.0,-0.027372391894459724,0.0,0.0,20.0,8.0,0.13841667771339417,0.0,0.0,20.0,8.0,0.023676054552197456,0.0,0.0,10.0,1.0,-0.03358834609389305,0.0,0.0,10.0,1.0,0.17186544835567474,0.0,0.0,10.0,1.0,-0.3978921175003052,0.0,0.0,1.0,0.10000000149011612,-0.04312233626842499,0.0,0.0,1.0,0.10000000149011612,0.08527984470129013,0.0,0.0,1.0,0.10000000149011612,0.0,0.0,0.0
1766995092.5693674,1.7359230518341064,0.018070347607135773,0.02458873577415943,0.04876646772027016,0.0059711848769033815,0.004229327699393977,0.14400701224803925,-0.0009587243548594415,-0.027803005650639534,-0.043678950518369675,0.20428015291690826,-0.06351567804813385,0.07534141838550568,0.07995761185884476,-0.01591482385993004,0.02384222112596035,-0.12111848592758179,0.020027466118335724,-0.005177111364901066,-0.007094560191035271,0.04736098274588585,0.06008239835500717,-0.01430533267557621,-0.04482337832450867,-0.10013733059167862,0.028038453310728073,0.08030059933662415,-0.0879301130771637,0.01926451548933983,0.019645990803837776,0.08564125746488571,-0.1184481605887413,-0.007057297509163618,0.15430685877799988,-0.36488136649131775,-0.0024926832411438227,-0.019749721512198448,0.013613885268568993,0.0003052503161597997,-0.00024420025874860585,-0.002197802299633622,-0.006410256959497929,0.0,0.0,-0.009462759830057621,0.002686202758923173,-0.007570208050310612,0.001526251551695168,0.0,0.0,-0.00024420025874860585,-0.00024420025874860585,0.0017094018403440714,0.0015873017255216837,-0.00012210012937430292,-0.003785104025155306,-0.00012210012937430292,0.00036630037357099354,0.00036630037357099354,-0.0025641026441007853,0.004761904943734407,-0.001098901149816811,0.005738705862313509,-0.00012210012937430292,-0.004761904943734407,0.001831501955166459,-0.013553114607930183,-0.0006105006323195994,0.009157509543001652,-0.001831501955166459,0.09283925592899323,0.027081213891506195,0.0999232828617096,0.07197649031877518,0.34649014472961426,-0.10830863565206528,0.35338059067726135,0.08860944956541061,0.1187654659152031,0.27663999795913696,0.49704495072364807,0.25973498821258545,0.0044835940934717655,-0.002431012224406004,0.049687933176755905,0.02285616099834442,-0.0026984214782714844,-0.17316533625125885,0.12361462414264679,0.08199262619018555,0.18939584493637085,-0.22883310914039612,0.3856014311313629,-0.058011699467897415,0.29335349798202515,0.050177864730358124,-0.07118548452854156,0.36424314975738525,-0.8432729840278625,-0.09139135479927063,0.18073789775371552,-250.2350616455078,50.0,50.0,0.04541705176234245,0.0,0.0,150.0,50.0,0.009933608584105968,0.0,0.0,150.0,50.0,0.048399701714515686,0.0,0.0,50.0,50.0,0.03538225591182709,0.0,0.0,60.0,2.0,0.16377979516983032,0.0,0.0,60.0,2.0,-0.05310049280524254,0.0,0.0,50.0,50.0,0.1702224463224411,0.0,0.0,150.0,50.0,0.042947836220264435,0.0,0.0,150.0,50.0,0.059986215084791183,0.0,0.0,50.0,50.0,0.1349390745162964,0.0,0.0,60.0,2.0,0.2550494968891144,0.0,0.0,60.0,2.0,0.13015766441822052,0.0,0.0,150.0,25.0,0.003060641000047326,0.0,0.0,150.0,25.0,-0.002017604885622859,0.0,0.0,150.0,25.0,0.022462598979473114,0.0,0.0,20.0,8.0,0.006850501988083124,0.0,0.0,20.0,8.0,-0.0002850382006727159,0.0,0.0,20.0,8.0,-0.08180894702672958,0.0,0.0,20.0,8.0,0.05723118782043457,0.0,0.0,10.0,1.0,0.03782426193356514,0.0,0.0,10.0,1.0,0.08741923421621323,0.0,0.0,10.0,1.0,-0.1123441681265831,0.0,0.0,20.0,8.0,0.1899397224187851,0.0,0.0,20.0,8.0,-0.030959926545619965,0.0,0.0,20.0,8.0,0.1414594054222107,0.0,0.0,20.0,8.0,0.023724686354398727,0.0,0.0,10.0,1.0,-0.03313467651605606,0.0,0.0,10.0,1.0,0.16742847859859467,0.0,0.0,10.0,1.0,-0.40265610814094543,0.0,0.0,1.0,0.10000000149011612,-0.042282674461603165,0.0,0.0,1.0,0.10000000149011612,0.09559810161590576,0.0,0.0,1.0,0.10000000149011612,0.0,0.0,0.0
1766995092.5848987,1.7514543533325195,0.023929301649332047,0.0213929433375597,0.05196226388216019,0.006794238759336299,0.006221273998655358,0.14400701224803925,-0.0009587243548594415,-0.02895347587764263,-0.04634927958250046,0.20504310727119446,-0.06466010212898254,0.0722896158695221,0.08187505602836609,-0.018982741981744766,0.026131074875593185,-0.13179980218410492,0.026131074875593185,-0.005177111364901066,-0.007478049956262112,0.047744471579790115,0.06084534898400307,-0.01430533267557621,-0.04558632895350456,-0.10013733059167862,0.027656977996230125,0.08068207651376724,-0.08907453715801239,0.02231631986796856,0.01888304017484188,0.0883115902543068,-0.1184481605887413,-0.009346150793135166,0.15583276748657227,-0.3686961233615875,-0.0024926832411438227,-0.005177111364901066,0.013613885268568993,-0.0003052503161597997,-0.00024420025874860585,-0.003663003910332918,-0.005799755919724703,0.0,0.0,-0.008852259255945683,0.006105006206780672,-0.007570208050310612,0.005799755919724703,0.0,0.0,-0.00024420025874860585,-0.0007326007471419871,0.00024420025874860585,0.0013431013794615865,0.00012210012937430292,-0.0015873017255216837,-0.00012210012937430292,-0.00036630037357099354,0.001098901149816811,-0.003296703565865755,0.005250305403023958,-0.0013431013794615865,0.005982906091958284,-0.00012210012937430292,-0.004029304254800081,0.005494505632668734,-0.005494505632668734,0.0006105006323195994,0.03479853644967079,-0.0006105006323195994,0.0953899621963501,0.020863674581050873,0.10165445506572723,0.07431376725435257,0.3439886271953583,-0.11152758449316025,0.357520192861557,0.09020384401082993,0.12598975002765656,0.2834140956401825,0.5356834530830383,0.2733716666698456,0.006428299937397242,-0.004237599205225706,0.04717845842242241,0.01438818871974945,-0.0005986690521240234,-0.17182429134845734,0.12020333111286163,0.07944273948669434,0.18360763788223267,-0.2359577715396881,0.3989326059818268,-0.06502549350261688,0.29710882902145386,0.049829237163066864,-0.069593146443367,0.35165199637413025,-0.8457033038139343,-0.08880679309368134,0.2007858008146286,-249.97128295898438,50.0,50.0,0.043883200734853745,0.0,0.0,150.0,50.0,0.006240593269467354,0.0,0.0,150.0,50.0,0.04924088716506958,0.0,0.0,50.0,50.0,0.03672289475798607,0.0,0.0,60.0,2.0,0.16171783208847046,0.0,0.0,60.0,2.0,-0.05381851643323898,0.0,0.0,50.0,50.0,0.17146733403205872,0.0,0.0,150.0,50.0,0.04621797800064087,0.0,0.0,150.0,50.0,0.06675790250301361,0.0,0.0,50.0,50.0,0.142889603972435,0.0,0.0,60.0,2.0,0.28178417682647705,0.0,0.0,60.0,2.0,0.14145369827747345,0.0,0.0,150.0,25.0,0.0031807925552129745,0.0,0.0,150.0,25.0,-0.003378811292350292,0.0,0.0,150.0,25.0,0.022440923377871513,0.0,0.0,20.0,8.0,0.004955600947141647,0.0,0.0,20.0,8.0,-0.0014658721629530191,0.0,0.0,20.0,8.0,-0.0791030302643776,0.0,0.0,20.0,8.0,0.05012835934758186,0.0,0.0,10.0,1.0,0.032100580632686615,0.0,0.0,10.0,1.0,0.08572085201740265,0.0,0.0,10.0,1.0,-0.11648651957511902,0.0,0.0,20.0,8.0,0.19142428040504456,0.0,0.0,20.0,8.0,-0.03469409793615341,0.0,0.0,20.0,8.0,0.14932119846343994,0.0,0.0,20.0,8.0,0.021359922364354134,0.0,0.0,10.0,1.0,-0.0345919169485569,0.0,0.0,10.0,1.0,0.16865307092666626,0.0,0.0,10.0,1.0,-0.40778276324272156,0.0,0.0,1.0,0.10000000149011612,-0.04262598603963852,0.0,0.0,1.0,0.10000000149011612,0.08691643923521042,0.0,0.0,1.0,0.10000000149011612,0.0,0.0,0.0
1766995092.605375,1.7719306945800781,0.022065088152885437,0.024855053052306175,0.05356016010046005,0.00828053671125557,0.008485264453077993,0.14400701224803925,-0.0009587243548594415,-0.030870923772454262,-0.050164032727479935,0.20580606162548065,-0.06733043491840363,0.0707637146115303,0.08532647043466568,-0.022817639634013176,0.029182879254221916,-0.14705882966518402,0.03528648987412453,-0.005177111364901066,-0.007861539721488953,0.04812796041369438,0.061226826161146164,-0.01430533267557621,-0.046730753034353256,-0.10013733059167862,0.027656977996230125,0.08068207651376724,-0.09098191559314728,0.023079270496964455,0.018501564860343933,0.09098191559314728,-0.1184481605887413,-0.013160906732082367,0.15697719156742096,-0.3732738196849823,-0.0028761730063706636,0.0032596627715975046,0.013613885268568993,0.0003052503161597997,-0.00024420025874860585,-0.00463980482891202,-0.008241758681833744,0.0,0.0,-0.008241758681833744,0.00659340713173151,-0.008058608509600163,0.005799755919724703,0.0,0.0,-0.00024420025874860585,-0.0017094018403440714,0.00024420025874860585,0.0013431013794615865,-0.00012210012937430292,-0.0028083028737455606,-0.00012210012937430292,-0.00036630037357099354,-0.001098901149816811,-0.004761904943734407,0.003785104025155306,-0.0006105006323195994,0.005738705862313509,-0.00012210012937430292,-0.008424908854067326,0.001098901149816811,-0.007692308165132999,-0.001831501955166459,0.011599511839449406,0.0006105006323195994,0.09166610240936279,0.013035759329795837,0.10285758972167969,0.07670918852090836,0.3378067910671234,-0.11241964250802994,0.358172208070755,0.09654314070940018,0.13944827020168304,0.2984771728515625,0.5886092185974121,0.2954777479171753,0.006644247565418482,-0.007057882379740477,0.04687606915831566,0.010351583361625671,-0.003062009811401367,-0.16523559391498566,0.10471139848232269,0.06705379486083984,0.17905932664871216,-0.2433246672153473,0.39985957741737366,-0.07247130572795868,0.3119118809700012,0.04461800307035446,-0.072257861495018,0.35229358077049255,-0.8518033623695374,-0.08903995156288147,0.18155674636363983,-249.594482421875,50.0,50.0,0.045793402940034866,0.0,0.0,150.0,50.0,0.00258981017395854,0.0,0.0,150.0,50.0,0.050155650824308395,0.0,0.0,50.0,50.0,0.03817366063594818,0.0,0.0,60.0,2.0,0.1611907184123993,0.0,0.0,60.0,2.0,-0.05428575351834297,0.0,0.0,50.0,50.0,0.1743960678577423,0.0,0.0,150.0,50.0,0.05008881539106369,0.0,0.0,150.0,50.0,0.0729498490691185,0.0,0.0,50.0,50.0,0.15580564737319946,0.0,0.0,60.0,2.0,0.31053435802459717,0.0,0.0,60.0,2.0,0.15415014326572418,0.0,0.0,150.0,25.0,0.003266253275796771,0.0,0.0,150.0,25.0,-0.0031445641070604324,0.0,0.0,150.0,25.0,0.021941112354397774,0.0,0.0,20.0,8.0,0.002634770702570677,0.0,0.0,20.0,8.0,0.0005412672180682421,0.0,0.0,20.0,8.0,-0.07898885011672974,0.0,0.0,20.0,8.0,0.04611421003937721,0.0,0.0,10.0,1.0,0.02805178426206112,0.0,0.0,10.0,1.0,0.08148185908794403,0.0,0.0,10.0,1.0,-0.12132436037063599,0.0,0.0,20.0,8.0,0.2039967030286789,0.0,0.0,20.0,8.0,-0.03881636634469032,0.0,0.0,20.0,8.0,0.15376314520835876,0.0,0.0,20.0,8.0,0.01720457710325718,0.0,0.0,10.0,1.0,-0.03150665760040283,0.0,0.0,10.0,1.0,0.16769331693649292,0.0,0.0,10.0,1.0,-0.41373035311698914,0.0,0.0,1.0,0.10000000149011612,-0.04173877462744713,0.0,0.0,1.0,0.10000000149011612,0.09302467107772827,0.0,0.0,1.0,0.10000000149011612,0.0,0.0,0.0
1766995092.6257854,1.7923409938812256,0.02605983056128025,0.024056104943156242,0.05196226388216019,0.009828843967079256,0.010501677415540795,0.14400701224803925,-0.0009587243548594415,-0.032404884696006775,-0.05207141116261482,0.20580606162548065,-0.06885633617639542,0.06885633617639542,0.08724391460418701,-0.02626904658973217,0.03223468363285065,-0.16002899408340454,0.04253452271223068,-0.005177111364901066,-0.008245029486715794,0.04851145297288895,0.06160829961299896,-0.01430533267557621,-0.04749370738863945,-0.10013733059167862,0.027656977996230125,0.08068207651376724,-0.09174486994743347,0.024605173617601395,0.018120087683200836,0.09365224838256836,-0.1184481605887413,-0.01430533267557621,0.15735866129398346,-0.3763256371021271,-0.0036431525368243456,0.005177111364901066,0.013613885268568993,-0.0009157509775832295,-0.00024420025874860585,-0.005616605747491121,-0.005189255345612764,0.0,0.0,-0.007020757533609867,0.00463980482891202,-0.010500610806047916,0.008241758681833744,0.0,0.0,-0.00024420025874860585,-0.0017094018403440714,-0.00024420025874860585,0.0006105006323195994,-0.00012210012937430292,-0.0015873017255216837,-0.00012210012937430292,-0.001098901149816811,-0.00036630037357099354,-0.005494505632668734,0.005494505632668734,-0.001098901149816811,0.006959707476198673,-0.00012210012937430292,-0.004761904943734407,-0.00036630037357099354,-0.007692308165132999,-0.0006105006323195994,0.0006105006323195994,0.0006105006323195994,0.09501634538173676,0.005373575259000063,0.10406753420829773,0.0792062059044838,0.3344532549381256,-0.11263705044984818,0.3618529140949249,0.10392885655164719,0.15136303007602692,0.32327982783317566,0.6443250775337219,0.3198448121547699,0.006777121219784021,-0.006524629425257444,0.04552542790770531,0.005466863512992859,0.0011230707168579102,-0.16389329731464386,0.09568198025226593,0.05820440873503685,0.16906601190567017,-0.2517348825931549,0.4232710301876068,-0.0805397480726242,0.3190418481826782,0.035697631537914276,-0.06537289917469025,0.3479454517364502,-0.8584455847740173,-0.08660343289375305,0.19301609694957733,-249.1651611328125,50.0,50.0,0.04326171427965164,0.0,0.0,150.0,50.0,-0.0009121936745941639,0.0,0.0,150.0,50.0,0.051867567002773285,0.0,0.0,50.0,50.0,0.040250811725854874,0.0,0.0,60.0,2.0,0.15966255962848663,0.0,0.0,60.0,2.0,-0.05473503842949867,0.0,0.0,50.0,50.0,0.17670702934265137,0.0,0.0,150.0,50.0,0.05568237602710724,0.0,0.0,150.0,50.0,0.07878988236188889,0.0,0.0,50.0,50.0,0.16990607976913452,0.0,0.0,60.0,2.0,0.3441593050956726,0.0,0.0,60.0,2.0,0.16485022008419037,0.0,0.0,150.0,25.0,0.003826099680736661,0.0,0.0,150.0,25.0,-0.004875659942626953,0.0,0.0,150.0,25.0,0.0219565499573946,0.0,0.0,20.0,8.0,-0.00011397500929888338,0.0,0.0,20.0,8.0,0.0021847824100404978,0.0,0.0,20.0,8.0,-0.07910437136888504,0.0,0.0,20.0,8.0,0.042934123426675797,0.0,0.0,10.0,1.0,0.02267412468791008,0.0,0.0,10.0,1.0,0.07523708790540695,0.0,0.0,10.0,1.0,-0.12036900967359543,0.0,0.0,20.0,8.0,0.21025890111923218,0.0,0.0,20.0,8.0,-0.043934617191553116,0.0,0.0,20.0,8.0,0.1579396277666092,0.0,0.0,20.0,8.0,0.01308987382799387,0.0,0.0,10.0,1.0,-0.02837970480322838,0.0,0.0,10.0,1.0,0.16769762337207794,0.0,0.0,10.0,1.0,-0.4164085388183594,0.0,0.0,1.0,0.10000000149011612,-0.03976588323712349,0.0,0.0,1.0,0.10000000149011612,0.1128699779510498,0.0,0.0,1.0,0.10000000149011612,0.0,0.0,0.0
1766995092.6450968,1.811652421951294,0.028989307582378387,0.027251897379755974,0.05835384875535965,0.011990263744764978,0.012544685308304592,0.14438849687576294,-0.0009587243548594415,-0.034322332590818405,-0.05359731614589691,0.20580606162548065,-0.06961929053068161,0.06618601083755493,0.08877787739038467,-0.029720455408096313,0.03643091395497322,-0.17566949129104614,0.050164032727479935,-0.005177111364901066,-0.009012009017169476,0.04851145297288895,0.06198977679014206,-0.01430533267557621,-0.048256658017635345,-0.10013733059167862,0.02727550081908703,0.08068207651376724,-0.09479667246341705,0.026512550190091133,0.018120087683200836,0.09555962681770325,-0.1184481605887413,-0.016594186425209045,0.15735866129398346,-0.38014039397239685,-0.004026642069220543,0.005177111364901066,0.013613885268568993,0.0003052503161597997,-0.0007326007471419871,-0.00463980482891202,-0.002747252816334367,0.0,0.0,-0.006410256959497929,0.004151404369622469,-0.010500610806047916,0.011294261552393436,0.0,0.0,-0.00024420025874860585,-0.002686202758923173,-0.00024420025874860585,0.0015873017255216837,-0.00036630037357099354,-0.00231990241445601,-0.00012210012937430292,-0.001831501955166459,-0.00036630037357099354,-0.006959707476198673,0.005250305403023958,-0.0006105006323195994,0.0064713070169091225,0.00012210012937430292,-0.006959707476198673,0.00036630037357099354,-0.00622710632160306,-0.0006105006323195994,-0.0006105006323195994,-0.001831501955166459,0.08921307325363159,-0.00188109977170825,0.10695981979370117,0.08300407975912094,0.32925158739089966,-0.11287304013967514,0.3644002079963684,0.11482661217451096,0.1624782532453537,0.3503754734992981,0.7097155451774597,0.33994942903518677,0.007890073582530022,-0.010054446756839752,0.04527817294001579,-0.00023503601551055908,0.0045053958892822266,-0.16312678158283234,0.08853752911090851,0.046757932752370834,0.15515178442001343,-0.24822154641151428,0.433589905500412,-0.09060071408748627,0.3256986141204834,0.026993565261363983,-0.05852381885051727,0.3458212614059448,-0.8587058186531067,-0.08200407028198242,0.23275725543498993,-248.64691162109375,50.0,50.0,0.04139471426606178,0.0,0.0,150.0,50.0,-0.005773572716861963,0.0,0.0,150.0,50.0,0.05546673759818077,0.0,0.0,50.0,50.0,0.043409913778305054,0.0,0.0,60.0,2.0,0.1578560769557953,0.0,0.0,60.0,2.0,-0.05484867841005325,0.0,0.0,50.0,50.0,0.1787620484828949,0.0,0.0,150.0,50.0,0.060305625200271606,0.0,0.0,150.0,50.0,0.08640248328447342,0.0,0.0,50.0,50.0,0.18850690126419067,0.0,0.0,60.0,2.0,0.3902750313282013,0.0,0.0,60.0,2.0,0.176016703248024,0.0,0.0,150.0,25.0,0.0061979880556464195,0.0,0.0,150.0,25.0,-0.006469756364822388,0.0,0.0,150.0,25.0,0.021441688761115074,0.0,0.0,20.0,8.0,-0.004425494000315666,0.0,0.0,20.0,8.0,0.004856560379266739,0.0,0.0,20.0,8.0,-0.07923290133476257,0.0,0.0,20.0,8.0,0.04016239196062088,0.0,0.0,10.0,1.0,0.015438626520335674,0.0,0.0,10.0,1.0,0.06711479276418686,0.0,0.0,10.0,1.0,-0.11786118149757385,0.0,0.0,20.0,8.0,0.22152991592884064,0.0,0.0,20.0,8.0,-0.04761895164847374,0.0,0.0,20.0,8.0,0.16227899491786957,0.0,0.0,20.0,8.0,0.008391419425606728,0.0,0.0,10.0,1.0,-0.02672078087925911,0.0,0.0,10.0,1.0,0.16624152660369873,0.0,0.0,10.0,1.0,-0.4206155240535736,0.0,0.0,1.0,0.10000000149011612,-0.037655431777238846,0.0,0.0,1.0,0.10000000149011612,0.14115968346595764,0.0,0.0,1.0,0.10000000149011612,0.0,0.0,0.0
1766995092.6652973,1.831852912902832,0.031386151909828186,0.02086031064391136,0.054891739040613174,0.014584692718723905,0.014067264427499466,0.14438849687576294,-0.0009587243548594415,-0.03585629165172577,-0.0555046908557415,0.20580606162548065,-0.0707637146115303,0.06389715522527695,0.09107881039381027,-0.03508931025862694,0.042153049260377884,-0.1981765478849411,0.06046387553215027,-0.005177111364901066,-0.01054596807807684,0.04851145297288895,0.06275273114442825,-0.01430533267557621,-0.04940108209848404,-0.10013733059167862,0.02727550081908703,0.08068207651376724,-0.09784847497940063,0.029182879254221916,0.01773861236870289,0.09861142933368683,-0.1184481605887413,-0.01773861236870289,0.15735866129398346,-0.38357365131378174,-0.004410131834447384,0.005177111364901066,0.013613885268568993,0.0009157509775832295,-0.0007326007471419871,-0.0031746034510433674,-0.005189255345612764,0.0,0.0,-0.005189255345612764,0.006105006206780672,-0.013431014493107796,0.01556776650249958,0.0,0.0,-0.00024420025874860585,-0.003663003910332918,-0.00024420025874860585,0.00231990241445601,-0.00036630037357099354,-0.003296703565865755,-0.00012210012937430292,-0.001098901149816811,0.00036630037357099354,-0.01135531160980463,0.0064713070169091225,-0.0008547009201720357,0.008669109083712101,-0.00036630037357099354,-0.005494505632668734,-0.00036630037357099354,-0.013553114607930183,-0.001831501955166459,-0.0006105006323195994,-0.0006105006323195994,0.08491042256355286,-0.011842973530292511,0.11377549171447754,0.08904407173395157,0.3238004148006439,-0.11250770837068558,0.3666835427284241,0.12370120733976364,0.1772320717573166,0.3866725564002991,0.8005470633506775,0.36105218529701233,0.01271354965865612,-0.013271011412143707,0.04398201033473015,-0.00907774269580841,0.009961962699890137,-0.16252554953098297,0.08238263428211212,0.03166830167174339,0.1376684308052063,-0.24176135659217834,0.4544106423854828,-0.0976778119802475,0.3328728675842285,0.017212800681591034,-0.05481068789958954,0.3410009741783142,-0.8627826571464539,-0.07724025845527649,0.28955215215682983,-247.91290283203125,50.0,50.0,0.03661086782813072,0.0,0.0,150.0,50.0,-0.012815972790122032,0.0,0.0,150.0,50.0,0.05836573243141174,0.0,0.0,50.0,50.0,0.045715395361185074,0.0,0.0,60.0,2.0,0.15165987610816956,0.0,0.0,60.0,2.0,-0.05441104620695114,0.0,0.0,50.0,50.0,0.18042491376399994,0.0,0.0,150.0,50.0,0.06454046070575714,0.0,0.0,150.0,50.0,0.09573963284492493,0.0,0.0,50.0,50.0,0.21353226900100708,0.0,0.0,60.0,2.0,0.45500439405441284,0.0,0.0,60.0,2.0,0.19203191995620728,0.0,0.0,150.0,25.0,0.00739449355751276,0.0,0.0,150.0,25.0,-0.009473918005824089,0.0,0.0,150.0,25.0,0.021228231489658356,0.0,0.0,20.0,8.0,-0.008911880664527416,0.0,0.0,20.0,8.0,0.007677690591663122,0.0,0.0,20.0,8.0,-0.07585559785366058,0.0,0.0,20.0,8.0,0.034134574234485626,0.0,0.0,10.0,1.0,0.005317205097526312,0.0,0.0,10.0,1.0,0.05765020474791527,0.0,0.0,10.0,1.0,-0.11574701219797134,0.0,0.0,20.0,8.0,0.22914595901966095,0.0,0.0,20.0,8.0,-0.0565061941742897,0.0,0.0,20.0,8.0,0.17227183282375336,0.0,0.0,20.0,8.0,0.0052218507044017315,0.0,0.0,10.0,1.0,-0.02251182310283184,0.0,0.0,10.0,1.0,0.16686013340950012,0.0,0.0,10.0,1.0,-0.4321993887424469,0.0,0.0,1.0,0.10000000149011612,-0.03453347831964493,0.0,0.0,1.0,0.10000000149011612,0.17509327828884125,0.0,0.0,1.0,0.10000000149011612,0.0,0.0,0.0
1766995092.6858323,1.8523879051208496,0.034315627068281174,0.025920316576957703,0.061815958470106125,0.017101406643689906,0.014014662800007013,0.14438849687576294,-0.0013422140618786216,-0.0366232693195343,-0.0558861680328846,0.20580606162548065,-0.071908138692379,0.06198977679014206,0.094146728515625,-0.040074676275253296,0.048638131469488144,-0.22106507420539856,0.0707637146115303,-0.005177111364901066,-0.012079927138984203,0.04851145297288895,0.06313420087099075,-0.01430533267557621,-0.050164032727479935,-0.10013733059167862,0.026512550190091133,0.08030059933662415,-0.10013733059167862,0.031090257689356804,0.01735713705420494,0.10166323184967041,-0.1184481605887413,-0.019645990803837776,0.15735866129398346,-0.3877699077129364,-0.004026642069220543,0.008245029486715794,0.013613885268568993,-0.0003052503161597997,-0.0012210012646391988,-0.002197802299633622,-0.0009157509775832295,0.0,0.0,-0.004578754771500826,0.009523809887468815,-0.014407815411686897,0.017399268224835396,0.0,0.0,-0.00024420025874860585,-0.0051282052882015705,-0.00024420025874860585,0.00012210012937430292,-0.00012210012937430292,-0.0025641026441007853,-0.00012210012937430292,-0.001831501955166459,-0.00036630037357099354,-0.008424908854067326,0.004761904943734407,-0.00036630037357099354,0.005738705862313509,-0.00012210012937430292,-0.001831501955166459,-0.00036630037357099354,-0.01135531160980463,0.0006105006323195994,0.011599511839449406,-0.001831501955166459,0.07472057640552521,-0.026156626641750336,0.11912094056606293,0.09330236166715622,0.309528648853302,-0.11104965955018997,0.36823636293411255,0.13172318041324615,0.19539882242679596,0.4358064830303192,0.9286364912986755,0.391925573348999,0.01509171538054943,-0.01933569461107254,0.04332553967833519,-0.018188610672950745,0.015669703483581543,-0.15481670200824738,0.06966660916805267,0.010852094739675522,0.11766058951616287,-0.2362326681613922,0.46767309308052063,-0.11532573401927948,0.3515964150428772,0.010657481849193573,-0.04594527184963226,0.3405514657497406,-0.8820928931236267,-0.07048074901103973,0.3573548197746277,-247.01202392578125,50.0,50.0,0.03375031054019928,0.0,0.0,150.0,50.0,-0.020704379305243492,0.0,0.0,150.0,50.0,0.062174465507268906,0.0,0.0,50.0,50.0,0.04837804287672043,0.0,0.0,60.0,2.0,0.14454931020736694,0.0,0.0,60.0,2.0,-0.051475804299116135,0.0,0.0,50.0,50.0,0.18248428404331207,0.0,0.0,150.0,50.0,0.0706644281744957,0.0,0.0,150.0,50.0,0.1085432916879654,0.0,0.0,50.0,50.0,0.2474788874387741,0.0,0.0,60.0,2.0,0.5154471397399902,0.0,0.0,60.0,2.0,0.20929712057113647,0.0,0.0,150.0,25.0,0.00937258917838335,0.0,0.0,150.0,25.0,-0.012427918612957,0.0,0.0,150.0,25.0,0.020757630467414856,0.0,0.0,20.0,8.0,-0.01187144871801138,0.0,0.0,20.0,8.0,0.010291282087564468,0.0,0.0,20.0,8.0,-0.07470154762268066,0.0,0.0,20.0,8.0,0.027201125398278236,0.0,0.0,10.0,1.0,-0.00855838879942894,0.0,0.0,10.0,1.0,0.045515500009059906,0.0,0.0,10.0,1.0,-0.11328373849391937,0.0,0.0,20.0,8.0,0.2455884963274002,0.0,0.0,20.0,8.0,-0.06441778689622879,0.0,0.0,20.0,8.0,0.1841617226600647,0.0,0.0,20.0,8.0,0.002238477813079953,0.0,0.0,10.0,1.0,-0.01491287350654602,0.0,0.0,10.0,1.0,0.1660650372505188,0.0,0.0,10.0,1.0,-0.44443279504776,0.0,0.0,1.0,0.10000000149011612,-0.03170504420995712,0.0,0.0,1.0,0.10000000149011612,0.21296870708465576,0.0,0.0,1.0,0.10000000149011612,0.0,0.0,0.0
1766995092.7055063,1.8720619678497314,0.043104059994220734,0.026186631992459297,0.0719359740614891,0.019868739337037377,0.014998222476144359,0.14476996660232544,-0.0024926832411438227,-0.038157228380441666,-0.056267641484737396,0.20580606162548065,-0.07267109304666519,0.06046387553215027,0.09874860942363739,-0.04621051251888275,0.057793546468019485,-0.25234606862068176,0.08373387902975082,-0.005177111364901066,-0.013997375033795834,0.04851145297288895,0.06313420087099075,-0.01430533267557621,-0.05130846053361893,-0.10013733059167862,0.025749599561095238,0.07877469807863235,-0.1035706102848053,0.034142062067985535,0.016975661739706993,0.10471503436565399,-0.1184481605887413,-0.019645990803837776,0.15735866129398346,-0.3934920132160187,-0.004410131834447384,0.022817639634013176,0.013230396434664726,0.0009157509775832295,-0.003663003910332918,-0.004151404369622469,-0.0021367522422224283,0.0,0.0,-0.003357753623276949,0.010989011265337467,-0.01684981770813465,0.02411477454006672,0.0,0.0,-0.00024420025874860585,-0.0051282052882015705,-0.00024420025874860585,-0.00012210012937430292,-0.00012210012937430292,-0.0025641026441007853,-0.00012210012937430292,-0.004029304254800081,-0.004029304254800081,-0.004029304254800081,0.007448107935488224,-0.001831501955166459,0.009157509543001652,-0.00012210012937430292,-0.00036630037357099354,-0.001098901149816811,-0.015750916674733162,-0.0006105006323195994,0.037240538746118546,-0.0006105006323195994,0.06856827437877655,-0.042063720524311066,0.12631575763225555,0.098286472260952,0.29367128014564514,-0.10457999259233475,0.3707412779331207,0.14356425404548645,0.2205202430486679,0.5027865171432495,1.0975968837738037,0.42521512508392334,0.019041670486330986,-0.02524898201227188,0.0421719066798687,-0.024118438363075256,0.020908117294311523,-0.15176619589328766,0.0552627295255661,-0.0173875130712986,0.09247083216905594,-0.23015108704566956,0.4989459216594696,-0.13087336719036102,0.3741492033004761,0.004547767341136932,-0.030297501012682915,0.33738335967063904,-0.9029247760772705,-0.06441304087638855,0.43267446756362915,-245.74057006835938,50.0,50.0,0.02928312122821808,0.0,0.0,150.0,50.0,-0.02991389110684395,0.0,0.0,150.0,50.0,0.06731592863798141,0.0,0.0,50.0,50.0,0.05162316933274269,0.0,0.0,60.0,2.0,0.13374361395835876,0.0,0.0,60.0,2.0,-0.045476339757442474,0.0,0.0,50.0,50.0,0.18462036550045013,0.0,0.0,150.0,50.0,0.08099532127380371,0.0,0.0,150.0,50.0,0.1251811534166336,0.0,0.0,50.0,50.0,0.29826590418815613,0.0,0.0,60.0,2.0,0.5174293518066406,0.0,0.0,60.0,2.0,0.23158247768878937,0.0,0.0,150.0,25.0,0.012807296589016914,0.0,0.0,150.0,25.0,-0.019618427380919456,0.0,0.0,150.0,25.0,0.02048584632575512,0.0,0.0,20.0,8.0,-0.016458166763186455,0.0,0.0,20.0,8.0,0.014433277770876884,0.0,0.0,20.0,8.0,-0.07010214030742645,0.0,0.0,20.0,8.0,0.016707174479961395,0.0,0.0,10.0,1.0,-0.03322991356253624,0.0,0.0,10.0,1.0,0.027685392647981644,0.0,0.0,10.0,1.0,-0.10969411581754684,0.0,0.0,20.0,8.0,0.2627866864204407,0.0,0.0,20.0,8.0,-0.0759640708565712,0.0,0.0,20.0,8.0,0.20213766396045685,0.0,0.0,20.0,8.0,0.003585108323022723,0.0,0.0,10.0,1.0,-0.006192704197019339,0.0,0.0,10.0,1.0,0.1631820648908615,0.0,0.0,10.0,1.0,-0.456169992685318,0.0,0.0,1.0,0.10000000149011612,-0.028097720816731453,0.0,0.0,1.0,0.10000000149011612,0.24443534016609192,0.0,0.0,1.0,0.10000000149011612,0.0,0.0,0.0
1766995092.7264326,1.8929882049560547,0.04763143137097359,0.025387683883309364,0.06341385841369629,0.023601652129712807,0.017117620984623126,0.14476996660232544,-0.004410131834447384,-0.040074676275253296,-0.05855649709701538,0.20580606162548065,-0.07305257022380829,0.06046387553215027,0.10373397171497345,-0.05388030782341957,0.06961929053068161,-0.2946898639202118,0.09822995215654373,-0.005177111364901066,-0.01668180339038372,0.04851145297288895,0.06313420087099075,-0.01430533267557621,-0.05207141116261482,-0.10013733059167862,0.02193484455347061,0.07763027399778366,-0.10471503436565399,0.03681239113211632,0.016212711110711098,0.10852979123592377,-0.1184481605887413,-0.019645990803837776,0.15735866129398346,-0.39883267879486084,-0.004026642069220543,0.04084165766835213,0.013613885268568993,-0.0003052503161597997,-0.00659340713173151,-0.006105006206780672,-0.006410256959497929,0.0,0.0,-0.0009157509775832295,0.013919414952397346,-0.019780220463871956,0.030219782143831253,0.0,0.0,-0.00024420025874860585,-0.008058608509600163,-0.00024420025874860585,-0.00012210012937430292,0.00012210012937430292,-0.0006105006323195994,0.00012210012937430292,-0.009890110231935978,-0.0025641026441007853,-0.001831501955166459,0.005250305403023958,-0.0025641026441007853,0.007936508394777775,0.00012210012937430292,-0.001098901149816811,-0.001098901149816811,-0.012087912298738956,-0.0006105006323195994,0.03846153989434242,-0.0006105006323195994,0.05926467850804329,-0.060541264712810516,0.13623741269111633,0.10447760671377182,0.2706771790981293,-0.09203734248876572,0.3736441433429718,0.1639224737882614,0.2533480226993561,0.6036458015441895,1.3551400899887085,0.4686884582042694,0.025920061394572258,-0.03970477730035782,0.0414603017270565,-0.03330887854099274,0.029210805892944336,-0.14187629520893097,0.033812835812568665,-0.06725239753723145,0.05603111535310745,-0.22200456261634827,0.5318411588668823,-0.15373997390270233,0.40909653902053833,0.007255725562572479,-0.012533111497759819,0.33025622367858887,-0.923220157623291,-0.05686560273170471,0.49470072984695435,-243.71458435058594,50.0,50.0,0.020446859300136566,0.0,0.0,150.0,50.0,-0.04226174205541611,0.0,0.0,150.0,50.0,0.0730484277009964,0.0,0.0,50.0,50.0,0.05173909291625023,0.0,0.0,60.0,2.0,0.11521092802286148,0.0,0.0,60.0,2.0,-0.036153241991996765,0.0,0.0,50.0,50.0,0.18821482360363007,0.0,0.0,150.0,50.0,0.09155470132827759,0.0,0.0,150.0,50.0,0.14104560017585754,0.0,0.0,50.0,50.0,0.3747480809688568,0.0,0.0,60.0,2.0,0.5192500352859497,0.0,0.0,60.0,2.0,0.25644931197166443,0.0,0.0,150.0,25.0,0.016025055199861526,0.0,0.0,150.0,25.0,-0.027442770078778267,0.0,0.0,150.0,25.0,0.022395813837647438,0.0,0.0,20.0,8.0,-0.012911996804177761,0.0,0.0,20.0,8.0,0.016164666041731834,0.0,0.0,20.0,8.0,-0.06257358193397522,0.0,0.0,20.0,8.0,0.003188874339684844,0.0,0.0,10.0,1.0,-0.06972865760326385,0.0,0.0,10.0,1.0,-0.0011438826331868768,0.0,0.0,10.0,1.0,-0.10642382502555847,0.0,0.0,20.0,8.0,0.28627023100852966,0.0,0.0,20.0,8.0,-0.09104029834270477,0.0,0.0,20.0,8.0,0.22561006247997284,0.0,0.0,20.0,8.0,0.0075712683610618114,0.0,0.0,10.0,1.0,0.013991395942866802,0.0,0.0,10.0,1.0,0.15482567250728607,0.0,0.0,10.0,1.0,-0.470657080411911,0.0,0.0,1.0,0.10000000149011612,-0.025184104219079018,0.0,0.0,1.0,0.10000000149011612,0.28170421719551086,0.0,0.0,1.0,0.10000000149011612,0.0,0.0,0.0
1766995092.746225,1.91278076171875,0.04283774271607399,0.03444243222475052,0.06368017196655273,0.026804213714668026,0.019837048760713433,0.14438849687576294,-0.007861539721488953,-0.04275910556316376,-0.06237125024199486,0.20580606162548065,-0.07305257022380829,0.06046387553215027,0.10948631912469864,-0.06193359196186066,0.08487831056118011,-0.34504464268684387,0.11425192654132843,-0.004793621599674225,-0.019749721512198448,0.04851145297288895,0.06313420087099075,-0.01430533267557621,-0.05207141116261482,-0.10013733059167862,0.018501564860343933,0.07495994865894318,-0.10471503436565399,0.0398641936480999,0.014686808921396732,0.11272602528333664,-0.1188296303153038,-0.019645990803837776,0.15735866129398346,-0.4056992530822754,-0.004410131834447384,0.0557977557182312,0.013230396434664726,-0.0009157509775832295,-0.010012210346758366,-0.007081807591021061,-0.009462759830057621,0.0,0.0,0.0003052503161597997,0.015384616330265999,-0.02319902367889881,0.03876679018139839,0.0,0.0,0.0007326007471419871,-0.008058608509600163,-0.00024420025874860585,-0.00036630037357099354,-0.00012210012937430292,-0.00036630037357099354,-0.00012210012937430292,-0.016483517363667488,-0.009157509543001652,-0.001098901149816811,0.009157509543001652,-0.004273504484444857,0.010622710920870304,-0.0006105006323195994,-0.00036630037357099354,-0.00036630037357099354,-0.017216118052601814,-0.003052503103390336,0.045787546783685684,-0.001831501955166459,0.04123630002140999,-0.08523156493902206,0.14732076227664948,0.10434506088495255,0.23235218226909637,-0.07291222363710403,0.37958312034606934,0.18464337289333344,0.2844543755054474,0.755774974822998,1.717439889907837,0.5171953439712524,0.0323186069726944,-0.055345334112644196,0.04516686126589775,-0.02604033052921295,0.03260016441345215,-0.12619556486606598,0.006431177258491516,-0.14062559604644775,-0.002306930720806122,-0.21463075280189514,0.577336847782135,-0.18360595405101776,0.4550001621246338,0.015269391238689423,0.028217213228344917,0.3122453987598419,-0.9491998553276062,-0.05079016089439392,0.5681282877922058,-240.85604858398438,50.0,50.0,0.011743348091840744,0.0,0.0,150.0,50.0,-0.053311217576265335,0.0,0.0,150.0,50.0,0.08098876476287842,0.0,0.0,50.0,50.0,0.04858914390206337,0.0,0.0,60.0,2.0,0.09128358215093613,0.0,0.0,60.0,2.0,-0.020035235211253166,0.0,0.0,50.0,50.0,0.18809914588928223,0.0,0.0,150.0,50.0,0.10423434525728226,0.0,0.0,150.0,50.0,0.15682262182235718,0.0,0.0,50.0,50.0,0.4817933142185211,0.0,0.0,60.0,2.0,0.520685076713562,0.0,0.0,60.0,2.0,0.260342538356781,0.0,0.0,150.0,25.0,0.022306252270936966,0.0,0.0,150.0,25.0,-0.035916294902563095,0.0,0.0,150.0,25.0,0.026815110817551613,0.0,0.0,20.0,8.0,-0.0075859506614506245,0.0,0.0,20.0,8.0,0.01866833120584488,0.0,0.0,20.0,8.0,-0.059239305555820465,0.0,0.0,20.0,8.0,-0.012114112265408039,0.0,0.0,10.0,1.0,-0.1160312294960022,0.0,0.0,10.0,1.0,-0.041033413261175156,0.0,0.0,10.0,1.0,-0.09872322529554367,0.0,0.0,20.0,8.0,0.3139353394508362,0.0,0.0,20.0,8.0,-0.1016392782330513,0.0,0.0,20.0,8.0,0.25162413716316223,0.0,0.0,20.0,8.0,0.0176859088242054,0.0,0.0,10.0,1.0,0.043051280081272125,0.0,0.0,10.0,1.0,0.14148874580860138,0.0,0.0,10.0,1.0,-0.4766199588775635,0.0,0.0,1.0,0.10000000149011612,-0.0205376036465168,0.0,0.0,1.0,0.10000000149011612,0.3353923261165619,0.0,0.0,1.0,0.10000000149011612,0.0,0.0,0.0
1766995092.76573,1.9322855472564697,0.02605983056128025,0.049888767302036285,0.06021806225180626,0.027822995112522876,0.0246832176739107,0.14400701224803925,-0.012463416904211044,-0.045827023684978485,-0.06580453366041183,0.20542457699775696,-0.07305257022380829,0.06046387553215027,0.11715611815452576,-0.07305479794740677,0.10547798871994019,-0.39578089118003845,0.135233074426651,-0.004410131834447384,-0.023968107998371124,0.04851145297288895,0.06313420087099075,-0.01430533267557621,-0.05207141116261482,-0.10013733059167862,0.010109102353453636,0.06733043491840363,-0.10471503436565399,0.043678950518369675,0.012779430486261845,0.11730372905731201,-0.1188296303153038,-0.018501564860343933,0.15735866129398346,-0.41180285811424255,-0.004026642069220543,0.08187505602836609,0.013230396434664726,-0.0009157509775832295,-0.013919414952397346,-0.009523809887468815,-0.01007326040416956,0.0,0.0,0.0003052503161597997,0.018803419545292854,-0.02857143059372902,0.05219780281186104,0.0,0.0,0.0017094018403440714,-0.011477411724627018,-0.00024420025874860585,-0.00012210012937430292,-0.00036630037357099354,-0.00012210012937430292,-0.00036630037357099354,-0.023076923564076424,-0.02161172218620777,-0.00036630037357099354,0.008669109083712101,-0.005006105173379183,0.012576313689351082,-0.00012210012937430292,0.0025641026441007853,-0.00036630037357099354,-0.02014652080833912,0.0006105006323195994,0.06288156658411026,-0.001831501955166459,0.0236181803047657,-0.10721933096647263,0.16288432478904724,0.09772231429815292,0.18358922004699707,-0.040294796228408813,0.3783043324947357,0.20963574945926666,0.3154011070728302,0.9689810276031494,2.181011915206909,0.559166431427002,0.044862255454063416,-0.07223472744226456,0.053930457681417465,-0.015256837010383606,0.03754568099975586,-0.11914188414812088,-0.024363860487937927,-0.2333616018295288,-0.08252625912427902,-0.19855180382728577,0.6313856244087219,-0.20441655814647675,0.5060656070709229,0.03556983917951584,0.08658458292484283,0.2845616638660431,-0.9585763812065125,-0.04130515456199646,0.6745398640632629,-236.77511596679688,50.0,50.0,0.004860882181674242,0.0,0.0,150.0,50.0,-0.05015476793050766,0.0,0.0,150.0,50.0,0.09139633923768997,0.0,0.0,50.0,50.0,0.04427868500351906,0.0,0.0,60.0,2.0,0.06371008604764938,0.0,0.0,60.0,2.0,0.007199459243565798,0.0,0.0,50.0,50.0,0.16671547293663025,0.0,0.0,150.0,50.0,0.10696570575237274,0.0,0.0,150.0,50.0,0.16966553032398224,0.0,0.0,50.0,50.0,0.6224136352539062,0.0,0.0,60.0,2.0,0.5218302011489868,0.0,0.0,60.0,2.0,0.2609151005744934,0.0,0.0,150.0,25.0,0.02887309342622757,0.0,0.0,150.0,25.0,-0.03148918226361275,0.0,0.0,150.0,25.0,0.044801607728004456,0.0,0.0,20.0,8.0,0.012770012021064758,0.0,0.0,20.0,8.0,0.009237966500222683,0.0,0.0,20.0,8.0,-0.05822782963514328,0.0,0.0,20.0,8.0,-0.031653184443712234,0.0,0.0,10.0,1.0,-0.17819462716579437,0.0,0.0,10.0,1.0,-0.0864286795258522,0.0,0.0,10.0,1.0,-0.08068776875734329,0.0,0.0,20.0,8.0,0.3556833863258362,0.0,0.0,20.0,8.0,-0.10768315941095352,0.0,0.0,20.0,8.0,0.27379128336906433,0.0,0.0,20.0,8.0,0.0358094796538353,0.0,0.0,10.0,1.0,0.07562331110239029,0.0,0.0,10.0,1.0,0.12418348342180252,0.0,0.0,10.0,1.0,-0.474674254655838,0.0,0.0,1.0,0.10000000149011612,-0.019931606948375702,0.0,0.0,1.0,0.10000000149011612,0.38315099477767944,0.0,0.0,1.0,0.10000000149011612,0.0,0.0,0.0
1766995092.78575,1.952305555343628,-0.007762312423437834,0.07066141813993454,0.04290751367807388,0.02670413171071541,0.029455735722808195,0.14362554252147675,-0.018982741981744766,-0.05004541203379631,-0.06885633617639542,0.20199130475521088,-0.07267109304666519,0.06046387553215027,0.1255928874015808,-0.08570995926856995,0.13141833245754242,-0.43163958191871643,0.16117341816425323,-0.0032596627715975046,-0.02895347587764263,0.04889494180679321,0.06313420087099075,-0.01430533267557621,-0.051689937710762024,-0.10013733059167862,-0.004005493130534887,0.05664911866188049,-0.10471503436565399,0.048256658017635345,0.010490577667951584,0.12340734153985977,-0.1188296303153038,-0.013923857361078262,0.15697719156742096,-0.4217212200164795,-0.004410131834447384,0.10603491216897964,0.013613885268568993,-0.0009157509775832295,-0.019780220463871956,-0.01245421264320612,-0.005799755919724703,0.0,0.0,0.0003052503161597997,0.021245421841740608,-0.03394383564591408,0.06868132203817368,0.0,0.0,0.0031746034510433674,-0.013431014493107796,0.0017094018403440714,-0.00012210012937430292,0.00012210012937430292,0.00012210012937430292,-0.00036630037357099354,-0.036263737827539444,-0.026007328182458878,-0.00036630037357099354,0.010378510691225529,-0.00622710632160306,0.015750916674733162,-0.00012210012937430292,0.012087912298738956,-0.00036630037357099354,-0.02527472749352455,-0.0006105006323195994,0.06898657232522964,-0.0006105006323195994,0.009754735976457596,-0.10064973682165146,0.18341262638568878,0.08885771781206131,0.12785232067108154,0.014447752386331558,0.3345617949962616,0.21465696394443512,0.3404819071292877,1.249049186706543,2.6669225692749023,0.5652469992637634,0.05794203281402588,-0.0631919577717781,0.08990710973739624,0.025626644492149353,0.018538594245910645,-0.11685062199831009,-0.06352107226848602,-0.3575979471206665,-0.17344361543655396,-0.16192284226417542,0.7137793898582458,-0.21609674394130707,0.5494397282600403,0.07186185568571091,0.1517595797777176,0.24920931458473206,-0.9525682330131531,-0.039998412132263184,0.7689009308815002,-231.27061462402344,50.0,50.0,0.02680288441479206,0.0,0.0,150.0,50.0,0.03275991976261139,0.0,0.0,150.0,50.0,0.09241855889558792,0.0,0.0,50.0,50.0,0.058257441967725754,0.0,0.0,60.0,2.0,0.05425117164850235,0.0,0.0,60.0,2.0,0.05593056604266167,0.0,0.0,50.0,50.0,-0.013676773756742477,0.0,0.0,150.0,50.0,0.06572618335485458,0.0,0.0,150.0,50.0,0.18530245125293732,0.0,0.0,50.0,50.0,0.7175765633583069,0.0,0.0,60.0,2.0,0.5227149724960327,0.0,0.0,60.0,2.0,0.2588295042514801,0.0,0.0,150.0,25.0,-0.007860205136239529,0.0,0.0,150.0,25.0,0.039559539407491684,0.0,0.0,150.0,25.0,0.1298723965883255,0.0,0.0,20.0,8.0,0.015686439350247383,0.0,0.0,20.0,8.0,-0.0726521760225296,0.0,0.0,20.0,8.0,-0.0820174440741539,0.0,0.0,20.0,8.0,-0.030193474143743515,0.0,0.0,10.0,1.0,-0.23513244092464447,0.0,0.0,10.0,1.0,-0.13059474527835846,0.0,0.0,10.0,1.0,-0.04480746388435364,0.0,0.0,20.0,8.0,0.4209866523742676,0.0,0.0,20.0,8.0,-0.0678294375538826,0.0,0.0,20.0,8.0,0.2789455056190491,0.0,0.0,20.0,8.0,0.0930618941783905,0.0,0.0,10.0,1.0,0.06525424122810364,0.0,0.0,10.0,1.0,0.10439829528331757,0.0,0.0,10.0,1.0,-0.43475088477134705,0.0,0.0,1.0,0.10000000149011612,-0.02449781447649002,0.0,0.0,1.0,0.10000000149011612,0.4234907627105713,0.0,0.0,1.0,0.10000000149011612,0.0,0.0,0.0
1766995092.8057792,1.972334861755371,-0.06075921282172203,0.09356460720300674,0.027993815019726753,0.02379006615356049,0.03386919615610026,0.14362554252147675,-0.02818649634718895,-0.055414266884326935,-0.07038223743438721,0.19321736693382263,-0.0722896158695221,0.061226826161146164,0.13402965664863586,-0.10028256475925446,0.16422522068023682,-0.4549095928668976,0.18749523162841797,-0.0009587243548594415,-0.033555351197719574,0.05042890086770058,0.06313420087099075,-0.013923857361078262,-0.051689937710762024,-0.10051880776882172,-0.021553369238972664,0.042153049260377884,-0.10471503436565399,0.05359731614589691,0.008201723918318748,0.13027389347553253,-0.1188296303153038,-0.00476844422519207,0.15506981313228607,-0.42858776450157166,-0.004026642069220543,0.13556362688541412,0.013613885268568993,-0.0003052503161597997,-0.025152627378702164,-0.01587301678955555,-0.003968254197388887,0.0,0.0,0.0003052503161597997,0.02222222276031971,-0.039316240698099136,0.08882784098386765,0.0,0.0,0.007081807591021061,-0.010500610806047916,0.0051282052882015705,-0.00036630037357099354,0.00036630037357099354,-0.00012210012937430292,-0.0008547009201720357,-0.05238095670938492,-0.045787546783685684,0.00036630037357099354,0.014041515067219734,-0.006959707476198673,0.01794871874153614,-0.00012210012937430292,0.030402932316064835,-0.006959707476198673,-0.02014652080833912,-0.0006105006323195994,0.07264957576990128,-0.0006105006323195994,0.05369653180241585,0.06563077121973038,0.18515007197856903,0.11671216040849686,0.10868605226278305,0.11205052584409714,-0.027399860322475433,0.13167493045330048,0.37123239040374756,1.4375829696655273,2.5123002529144287,0.5185354948043823,-0.015747027471661568,0.07925304025411606,0.2601845860481262,0.031425997614860535,-0.14555037021636963,-0.16431261599063873,-0.060489192605018616,-0.471061110496521,-0.26163172721862793,-0.08976665884256363,0.8433988690376282,-0.13588856160640717,0.5588355660438538,0.1864389181137085,0.13072945177555084,0.20915010571479797,-0.8709739446640015,-0.04907858371734619,0.8484155535697937,-224.77609252929688,50.0,50.0,0.1441287398338318,0.0,0.0,150.0,50.0,0.3082200586795807,0.0,0.0,150.0,50.0,0.045807674527168274,0.0,0.0,50.0,50.0,0.11891844868659973,0.0,0.0,60.0,2.0,0.16228115558624268,0.0,0.0,60.0,2.0,0.10622038692235947,0.0,0.0,50.0,50.0,-0.38472220301628113,0.0,0.0,150.0,50.0,-0.10728147625923157,0.0,0.0,150.0,50.0,0.18569526076316833,0.0,0.0,50.0,50.0,0.5405961871147156,0.0,0.0,60.0,2.0,0.4888175427913666,0.0,0.0,60.0,2.0,0.1007203683257103,0.0,0.0,150.0,25.0,-0.10000009834766388,0.0,0.0,150.0,25.0,0.18033252656459808,0.0,0.0,150.0,25.0,0.24451234936714172,0.0,0.0,20.0,8.0,-0.10724761337041855,0.0,0.0,20.0,8.0,-0.19988487660884857,0.0,0.0,20.0,8.0,-0.05507796257734299,0.0,0.0,20.0,8.0,-0.016055643558502197,0.0,0.0,10.0,1.0,-0.24472583830356598,0.0,0.0,10.0,1.0,-0.03828883171081543,0.0,0.0,10.0,1.0,-0.038697801530361176,0.0,0.0,20.0,8.0,0.4369869828224182,0.0,0.0,20.0,8.0,0.024427268654108047,0.0,0.0,20.0,8.0,0.24048937857151031,0.0,0.0,20.0,8.0,0.14534884691238403,0.0,0.0,10.0,1.0,-0.03689901903271675,0.0,0.0,10.0,1.0,0.1255878359079361,0.0,0.0,10.0,1.0,-0.3376910388469696,0.0,0.0,1.0,0.10000000149011612,-0.04741431027650833,0.0,0.0,1.0,0.10000000149011612,0.2699247896671295,0.0,0.0,1.0,0.10000000149011612,0.0,0.0,0.0
1766995092.8260188,1.9925744533538818,-0.16302458941936493,0.11620146781206131,0.008552741259336472,0.01811830174359411,0.034159612686963506,0.14362554252147675,-0.0377737395465374,-0.06308405846357346,-0.07038223743438721,0.1802472025156021,-0.06847485899925232,0.06504157930612564,0.14208294451236725,-0.11715611815452576,0.20962081849575043,-0.4720759987831116,0.21152819693088531,0.0028761730063706636,-0.0366232693195343,0.05426379665732384,0.06313420087099075,-0.013542382046580315,-0.051689937710762024,-0.10090028494596481,-0.048256658017635345,0.022697795182466507,-0.1024261862039566,0.06160829961299896,0.005912871100008488,0.13828489184379578,-0.1184481605887413,0.007057297509163618,0.1497291475534439,-0.4343098998069763,-0.004026642069220543,0.1673932671546936,0.013613885268568993,-0.0003052503161597997,-0.02319902367889881,-0.021245421841740608,0.0009157509775832295,0.0,0.0,0.013736264780163765,0.017826618626713753,-0.04175824299454689,0.11874236911535263,0.0,0.0,0.010500610806047916,-0.00463980482891202,0.014407815411686897,-0.0006105006323195994,0.001831501955166459,-0.00036630037357099354,-0.0013431013794615865,-0.06996337324380875,-0.05164835602045059,0.00622710632160306,0.021367521956562996,-0.005250305403023958,0.02112332172691822,0.00012210012937430292,0.028937730938196182,-0.015018315985798836,-0.012820513918995857,-0.0006105006323195994,0.08485958725214005,-0.001831501955166459,0.2884235084056854,0.6167951226234436,0.09166811406612396,0.2379738688468933,0.324749231338501,0.21256312727928162,-0.7698875665664673,-0.2146865278482437,0.37160441279411316,1.0818151235580444,0.9781981110572815,0.2015567570924759,-0.2001153826713562,0.3608727753162384,0.48930633068084717,-0.2146187573671341,-0.4980959892272949,-0.11021936684846878,-0.03212977945804596,-0.48973357677459717,-0.07662176340818405,-0.07744017988443375,0.8744773268699646,0.04888267442584038,0.48125576972961426,0.29086512327194214,-0.07384054362773895,0.25132033228874207,-0.6757710576057434,-0.09488323330879211,0.5401604771614075,-220.2056884765625,50.0,50.0,0.28684693574905396,0.0,0.0,150.0,50.0,0.45495036244392395,0.0,0.0,150.0,50.0,0.03806162625551224,0.0,0.0,50.0,50.0,0.19028058648109436,0.0,0.0,60.0,2.0,0.3169238567352295,0.0,0.0,60.0,2.0,0.1134161427617073,0.0,0.0,50.0,50.0,-0.4834390878677368,0.0,0.0,150.0,50.0,-0.17576971650123596,0.0,0.0,150.0,50.0,0.017937272787094116,0.0,0.0,50.0,50.0,0.30862075090408325,0.0,0.0,60.0,2.0,-0.1101507619023323,0.0,0.0,60.0,2.0,-0.0756702572107315,0.0,0.0,150.0,25.0,-0.11114170402288437,0.0,0.0,150.0,25.0,0.19551020860671997,0.0,0.0,150.0,25.0,0.21880774199962616,0.0,0.0,20.0,8.0,-0.16570495069026947,0.0,0.0,20.0,8.0,-0.1999913901090622,0.0,0.0,20.0,8.0,0.028031449764966965,0.0,0.0,20.0,8.0,-0.1714797168970108,0.0,0.0,10.0,1.0,-0.201338991522789,0.0,0.0,10.0,1.0,0.24191106855869293,0.0,0.0,10.0,1.0,-0.13315540552139282,0.0,0.0,20.0,8.0,0.3941364884376526,0.0,0.0,20.0,8.0,-0.09585786610841751,0.0,0.0,20.0,8.0,0.16406786441802979,0.0,0.0,20.0,8.0,0.02773871459066868,0.0,0.0,10.0,1.0,-0.09135227650403976,0.0,0.0,10.0,1.0,0.1596129983663559,0.0,0.0,10.0,1.0,-0.26848289370536804,0.0,0.0,1.0,0.10000000149011612,-0.008069436997175217,0.0,0.0,1.0,0.10000000149011612,-0.10335838794708252,0.0,0.0,1.0,0.10000000149011612,0.0,0.0,0.0
1766995092.9119487,2.0785043239593506,-0.44185754656791687,0.08557511866092682,0.2186761349439621,-0.01767769609378172,0.030811133057291024,0.14667734503746033,-0.03969118744134903,-0.0715208351612091,-0.0707637146115303,0.16956588625907898,-0.056267641484737396,0.0883115902543068,0.14361689984798431,-0.1336461752653122,0.2622644305229187,-0.4850461483001709,0.2294575423002243,-0.0036431525368243456,-0.03010394424200058,0.06845291703939438,0.06275273114442825,-0.01430533267557621,-0.05207141116261482,-0.10090028494596481,-0.08106355369091034,-0.0032425422687083483,-0.09250781685113907,0.07343403995037079,0.00476844422519207,0.14744029939174652,-0.11730372905731201,0.014686808921396732,0.14286258816719055,-0.4343098998069763,-0.004410131834447384,0.20382480323314667,0.013613885268568993,0.010683760978281498,0.012942614033818245,-0.02222222276031971,-0.002747252816334367,0.0,0.0,0.07722833007574081,-0.010012210346758366,-0.04322344437241554,0.138888880610466,0.0,0.0,-0.04810744896531105,0.03492063656449318,0.05299145728349686,-0.0008547009201720357,-0.005006105173379183,-0.001098901149816811,-0.00036630037357099354,-0.08241758495569229,-0.05970696359872818,0.026739928871393204,0.03186813369393349,-0.0028083028737455606,0.022344322875142097,0.004517704714089632,0.02161172218620777,-0.018681319430470467,0.001831501955166459,-0.0006105006323195994,0.08852259069681168,-0.0006105006323195994,0.5737185478210449,0.9099398851394653,0.07612653076648712,0.38057756423950195,0.6338750123977661,0.22684204578399658,-0.9669197797775269,-0.3515545725822449,0.035876087844371796,0.6172680854797363,-0.2203110009431839,-0.15134702622890472,-0.2222929745912552,0.391037255525589,0.43763431906700134,-0.33142417669296265,-0.5929044485092163,0.05606531351804733,-0.3429741859436035,-0.40269529819488525,0.48384296894073486,-0.2663222849369049,0.7883068919181824,-0.1917239874601364,0.32814985513687134,0.05547981709241867,-0.18271242082118988,0.3192397356033325,-0.5369889140129089,-0.016139568760991096,-0.20672567188739777,-219.55091857910156,50.0,50.0,0.4025053381919861,0.0,0.0,150.0,50.0,0.2404056191444397,0.0,0.0,150.0,50.0,0.09350746124982834,0.0,0.0,50.0,50.0,0.25546029210090637,0.0,0.0,60.0,2.0,0.43981504440307617,0.0,0.0,60.0,2.0,0.013357691466808319,0.0,0.0,50.0,50.0,-0.48119649291038513,0.0,0.0,150.0,50.0,0.004179487936198711,0.0,0.0,150.0,50.0,-0.11601763218641281,0.0,0.0,50.0,50.0,0.0688408762216568,0.0,0.0,60.0,2.0,-0.31491246819496155,0.0,0.0,60.0,2.0,-0.06000519543886185,0.0,0.0,150.0,25.0,-0.09273862838745117,0.0,0.0,150.0,25.0,0.11358468234539032,0.0,0.0,150.0,25.0,0.20591279864311218,0.0,0.0,20.0,8.0,-0.16092392802238464,0.0,0.0,20.0,8.0,-0.20000000298023224,0.0,0.0,20.0,8.0,-0.07219509035348892,0.0,0.0,20.0,8.0,-0.1788678765296936,0.0,0.0,10.0,1.0,-0.09863662719726562,0.0,0.0,10.0,1.0,0.5881372094154358,0.0,0.0,10.0,1.0,-0.21853043138980865,0.0,0.0,20.0,8.0,0.49111732840538025,0.0,0.0,20.0,8.0,-0.2298983335494995,0.0,0.0,20.0,8.0,0.10253241658210754,0.0,0.0,20.0,8.0,-0.006745997816324234,0.0,0.0,10.0,1.0,-0.17851798236370087,0.0,0.0,10.0,1.0,-0.010002581402659416,0.0,0.0,10.0,1.0,-0.15185923874378204,0.0,0.0,1.0,0.10000000149011612,0.04752220958471298,0.0,0.0,1.0,0.10000000149011612,-0.35011109709739685,0.0,0.0,1.0,0.10000000149011612,0.0,0.0,0.0
1766995092.9362452,2.1028008460998535,0.1560220867395401,0.17585627734661102,0.06687596440315247,-0.026686765120901453,0.06382211384606024,0.16193637251853943,-0.005177111364901066,-0.07650620490312576,-0.07572289556264877,0.17795833945274353,-0.03299763426184654,0.1489662081003189,0.12060752511024475,-0.1505197286605835,0.3084229826927185,-0.4880979657173157,0.21839475631713867,-0.008245029486715794,0.004026642069220543,0.10488444566726685,0.057793546468019485,-0.01926451548933983,-0.05245288833975792,-0.10051880776882172,-0.10929274559020996,-0.006294346414506435,-0.08373387902975082,0.09098191559314728,0.005912871100008488,0.15430685877799988,-0.11158160120248795,0.0032425422687083483,0.14171816408634186,-0.41561761498451233,-0.004026642069220543,0.21532948315143585,0.013613885268568993,0.045482296496629715,0.14920635521411896,-0.0007326007471419871,-0.018009768798947334,0.0,0.0,0.17124542593955994,-0.09450549632310867,-0.03687423840165138,0.10103785246610641,0.0,0.0,-0.05689866095781326,0.12332113087177277,0.11794872581958771,-0.013797314837574959,-0.008669109083712101,-0.001831501955166459,0.00012210012937430292,-0.06117216497659683,-0.00622710632160306,0.026739928871393204,0.04432234540581703,0.0035409037955105305,0.013797314837574959,0.016483517363667488,-0.039926741272211075,-0.001831501955166459,0.053113557398319244,-0.0006105006323195994,0.005494505632668734,-0.0006105006323195994,0.8050106763839722,0.4808112382888794,0.18701492249965668,0.5109205842018127,0.8796300888061523,0.026715382933616638,-0.9623929858207703,0.008358975872397423,-0.23203526437282562,0.1376817524433136,-0.6298249363899231,-0.1200103908777237,-0.18547725677490234,0.22716936469078064,0.41182559728622437,-0.3218478560447693,-0.4416501522064209,-0.14439018070697784,-0.3577357530593872,-0.19727325439453125,1.1762744188308716,-0.4370608627796173,0.9822346568107605,-0.459796667098999,0.2050648331642151,-0.013491995632648468,-0.35703596472740173,-0.020005162805318832,-0.3037184774875641,0.09504441916942596,-0.7002221941947937,-219.0741424560547,50.0,50.0,0.6351667642593384,0.0,0.0,150.0,50.0,0.4328484833240509,0.0,0.0,150.0,50.0,0.09707247465848923,0.0,0.0,50.0,50.0,0.2851317226886749,0.0,0.0,60.0,2.0,0.5235999822616577,0.0,0.0,60.0,2.0,0.15137827396392822,0.0,0.0,50.0,50.0,-0.7239782214164734,0.0,0.0,150.0,50.0,-0.07536566257476807,0.0,0.0,150.0,50.0,-0.11958231776952744,0.0,0.0,50.0,50.0,0.49203765392303467,0.0,0.0,60.0,2.0,0.23333944380283356,0.0,0.0,60.0,2.0,0.07618921995162964,0.0,0.0,150.0,25.0,-0.21615682542324066,0.0,0.0,150.0,25.0,0.22352004051208496,0.0,0.0,150.0,25.0,0.26776909828186035,0.0,0.0,20.0,8.0,0.06707914918661118,0.0,0.0,20.0,8.0,-0.05234044790267944,0.0,0.0,20.0,8.0,0.03456973657011986,0.0,0.0,20.0,8.0,-0.07077648490667343,0.0,0.0,10.0,1.0,-0.3191586136817932,0.0,0.0,10.0,1.0,-0.02644803747534752,0.0,0.0,10.0,1.0,-0.20384688675403595,0.0,0.0,20.0,8.0,0.8322988748550415,0.0,0.0,20.0,8.0,-0.23259694874286652,0.0,0.0,20.0,8.0,-0.0288232509046793,0.0,0.0,20.0,8.0,0.3958854675292969,0.0,0.0,10.0,1.0,-0.3408033847808838,0.0,0.0,10.0,1.0,-0.04260699450969696,0.0,0.0,10.0,1.0,0.18662433326244354,0.0,0.0,1.0,0.10000000149011612,0.03725636005401611,0.0,0.0,1.0,0.10000000149011612,-0.005831156857311726,0.0,0.0,1.0,0.10000000149011612,0.0,0.0,0.0
1766995092.9566743,2.12322998046875,0.1536252349615097,-0.06089872494339943,-0.07799998670816422,-0.004402109068807163,0.06272110652035194,0.18978407979011536,0.07650620490312576,-0.07420526444911957,-0.08869306743144989,0.22220951318740845,-0.001716639962978661,0.21000228822231293,0.07075385749340057,-0.14860227704048157,0.32978561520576477,-0.41599908471107483,0.1520180106163025,-0.12482590973377228,0.0557977557182312,0.15090321004390717,0.056267641484737396,-0.020027466118335724,-0.054741740226745605,-0.1031891331076622,-0.12340734153985977,0.04177157208323479,-0.09479667246341705,0.10624094307422638,0.005912871100008488,0.15659570693969727,-0.10738536715507507,-0.0078202486038208,0.14286258816719055,-0.3931105434894562,-0.0005752345896326005,0.1831163465976715,0.013230396434664726,0.07478632777929306,0.2400488406419754,0.009523809887468815,-0.037545789033174515,0.0,0.0,0.13705739378929138,-0.1467643529176712,0.0466422475874424,0.029609281569719315,0.0,0.0,-0.003663003910332918,0.12967033684253693,0.10866911709308624,-0.0013431013794615865,-0.0008547009201720357,-0.004517704714089632,-0.01135531160980463,-0.024542124941945076,0.15128205716609955,-0.039926741272211075,0.03577533736824989,-0.00012210012937430292,0.0015873017255216837,0.00818070862442255,-0.034065935760736465,0.003296703565865755,0.07802198082208633,0.012820513918995857,-0.13614164292812347,-0.003052503103390336,1.2703335285186768,0.8656969666481018,0.19414494931697845,0.5702634453773499,1.0550607442855835,0.30275654792785645,-1.4479564428329468,-0.15073132514953613,-0.23916463553905487,0.9840753078460693,0.4666788876056671,0.15237843990325928,-0.4323136508464813,0.4470400810241699,0.5355381965637207,0.13415829837322235,-0.10468089580535889,0.06913947314023972,-0.14155296981334686,-0.6383172273635864,-0.05289607495069504,-0.4076937735080719,1.664597749710083,-0.46519389748573303,-0.0576465018093586,0.7917709350585938,-0.6816067695617676,-0.08521398901939392,0.3732486665248871,0.07451272010803223,-0.011662313714623451,-200.45150756835938,50.0,50.0,0.5523313879966736,0.0,0.0,150.0,50.0,0.38938573002815247,0.0,0.0,150.0,50.0,0.17090550065040588,0.0,0.0,50.0,50.0,0.23305006325244904,0.0,0.0,60.0,2.0,0.4748544692993164,0.0,0.0,60.0,2.0,0.1309686005115509,0.0,0.0,50.0,50.0,-0.8573516011238098,0.0,0.0,150.0,50.0,-0.05793701484799385,0.0,0.0,150.0,50.0,-0.11633381992578506,0.0,0.0,50.0,50.0,0.598732590675354,0.0,0.0,60.0,2.0,-0.4125951826572418,0.0,0.0,60.0,2.0,0.09474164992570877,0.0,0.0,150.0,25.0,-0.3274663984775543,0.0,0.0,150.0,25.0,0.3006397783756256,0.0,0.0,150.0,25.0,0.380715012550354,0.0,0.0,20.0,8.0,0.2870616018772125,0.0,0.0,20.0,8.0,-0.20000000298023224,0.0,0.0,20.0,8.0,0.24642182886600494,0.0,0.0,20.0,8.0,-0.1403932273387909,0.0,0.0,10.0,1.0,-0.33272600173950195,0.0,0.0,10.0,1.0,-0.042747464030981064,0.0,0.0,10.0,1.0,-0.25278720259666443,0.0,0.0,20.0,8.0,0.451076865196228,0.0,0.0,20.0,8.0,-0.207858607172966,0.0,0.0,20.0,8.0,0.06511583924293518,0.0,0.0,20.0,8.0,0.4935090243816376,0.0,0.0,10.0,1.0,-0.32240909337997437,0.0,0.0,10.0,1.0,0.12432481348514557,0.0,0.0,10.0,1.0,0.2603321969509125,0.0,0.0,1.0,0.10000000149011612,0.0008865363197401166,0.0,0.0,1.0,0.10000000149011612,0.08953788131475449,0.0,0.0,1.0,0.10000000149011612,0.0,0.0,0.0
1766995092.9763055,2.1428611278533936,-0.012556002475321293,0.018729781731963158,-0.3451150059700012,-0.016359451907939433,0.05129096682548611,0.26913100481033325,0.12942779064178467,-0.12520940601825714,-0.11272602528333664,0.41142138838768005,-0.011635004542768002,0.27218279242515564,0.0032596627715975046,0.13326267898082733,0.2748531401157379,0.09212634712457657,-0.08068207651376724,-0.12482590973377228,0.10680188983678818,0.21954786777496338,0.020027466118335724,-0.0398641936480999,-0.06656748056411743,-0.14667734503746033,-0.11081864684820175,0.34733349084854126,-0.15926603972911835,0.1646067053079605,-0.02384222112596035,0.14095520973205566,-0.11272602528333664,-0.1028076633810997,0.05970092490315437,-0.2592126429080963,0.007478049956262112,-0.1144716888666153,0.013613885268568993,0.025946278125047684,-0.008058608509600163,-0.032478634268045425,-0.006410256959497929,0.0,0.0,0.029609281569719315,-0.003663003910332918,0.09597069770097733,0.018620269373059273,0.0,0.0,0.0007326007471419871,0.018315019086003304,0.0051282052882015705,-0.019658120349049568,-0.02649572864174843,-0.010134310461580753,-0.05970696359872818,0.006959707476198673,0.1161172166466713,-0.009890110231935978,0.029181931167840958,-0.028693530708551407,-0.013064714148640633,0.0015873017255216837,-0.04285714402794838,-0.015018315985798836,0.05018315464258194,0.009157509543001652,-0.10927961021661758,0.003052503103390336,1.1046627759933472,0.7787714600563049,0.34181100130081177,0.46610012650489807,0.9497089385986328,0.2619372010231018,-1.7147032022476196,-0.1158740296959877,-0.23266763985157013,1.197465181350708,-0.8251903653144836,0.18948329985141754,-0.6549327969551086,0.6012795567512512,0.761430025100708,0.574123203754425,-0.7963052988052368,0.4928436577320099,-0.2807864546775818,-0.6654520034790039,-0.08549492806196213,-0.5055744051933289,0.902153730392456,-0.415717214345932,0.13023167848587036,0.9870180487632751,-0.6448181867599487,0.24864962697029114,0.520664393901825,0.0017730726394802332,0.17907576262950897,-196.66412353515625,50.0,50.0,0.28082340955734253,0.0,0.0,150.0,50.0,0.436087429523468,0.0,0.0,150.0,50.0,0.2172328382730484,0.0,0.0,50.0,50.0,0.17766983807086945,0.0,0.0,60.0,2.0,0.5235999822616577,0.0,0.0,60.0,2.0,-0.029458817094564438,0.0,0.0,50.0,50.0,-0.5138342380523682,0.0,0.0,150.0,50.0,0.020262593403458595,0.0,0.0,150.0,50.0,-0.05923141911625862,0.0,0.0,50.0,50.0,0.06943272054195404,0.0,0.0,60.0,2.0,-0.5526700019836426,0.0,0.0,60.0,2.0,0.021837497130036354,0.0,0.0,150.0,25.0,-0.17959105968475342,0.0,0.0,150.0,25.0,0.12007172405719757,0.0,0.0,150.0,25.0,0.3871206045150757,0.0,0.0,20.0,8.0,0.2593907415866852,0.0,0.0,20.0,8.0,-0.06537920236587524,0.0,0.0,20.0,8.0,0.27581512928009033,0.0,0.0,20.0,8.0,-0.4483204782009125,0.0,0.0,10.0,1.0,-0.24095526337623596,0.0,0.0,10.0,1.0,0.32697001099586487,0.0,0.0,10.0,1.0,-0.015272635966539383,0.0,0.0,20.0,8.0,0.2252850979566574,0.0,0.0,20.0,8.0,-0.33442923426628113,0.0,0.0,20.0,8.0,0.08107823133468628,0.0,0.0,20.0,8.0,0.008740093559026718,0.0,0.0,10.0,1.0,-0.1836117058992386,0.0,0.0,10.0,1.0,0.047761932015419006,0.0,0.0,10.0,1.0,0.16758917272090912,0.0,0.0,1.0,0.10000000149011612,-0.021704062819480896,0.0,0.0,1.0,0.10000000149011612,-0.10394296795129776,0.0,0.0,1.0,0.10000000149011612,0.0,0.0,0.0
1766995092.9959402,2.1624958515167236,-0.08792345225811005,-0.10510719567537308,-0.18639063835144043,-0.009403676703699205,0.06225744970612956,0.2931639552116394,0.1447673738002777,-0.13633060455322266,-0.11425192654132843,0.4190509021282196,0.01125352829694748,0.29964902997016907,-0.0032596627715975046,0.16087394952774048,0.3099488914012909,0.0871671661734581,-0.04787518084049225,-0.1336461752653122,0.12520940601825714,0.23028558492660522,0.03032730519771576,-0.046730753034353256,-0.06160829961299896,-0.16308079659938812,-0.15697719156742096,0.2622644305229187,-0.1653696447610855,0.18978407979011536,-0.03643091395497322,0.13218127191066742,-0.10891126841306686,-0.1493476778268814,0.040627144277095795,-0.17147326469421387,0.005177111364901066,-0.1156221553683281,0.013230396434664726,0.06868132203817368,0.0764346793293953,-0.02271062321960926,0.003357753623276949,0.0,0.0,0.0802808329463005,-0.02808303013443947,0.03443223610520363,0.10897435992956161,0.0,0.0,-0.04615384712815285,0.06959707289934158,0.04273504391312599,0.034554336220026016,-0.007692308165132999,0.017216118052601814,-0.025518927723169327,-0.11978022009134293,-0.1666666716337204,-0.00622710632160306,0.0545787587761879,-0.015018315985798836,-0.019658120349049568,0.005982906091958284,-0.11684981733560562,-0.04432234540581703,0.22673992812633514,-0.011599511839449406,0.03846153989434242,-0.0006105006323195994,0.5616468191146851,0.872174859046936,0.4344656765460968,0.3553396761417389,1.1051586866378784,-0.058917634189128876,-1.0276684761047363,0.04052518680691719,-0.11846283823251724,0.13886544108390808,-1.3133572340011597,0.04367499426007271,-0.35918211936950684,0.24014344811439514,0.7742412090301514,0.5187814831733704,-0.1307584047317505,0.5516302585601807,-0.896640956401825,-0.4819105267524719,0.6539400219917297,-0.030545271933078766,0.4505701959133148,-0.6688584685325623,0.16215646266937256,0.017480187118053436,-0.3672234117984772,0.09552386403083801,0.33517834544181824,-0.04340812563896179,-0.20788593590259552,-195.36595153808594,50.0,50.0,0.253632128238678,0.0,0.0,150.0,50.0,0.3028295338153839,0.0,0.0,150.0,50.0,0.27221158146858215,0.0,0.0,50.0,50.0,0.22444400191307068,0.0,0.0,60.0,2.0,0.515575647354126,0.0,0.0,60.0,2.0,-0.004666510969400406,0.0,0.0,50.0,50.0,-0.6817288994789124,0.0,0.0,150.0,50.0,0.10723262280225754,0.0,0.0,150.0,50.0,-0.03662068024277687,0.0,0.0,50.0,50.0,0.030614688992500305,0.0,0.0,60.0,2.0,-0.5526700019836426,0.0,0.0,60.0,2.0,0.14635887742042542,0.0,0.0,150.0,25.0,-0.19233465194702148,0.0,0.0,150.0,25.0,0.12165169417858124,0.0,0.0,150.0,25.0,0.5125800371170044,0.0,0.0,20.0,8.0,0.3053620159626007,0.0,0.0,20.0,8.0,-0.20000000298023224,0.0,0.0,20.0,8.0,0.3107738196849823,0.0,0.0,20.0,8.0,-0.3450573682785034,0.0,0.0,10.0,1.0,-0.3306332230567932,0.0,0.0,10.0,1.0,0.18999260663986206,0.0,0.0,10.0,1.0,0.0448136143386364,0.0,0.0,20.0,8.0,0.28815117478370667,0.0,0.0,20.0,8.0,-0.07252874225378036,0.0,0.0,20.0,8.0,0.1482197344303131,0.0,0.0,20.0,8.0,0.0769406259059906,0.0,0.0,10.0,1.0,-0.23429687321186066,0.0,0.0,10.0,1.0,0.043974362313747406,0.0,0.0,10.0,1.0,-0.06288417428731918,0.0,0.0,1.0,0.10000000149011612,0.04463132470846176,0.0,0.0,1.0,0.10000000149011612,-0.22315749526023865,0.0,0.0,1.0,0.10000000149011612,0.0,0.0,0.0
1766995093.0164359,2.1829915046691895,0.2678748369216919,0.031779270619153976,0.10336127132177353,0.019979926113826797,0.07940230460029064,0.3057526648044586,0.17774748802185059,-0.14975273609161377,-0.1031891331076622,0.4335469603538513,0.04100862145423889,0.344663143157959,-0.018215762451291084,0.16585931181907654,0.3614480793476105,0.06961929053068161,0.0009536888683214784,-0.16240790486335754,0.1627914011478424,0.25712987780570984,0.054741740226745605,-0.05092698708176613,-0.048256658017635345,-0.1672770231962204,-0.17452506721019745,0.2283131182193756,-0.1810101419687271,0.1981765478849411,-0.03490501269698143,0.12302586436271667,-0.09212634712457657,-0.16880293190479279,0.06084534898400307,-0.11005569249391556,0.005177111364901066,-0.0895448550581932,0.013230396434664726,0.018620269373059273,0.08962149173021317,-0.052014656364917755,0.036935288459062576,0.0,0.0,0.12973138689994812,-0.04810744896531105,-0.004151404369622469,0.14010988175868988,0.0,0.0,-0.10085470974445343,0.12380953133106232,0.09548229724168777,0.07167277485132217,-0.016727717593312263,0.04383394494652748,-0.010622710920870304,-0.04652014747262001,-0.13809524476528168,-0.0575091615319252,0.02649572864174843,0.0025641026441007853,-0.031379733234643936,0.058974362909793854,-0.05531135946512222,0.0714285746216774,0.1974359005689621,-0.003052503103390336,0.07264957576990128,-0.001831501955166459,0.507264256477356,0.6056590676307678,0.5444231629371643,0.44888800382614136,1.031151294708252,-0.009333021938800812,-1.3634577989578247,0.21446524560451508,-0.07324136048555374,0.06122937798500061,-1.6953121423721313,0.29271775484085083,-0.38466930389404297,0.24330338835716248,1.0251600742340088,0.6107240319252014,-0.6262831091880798,0.6215476393699646,-0.6901147365570068,-0.6612664461135864,0.3799852132797241,0.0896272286772728,0.5763023495674133,-0.14505748450756073,0.2964394688606262,0.1538812518119812,-0.4685937464237213,0.08794872462749481,-0.12576834857463837,0.08926264941692352,-0.4463149905204773,-198.4623260498047,50.0,50.0,0.3435348868370056,0.0,0.0,150.0,50.0,0.3764806389808655,0.0,0.0,150.0,50.0,0.2772773802280426,0.0,0.0,50.0,50.0,0.25880375504493713,0.0,0.0,60.0,2.0,0.4229983389377594,0.0,0.0,60.0,2.0,-0.061817627400159836,0.0,0.0,50.0,50.0,-0.9031147360801697,0.0,0.0,150.0,50.0,0.07107017189264297,0.0,0.0,150.0,50.0,-0.04882173612713814,0.0,0.0,50.0,50.0,0.5185215473175049,0.0,0.0,60.0,2.0,-0.5526700019836426,0.0,0.0,60.0,2.0,0.11256562173366547,0.0,0.0,150.0,25.0,-0.25794801115989685,0.0,0.0,150.0,25.0,0.28584372997283936,0.0,0.0,150.0,25.0,0.5199999809265137,0.0,0.0,20.0,8.0,0.4189794957637787,0.0,0.0,20.0,8.0,-0.20000000298023224,0.0,0.0,20.0,8.0,0.28317171335220337,0.0,0.0,20.0,8.0,-0.15891125798225403,0.0,0.0,10.0,1.0,-0.4567282497882843,0.0,0.0,10.0,1.0,-0.0748923122882843,0.0,0.0,10.0,1.0,0.09553568065166473,0.0,0.0,20.0,8.0,0.3292585015296936,0.0,0.0,20.0,8.0,-0.05189647525548935,0.0,0.0,20.0,8.0,0.211063414812088,0.0,0.0,20.0,8.0,0.2367711365222931,0.0,0.0,10.0,1.0,-0.47724300622940063,0.0,0.0,10.0,1.0,-0.08216147124767303,0.0,0.0,10.0,1.0,0.1519859880208969,0.0,0.0,1.0,0.10000000149011612,0.031483232975006104,0.0,0.0,1.0,0.10000000149011612,-0.08807990700006485,0.0,0.0,1.0,0.10000000149011612,0.0,0.0,0.0
1766995093.035934,2.2024896144866943,0.027125094085931778,-0.0012439230922609568,-0.0074262237176299095,0.020789846306701144,0.07487002442707054,0.28400853276252747,0.20765969157218933,-0.1742960810661316,-0.09746700525283813,0.4514763057231903,0.0398641936480999,0.361829549074173,-0.029720455408096313,0.15665556490421295,0.3614480793476105,0.1676585078239441,0.03795681521296501,-0.1877182275056839,0.19615499675273895,0.2981632649898529,0.08182650804519653,-0.050164032727479935,-0.03337911143898964,-0.17948424816131592,-0.18673227727413177,0.25501641631126404,-0.14248111844062805,0.2141985148191452,-0.03376058489084244,0.10700388997793198,-0.07724879682064056,-0.16994735598564148,0.05207141116261482,-0.07000076025724411,0.005560601130127907,-0.0772731825709343,0.012846906669437885,-0.07783883064985275,0.06422466784715652,-0.07252747565507889,-0.002747252816334367,0.0,0.0,0.007631258107721806,-0.00463980482891202,-0.04126984253525734,-0.06623931974172592,0.0,0.0,-0.024175824597477913,0.03540903702378273,0.10476191341876984,0.07313797622919083,0.0242979247123003,0.036263737827539444,-0.04285714402794838,0.00622710632160306,0.1051282063126564,0.09413919597864151,0.04334554448723793,0.005738705862313509,-0.037240538746118546,0.0233211237937212,0.028937730938196182,-0.009890110231935978,0.05970696359872818,0.0006105006323195994,-0.001831501955166459,-0.004273504484444857,0.6870697736740112,0.752961277961731,0.5545547604560852,0.5176075100898743,0.8459966778755188,-0.12363525480031967,-1.8062294721603394,0.14214034378528595,-0.09764347225427628,1.0370430946350098,-1.7861992120742798,0.22513124346733093,-0.5158960223197937,0.5716874599456787,1.1812301874160767,0.8379589915275574,-0.5274490714073181,0.5663434267044067,-0.31782251596450806,-0.9134564995765686,-0.1497846245765686,0.19107136130332947,0.6585170030593872,-0.1037929505109787,0.422126829624176,0.4735422730445862,-0.9544860124588013,-0.16432294249534607,0.3039719760417938,0.06296646595001221,-0.1761598140001297,-178.35809326171875,50.0,50.0,0.4634146988391876,0.0,0.0,150.0,50.0,0.4203130900859833,0.0,0.0,150.0,50.0,0.20279239118099213,0.0,0.0,50.0,50.0,0.23752836883068085,0.0,0.0,60.0,2.0,0.4866151213645935,0.0,0.0,60.0,2.0,-0.1690777987241745,0.0,0.0,50.0,50.0,-0.6871727705001831,0.0,0.0,150.0,50.0,0.01750689186155796,0.0,0.0,150.0,50.0,-0.09779302030801773,0.0,0.0,50.0,50.0,0.3936116099357605,0.0,0.0,60.0,2.0,-0.5526700019836426,0.0,0.0,60.0,2.0,0.008611821569502354,0.0,0.0,150.0,25.0,-0.3265675902366638,0.0,0.0,150.0,25.0,0.3526265621185303,0.0,0.0,150.0,25.0,0.4704066514968872,0.0,0.0,20.0,8.0,0.2315119206905365,0.0,0.0,20.0,8.0,-0.20000000298023224,0.0,0.0,20.0,8.0,0.30115944147109985,0.0,0.0,20.0,8.0,-0.39497506618499756,0.0,0.0,10.0,1.0,-0.338085412979126,0.0,0.0,10.0,1.0,0.2143610417842865,0.0,0.0,10.0,1.0,0.23190174996852875,0.0,0.0,20.0,8.0,-0.06697096675634384,0.0,0.0,20.0,8.0,-0.03424159437417984,0.0,0.0,20.0,8.0,0.34256407618522644,0.0,0.0,20.0,8.0,0.11830303072929382,0.0,0.0,10.0,1.0,-0.44708052277565,0.0,0.0,10.0,1.0,0.025466861203312874,0.0,0.0,10.0,1.0,0.22537265717983246,0.0,0.0,1.0,0.10000000149011612,-0.057541199028491974,0.0,0.0,1.0,0.10000000149011612,-0.16941723227500916,0.0,0.0,1.0,0.10000000149011612,0.0,0.0,0.0
1766995093.0558648,2.2224204540252686,0.01727139949798584,0.13324570655822754,-0.16854746639728546,0.019840362443131133,0.056116677428766575,0.2588311731815338,0.22108183801174164,-0.2103441208600998,-0.11463340371847153,0.45872434973716736,0.009346150793135166,0.3732738196849823,-0.013997375033795834,0.1313452422618866,0.3130006790161133,0.28362706303596497,0.061226826161146164,-0.1900191605091095,0.19193661212921143,0.34955090284347534,0.10738536715507507,-0.043678950518369675,-0.01773861236870289,-0.19512474536895752,-0.21725031733512878,0.23250934481620789,-0.11081864684820175,0.24052032828330994,-0.03032730519771576,0.10128175467252731,-0.06504157930612564,-0.18596932291984558,0.053215838968753815,-0.06961929053068161,0.005944090895354748,-0.09568069130182266,0.013230396434664726,-0.04792429879307747,0.00659340713173151,-0.09841269999742508,-0.05036630108952522,0.0,0.0,0.04059829190373421,0.07399267703294754,-0.07692307978868484,-0.12484737485647202,0.0,0.0,0.003663003910332918,-0.045177046209573746,0.1379731446504593,0.045787546783685684,0.01135531160980463,0.040415141731500626,-0.030891332775354385,-0.08095238357782364,-0.009157509543001652,0.10879120975732803,0.06581196933984756,0.007203907705843449,-0.003052503103390336,0.028205130249261856,-0.036263737827539444,-0.007692308165132999,-0.03260073438286781,0.005494505632668734,-0.056776560842990875,0.0006105006323195994,0.9268293976783752,0.8406261801719666,0.40558478236198425,0.4750567376613617,0.973230242729187,-0.338155597448349,-1.3743455410003662,0.03501378372311592,-0.19558604061603546,0.787223219871521,-2.4054605960845947,0.017223643139004707,-0.6531351804733276,0.7052531242370605,0.9408133029937744,0.463023841381073,-1.099223017692566,0.6023188829421997,-0.7899501323699951,-0.676170825958252,0.428722083568573,0.4638034999370575,-0.13394193351268768,-0.06848318874835968,0.6851281523704529,0.23660606145858765,-0.8941610455513,0.05093372240662575,0.4507453143596649,-0.11508239805698395,-0.3388344645500183,-191.8481903076172,50.0,50.0,0.681492805480957,0.0,0.0,150.0,50.0,0.572019636631012,0.0,0.0,150.0,50.0,0.12264581769704819,0.0,0.0,50.0,50.0,0.2482200264930725,0.0,0.0,60.0,2.0,0.5235999822616577,0.0,0.0,60.0,2.0,-0.03044790029525757,0.0,0.0,50.0,50.0,-0.6622889637947083,0.0,0.0,150.0,50.0,-0.09083428233861923,0.0,0.0,150.0,50.0,-0.1478930562734604,0.0,0.0,50.0,50.0,0.3190919756889343,0.0,0.0,60.0,2.0,-0.5526700019836426,0.0,0.0,60.0,2.0,-0.02178589068353176,0.0,0.0,150.0,25.0,-0.4012254774570465,0.0,0.0,150.0,25.0,0.4191640615463257,0.0,0.0,150.0,25.0,0.39032793045043945,0.0,0.0,20.0,8.0,-0.04690781980752945,0.0,0.0,20.0,8.0,-0.20000000298023224,0.0,0.0,20.0,8.0,0.17607365548610687,0.0,0.0,20.0,8.0,-0.47393274307250977,0.0,0.0,10.0,1.0,-0.2940259277820587,0.0,0.0,10.0,1.0,0.09676653146743774,0.0,0.0,10.0,1.0,0.1878400295972824,0.0,0.0,20.0,8.0,0.146132692694664,0.0,0.0,20.0,8.0,-0.03436330705881119,0.0,0.0,20.0,8.0,0.384392648935318,0.0,0.0,20.0,8.0,-0.019594524055719376,0.0,0.0,10.0,1.0,-0.5581158995628357,0.0,0.0,10.0,1.0,0.21861325204372406,0.0,0.0,10.0,1.0,0.4009726345539093,0.0,0.0,1.0,0.10000000149011612,-0.003266446990892291,0.0,0.0,1.0,0.10000000149011612,-0.24590614438056946,0.0,0.0,1.0,0.10000000149011612,0.0,0.0,0.0
1766995093.0758276,2.2423832416534424,0.05801776051521301,0.22299422323703766,-0.04098205268383026,0.027491967754893792,0.09434346783347647,0.2607385218143463,0.22530022263526917,-0.25022706389427185,-0.12798504531383514,0.44613564014434814,-0.021553369238972664,0.4003585875034332,0.018215762451291084,0.10104954242706299,0.3076600432395935,0.3912031650543213,0.08907453715801239,-0.1946210414171219,0.1854172945022583,0.3971036374568939,0.11654078215360641,-0.037193864583969116,-0.002861066721379757,-0.20122835040092468,-0.25539788603782654,0.17490653693675995,-0.08220797777175903,0.25577935576438904,-0.02994582988321781,0.10585946589708328,-0.054741740226745605,-0.23899443447589874,0.026512550190091133,-0.02193484455347061,0.006327580660581589,-0.10181652754545212,0.013230396434664726,0.01984127052128315,0.01587301678955555,-0.10134311020374298,-0.025335777550935745,0.0,0.0,0.07722833007574081,0.08473748713731766,-0.07545787841081619,0.041208792477846146,0.0,0.0,-0.025641027837991714,0.017826618626713753,0.10231991112232208,0.021367521956562996,0.010622710920870304,0.034554336220026016,-0.01086691115051508,-0.13443224132061005,-0.17399267852306366,0.08901099115610123,0.028205130249261856,0.003052503103390336,0.011843712069094181,0.029426131397485733,-0.16813187301158905,-0.07582417875528336,0.12124542146921158,0.0006105006323195994,-0.001831501955166459,-0.001831501955166459,1.362985610961914,1.144039273262024,0.24529163539409637,0.496440052986145,1.3547629117965698,-0.06089580059051514,-1.3245779275894165,-0.18166856467723846,-0.2957861125469208,0.6381839513778687,-2.306885004043579,-0.04357178136706352,-0.802450954914093,0.8383281230926514,0.7806558609008789,-0.0938156396150589,-0.8445425033569336,0.35214731097221375,-0.9478654861450195,-0.5880518555641174,0.1935330629348755,0.3756800591945648,0.292265385389328,-0.06872661411762238,0.768785297870636,-0.03918904811143875,-1.1162317991256714,0.4372265040874481,0.8019452691078186,-0.006532893981784582,-0.4918122887611389,-188.04608154296875,50.0,50.0,0.909341037273407,0.0,0.0,150.0,50.0,0.8209370374679565,0.0,0.0,150.0,50.0,0.035486869513988495,0.0,0.0,50.0,50.0,0.3116084039211273,0.0,0.0,60.0,2.0,0.5235999822616577,0.0,0.0,60.0,2.0,0.022584427148103714,0.0,0.0,50.0,50.0,-0.9023368954658508,0.0,0.0,150.0,50.0,-0.17783105373382568,0.0,0.0,150.0,50.0,-0.18056760728359222,0.0,0.0,50.0,50.0,0.5331095457077026,0.0,0.0,60.0,2.0,-0.5526700019836426,0.0,0.0,60.0,2.0,-0.12500885128974915,0.0,0.0,150.0,25.0,-0.4463178813457489,0.0,0.0,150.0,25.0,0.49062931537628174,0.0,0.0,150.0,25.0,0.4009077250957489,0.0,0.0,20.0,8.0,-0.11378387361764908,0.0,0.0,20.0,8.0,-0.13518401980400085,0.0,0.0,20.0,8.0,0.1988290250301361,0.0,0.0,20.0,8.0,-0.3840535283088684,0.0,0.0,10.0,1.0,-0.37229764461517334,0.0,0.0,10.0,1.0,0.08992671966552734,0.0,0.0,10.0,1.0,0.12022607028484344,0.0,0.0,20.0,8.0,0.4963352382183075,0.0,0.0,20.0,8.0,-0.09446419030427933,0.0,0.0,20.0,8.0,0.24919898808002472,0.0,0.0,20.0,8.0,0.020251896232366562,0.0,0.0,10.0,1.0,-0.5957762598991394,0.0,0.0,10.0,1.0,0.3524697422981262,0.0,0.0,10.0,1.0,0.7174031138420105,0.0,0.0,1.0,0.10000000149011612,-0.0296177938580513,0.0,0.0,1.0,0.10000000149011612,0.060533951967954636,0.0,0.0,1.0,0.10000000149011612,0.0,0.0,0.0
1766995093.0953035,2.261859178543091,-0.21841832995414734,0.15135519206523895,-0.030595723539590836,0.020381308668643343,0.11735330624051844,0.2809567451477051,0.2383388727903366,-0.27822181582450867,-0.1329442262649536,0.4354543387889862,-0.06504157930612564,0.41256579756736755,0.045827023684978485,0.07535573095083237,0.33436331152915955,0.4732204079627991,0.09136339277029037,-0.21417902410030365,0.20996062457561493,0.4220304489135742,0.12302586436271667,-0.03833829239010811,0.014686808921396732,-0.2138170450925827,-0.2626459002494812,0.1970321238040924,-0.023079270496964455,0.2500572204589844,-0.027656977996230125,0.11234454810619354,-0.040627144277095795,-0.2645532786846161,0.03337911143898964,0.012779430486261845,0.004793621599674225,-0.10296699404716492,0.013230396434664726,0.057692307978868484,0.044688645750284195,-0.03638583794236183,-0.014346765354275703,0.0,0.0,0.011904762126505375,0.05006105452775955,-0.0485958494246006,0.057692307978868484,0.0,0.0,-0.06959707289934158,0.09548229724168777,0.031501833349466324,0.018681319430470467,-0.005006105173379183,0.04822954908013344,-0.0396825410425663,0.005494505632668734,0.03113553300499916,0.13516484200954437,-0.014041515067219734,0.004273504484444857,0.018192918971180916,0.03431013599038124,-0.06703297048807144,0.008424908854067326,0.1219780221581459,-0.003052503103390336,-0.004273504484444857,-0.003052503103390336,1.818682074546814,1.641874074935913,0.07097373902797699,0.6232168078422546,1.7180675268173218,0.04516885429620743,-1.8046737909317017,-0.35566210746765137,-0.36113521456718445,1.0662190914154053,-2.5974347591400146,-0.2500177025794983,-0.8926357626914978,0.9812586307525635,0.8018154501914978,-0.22756774723529816,-0.2703680396080017,0.3976580500602722,-0.7681070566177368,-0.7445952892303467,0.1798534393310547,0.2404521405696869,0.992670476436615,-0.18892838060855865,0.49839797616004944,0.040503792464733124,-1.1915525197982788,0.7049394845962524,1.434806227684021,-0.0592355877161026,0.12106790393590927,-166.77325439453125,50.0,50.0,0.7439137697219849,0.0,0.0,150.0,50.0,0.76070237159729,0.0,0.0,150.0,50.0,0.011739028617739677,0.0,0.0,50.0,50.0,0.3009450137615204,0.0,0.0,60.0,2.0,0.5235999822616577,0.0,0.0,60.0,2.0,-0.05570420250296593,0.0,0.0,50.0,50.0,-0.8125184774398804,0.0,0.0,150.0,50.0,-0.0494803749024868,0.0,0.0,150.0,50.0,-0.11971757560968399,0.0,0.0,50.0,50.0,0.4765888452529907,0.0,0.0,60.0,2.0,-0.5526700019836426,0.0,0.0,60.0,2.0,-0.15603086352348328,0.0,0.0,150.0,25.0,-0.41225337982177734,0.0,0.0,150.0,25.0,0.3794419765472412,0.0,0.0,150.0,25.0,0.4309839904308319,0.0,0.0,20.0,8.0,-0.11579904705286026,0.0,0.0,20.0,8.0,-0.04007279872894287,0.0,0.0,20.0,8.0,0.18213848769664764,0.0,0.0,20.0,8.0,-0.37756431102752686,0.0,0.0,10.0,1.0,-0.36310338973999023,0.0,0.0,10.0,1.0,0.4218321442604065,0.0,0.0,10.0,1.0,0.18915967643260956,0.0,0.0,20.0,8.0,0.2934682369232178,0.0,0.0,20.0,8.0,-0.23228634893894196,0.0,0.0,20.0,8.0,0.2185366153717041,0.0,0.0,20.0,8.0,0.07410690188407898,0.0,0.0,10.0,1.0,-0.446564644575119,0.0,0.0,10.0,1.0,0.2878628969192505,0.0,0.0,10.0,1.0,0.7759423851966858,0.0,0.0,1.0,0.10000000149011612,-0.030229367315769196,0.0,0.0,1.0,0.10000000149011612,0.22485898435115814,0.0,0.0,1.0,0.10000000149011612,0.0,0.0,0.0
1766995093.1174347,2.2839903831481934,-0.1387898176908493,0.1071467250585556,0.15768975019454956,0.03105119736942872,0.13776145250934174,0.31872281432151794,0.2701685130596161,-0.2759208679199219,-0.14286258816719055,0.4396505653858185,-0.09136339277029037,0.4194323718547821,0.04812796041369438,0.06691896170377731,0.34771496057510376,0.5136567950248718,0.06198977679014206,-0.2529114782810211,0.26173174381256104,0.42778280377388,0.12684062123298645,-0.045204851776361465,0.028038453310728073,-0.23250934481620789,-0.26989394426345825,0.17109178006649017,0.005912871100008488,0.2500572204589844,-0.026512550190091133,0.12874799966812134,-0.03299763426184654,-0.3240634799003601,0.06771191209554672,0.08525978773832321,-0.004026642069220543,-0.11830658465623856,0.013613885268568993,0.11080586165189743,0.1120879203081131,0.03980464115738869,-0.026556778699159622,0.0,0.0,0.022893773391842842,-0.03345543518662453,0.005616605747491121,0.025335777550935745,0.0,0.0,-0.11746032536029816,0.15311355888843536,-0.0031746034510433674,0.0020757021848112345,-0.01843711920082569,0.02527472749352455,-0.049938950687646866,-0.01135531160980463,-0.02161172218620777,0.0882783904671669,0.00012210012937430292,0.001831501955166459,0.04554334655404091,0.004273504484444857,-0.13663004338741302,0.09267399460077286,0.16886447370052338,-0.03113553300499916,-0.056776560842990875,0.0006105006323195994,1.4878275394439697,1.52140474319458,0.023478057235479355,0.6018900275230408,1.5978116989135742,-0.11140840500593185,-1.6250369548797607,-0.0989607498049736,-0.23943515121936798,0.9531776905059814,-2.2069151401519775,-0.31206172704696655,-0.8245067596435547,0.7588839530944824,0.8619679808616638,-0.23159809410572052,-0.08014559745788574,0.3642769753932953,-0.7551286220550537,-0.7262067794799805,0.843664288520813,0.3783193528652191,0.5869364738464355,-0.4645726978778839,0.4370732307434082,0.14821380376815796,-0.893129289150238,0.575725793838501,1.5518847703933716,-0.06045873463153839,0.4497179687023163,-173.32290649414062,50.0,50.0,0.7014086246490479,0.0,0.0,150.0,50.0,0.7636930346488953,0.0,0.0,150.0,50.0,0.030194593593478203,0.0,0.0,50.0,50.0,0.29567620158195496,0.0,0.0,60.0,2.0,0.5235999822616577,0.0,0.0,60.0,2.0,-0.07990989089012146,0.0,0.0,50.0,50.0,-0.8629934191703796,0.0,0.0,150.0,50.0,0.04666776582598686,0.0,0.0,150.0,50.0,-0.12440873682498932,0.0,0.0,50.0,50.0,0.5168013572692871,0.0,0.0,60.0,2.0,-0.5526700019836426,0.0,0.0,60.0,2.0,-0.1248362585902214,0.0,0.0,150.0,25.0,-0.38506194949150085,0.0,0.0,150.0,25.0,0.3896462917327881,0.0,0.0,150.0,25.0,0.4798041582107544,0.0,0.0,20.0,8.0,0.10623910278081894,0.0,0.0,20.0,8.0,0.03852123022079468,0.0,0.0,20.0,8.0,0.269009530544281,0.0,0.0,20.0,8.0,-0.32443174719810486,0.0,0.0,10.0,1.0,-0.42652153968811035,0.0,0.0,10.0,1.0,0.47699663043022156,0.0,0.0,10.0,1.0,0.20370547473430634,0.0,0.0,20.0,8.0,0.11279071122407913,0.0,0.0,20.0,8.0,-0.25153642892837524,0.0,0.0,20.0,8.0,0.20896625518798828,0.0,0.0,20.0,8.0,0.09146705269813538,0.0,0.0,10.0,1.0,-0.4485434591770172,0.0,0.0,10.0,1.0,0.16605067253112793,0.0,0.0,10.0,1.0,0.765861451625824,0.0,0.0,1.0,0.10000000149011612,-0.008492381311953068,0.0,0.0,1.0,0.10000000149011612,0.35257861018180847,0.0,0.0,1.0,0.10000000149011612,0.0,0.0,0.0
1766995093.1378188,2.3043744564056396,0.11767257004976273,0.12312568724155426,0.3563615679740906,0.08155062477910832,0.17564627132008412,0.3721294105052948,0.33497828245162964,-0.2486930936574936,-0.1489662081003189,0.44079500436782837,-0.07343403995037079,0.44728007912635803,0.020133210346102715,0.07957412302494049,0.36488136649131775,0.5281528830528259,0.010490577667951584,-0.3039156198501587,0.32232311367988586,0.4247148931026459,0.12912946939468384,-0.04558632895350456,0.034142062067985535,-0.2569237947463989,-0.28896772861480713,0.16117341816425323,0.02193484455347061,0.2595941126346588,-0.022697795182466507,0.1356145590543747,-0.048638131469488144,-0.36640727519989014,0.11539635062217712,0.2004653960466385,-0.004793621599674225,-0.1121707484126091,0.013230396434664726,0.138888880610466,0.20683760941028595,0.09792429953813553,-0.011904762126505375,0.0,0.0,0.08699633926153183,-0.10476191341876984,0.05641026049852371,0.06013431027531624,0.0,0.0,-0.13943834602832794,0.16043956577777863,-0.010012210346758366,0.006959707476198673,0.004029304254800081,0.01428571529686451,-0.06556776911020279,-0.06776557117700577,-0.037728939205408096,0.015018315985798836,0.034065935760736465,0.01794871874153614,0.004273504484444857,-0.05506715923547745,-0.12417582422494888,0.12564103305339813,0.3073260188102722,0.005494505632668734,0.04700854793190956,-0.003052503103390336,1.4028172492980957,1.5273860692977905,0.060389187186956406,0.5913524031639099,1.6687912940979004,-0.15981978178024292,-1.7259868383407593,0.09333553165197372,-0.24881747364997864,1.0336027145385742,-2.2955150604248047,-0.2496725171804428,-0.7701238989830017,0.7792925834655762,0.9596083164215088,0.21247820556163788,0.07704246044158936,0.538019061088562,-0.6488634943962097,-0.8530430793762207,0.9539932608604431,0.40741094946861267,0.22558142244815826,-0.5030728578567505,0.41793251037597656,0.18293410539627075,-0.8970869183540344,0.33210134506225586,1.531722903251648,-0.016984762623906136,0.7051572203636169,-173.011962890625,50.0,50.0,0.7100347280502319,0.0,0.0,150.0,50.0,0.8130233287811279,0.0,0.0,150.0,50.0,0.06196705251932144,0.0,0.0,50.0,50.0,0.35284894704818726,0.0,0.0,60.0,2.0,0.5235999822616577,0.0,0.0,60.0,2.0,-0.14837828278541565,0.0,0.0,50.0,50.0,-1.1116658449172974,0.0,0.0,150.0,50.0,0.039644528180360794,0.0,0.0,150.0,50.0,-0.1651117205619812,0.0,0.0,50.0,50.0,0.8393831253051758,0.0,0.0,60.0,2.0,-0.5526700019836426,0.0,0.0,60.0,2.0,-0.13216345012187958,0.0,0.0,150.0,25.0,-0.4114854335784912,0.0,0.0,150.0,25.0,0.5115715265274048,0.0,0.0,150.0,25.0,0.5199999809265137,0.0,0.0,20.0,8.0,0.3387303054332733,0.0,0.0,20.0,8.0,0.03552055358886719,0.0,0.0,20.0,8.0,0.4039589762687683,0.0,0.0,20.0,8.0,-0.19130054116249084,0.0,0.0,10.0,1.0,-0.5089573860168457,0.0,0.0,10.0,1.0,0.5446471571922302,0.0,0.0,10.0,1.0,0.16423092782497406,0.0,0.0,20.0,8.0,-0.049505822360515594,0.0,0.0,20.0,8.0,-0.2738551199436188,0.0,0.0,20.0,8.0,0.2205776423215866,0.0,0.0,20.0,8.0,0.20996275544166565,0.0,0.0,10.0,1.0,-0.48111671209335327,0.0,0.0,10.0,1.0,0.013375209644436836,0.0,0.0,10.0,1.0,0.8980974555015564,0.0,0.0,1.0,0.10000000149011612,-0.01740357279777527,0.0,0.0,1.0,0.10000000149011612,0.4767116904258728,0.0,0.0,1.0,0.10000000149011612,0.0,0.0,0.0
1766995093.1578531,2.324408769607544,0.10329149663448334,0.09223302453756332,0.24956879019737244,0.11393929082463487,0.19682021621317383,0.3904402256011963,0.41167622804641724,-0.20075687766075134,-0.1501106321811676,0.44193941354751587,-0.06046387553215027,0.4701686203479767,-0.016298314556479454,0.10833585262298584,0.39425498247146606,0.5277714133262634,-0.059319447726011276,-0.35952162742614746,0.36757490038871765,0.4247148931026459,0.13790340721607208,-0.03833829239010811,0.03681239113211632,-0.28629741072654724,-0.2977416515350342,0.21839475631713867,0.05741206929087639,0.2599755823612213,-0.013923857361078262,0.12912946939468384,-0.06313420087099075,-0.3740367889404297,0.14171816408634186,0.2969787120819092,-0.0017257038271054626,-0.05503077805042267,0.013613885268568993,0.002747252816334367,0.13015873730182648,0.1150183230638504,-0.003968254197388887,0.0,0.0,0.03266178444027901,-0.05445665866136551,0.06715507060289383,0.06318681687116623,0.0,0.0,-0.11159951984882355,0.04615384712815285,0.006105006206780672,0.028693530708551407,0.0242979247123003,0.005738705862313509,-0.058974362909793854,-0.007692308165132999,0.10366300493478775,0.06263736635446548,0.00036630037357099354,0.01794871874153614,-0.019169719889760017,-0.026007328182458878,-0.001831501955166459,0.056776560842990875,0.24945054948329926,0.0006105006323195994,0.14346764981746674,-0.0006105006323195994,1.4200694561004639,1.6260466575622559,0.12393410503864288,0.7056978940963745,1.7695142030715942,-0.2967565655708313,-2.2233316898345947,0.07928905636072159,-0.3302234411239624,1.6787662506103516,-2.8074190616607666,-0.26432690024375916,-0.8229708671569824,1.0231430530548096,1.1478761434555054,0.6774606108665466,0.07104110717773438,0.8079179525375366,-0.3826010823249817,-1.0179147720336914,1.0892943143844604,0.3284618556499481,-0.09901164472103119,-0.5477102398872375,0.4411552846431732,0.4199255108833313,-0.9622334241867065,0.026750419288873672,1.7961949110031128,-0.03480714559555054,0.9534233808517456,-160.67413330078125,50.0,50.0,0.6524145603179932,0.0,0.0,150.0,50.0,0.8426042199134827,0.0,0.0,150.0,50.0,0.0979737713932991,0.0,0.0,50.0,50.0,0.3514796197414398,0.0,0.0,60.0,2.0,0.5235999822616577,0.0,0.0,60.0,2.0,-0.26179999113082886,0.0,0.0,50.0,50.0,-1.0336538553237915,0.0,0.0,150.0,50.0,-0.0025771085638552904,0.0,0.0,150.0,50.0,-0.1451447457075119,0.0,0.0,50.0,50.0,0.9064839482307434,0.0,0.0,60.0,2.0,-0.5526700019836426,0.0,0.0,60.0,2.0,-0.14345213770866394,0.0,0.0,150.0,25.0,-0.4064803123474121,0.0,0.0,150.0,25.0,0.5199999809265137,0.0,0.0,150.0,25.0,0.5199999809265137,0.0,0.0,20.0,8.0,0.34056556224823,0.0,0.0,20.0,8.0,-0.1721644401550293,0.0,0.0,20.0,8.0,0.39593687653541565,0.0,0.0,20.0,8.0,-0.26852577924728394,0.0,0.0,10.0,1.0,-0.5122007131576538,0.0,0.0,10.0,1.0,0.47109290957450867,0.0,0.0,10.0,1.0,0.08049313724040985,0.0,0.0,20.0,8.0,-0.15898379683494568,0.0,0.0,20.0,8.0,-0.28974649310112,0.0,0.0,20.0,8.0,0.34502044320106506,0.0,0.0,20.0,8.0,0.23697641491889954,0.0,0.0,10.0,1.0,-0.4769674241542816,0.0,0.0,10.0,1.0,0.026012154296040535,0.0,0.0,10.0,1.0,0.6507789492607117,0.0,0.0,1.0,0.10000000149011612,-0.10709299892187119,0.0,0.0,1.0,0.10000000149011612,0.2544609010219574,0.0,0.0,1.0,0.10000000149011612,0.0,0.0,0.0
1766995093.1778307,2.344386339187622,0.045767221599817276,0.0656014159321785,-0.0013009540271013975,0.12745898387362878,0.21376476534293098,0.387006938457489,0.44849124550819397,-0.15818952023983002,-0.15850308537483215,0.438506156206131,-0.07534141838550568,0.482375830411911,-0.018982741981744766,0.13287919759750366,0.4198138415813446,0.5270084738731384,-0.11120012402534485,-0.3974871039390564,0.37639516592025757,0.4320012032985687,0.14744029939174652,-0.026131074875593185,0.046730753034353256,-0.30384528636932373,-0.325970858335495,0.2595941126346588,0.08220797777175903,0.25425344705581665,-0.01125352829694748,0.12798504531383514,-0.06542305648326874,-0.3892957866191864,0.14248111844062805,0.3763256371021271,-0.007861539721488953,0.012463416904211044,0.013230396434664726,-0.003357753623276949,0.057387061417102814,0.08180708438158035,-0.021672772243618965,0.0,0.0,0.0357142873108387,0.030525032430887222,0.04908424988389015,0.061355311423540115,0.0,0.0,-0.07155067473649979,0.007081807591021061,0.027594629675149918,0.015018315985798836,0.03284493461251259,0.028937730938196182,-0.040415141731500626,-0.06776557117700577,0.11831501871347427,0.08315018564462662,-0.022588523104786873,0.001098901149816811,-0.0006105006323195994,-0.005494505632668734,-0.02747252956032753,-0.005494505632668734,0.16446886956691742,-0.021367521956562996,0.160561665892601,-0.0006105006323195994,1.3048291206359863,1.6852084398269653,0.1959475427865982,0.7029592394828796,1.565506100654602,-0.5964860320091248,-2.067307710647583,-0.005154217127710581,-0.2902894914150238,1.8129678964614868,-2.88420033454895,-0.2869042754173279,-0.8129606246948242,1.0470904111862183,1.1295161247253418,0.68113112449646,-0.3443288803100586,0.7918737530708313,-0.5370515584945679,-1.0244014263153076,0.9421858191490173,0.1609862744808197,-0.31796759366989136,-0.57949298620224,0.6900408864021301,0.4739528298377991,-0.9539348483085632,0.05202430859208107,1.3015578985214233,-0.21418599784374237,0.5089218020439148,-157.48513793945312,50.0,50.0,0.645972490310669,0.0,0.0,150.0,50.0,0.899559736251831,0.0,0.0,150.0,50.0,0.11012598127126694,0.0,0.0,50.0,50.0,0.3421856462955475,0.0,0.0,60.0,2.0,0.5235999822616577,0.0,0.0,60.0,2.0,-0.26179999113082886,0.0,0.0,50.0,50.0,-1.0261001586914062,0.0,0.0,150.0,50.0,-0.0677410215139389,0.0,0.0,150.0,50.0,-0.12128930538892746,0.0,0.0,50.0,50.0,0.9413660764694214,0.0,0.0,60.0,2.0,-0.5526700019836426,0.0,0.0,60.0,2.0,-0.12829747796058655,0.0,0.0,150.0,25.0,-0.4238711893558502,0.0,0.0,150.0,25.0,0.5199999809265137,0.0,0.0,150.0,25.0,0.5199999809265137,0.0,0.0,20.0,8.0,0.3327699601650238,0.0,0.0,20.0,8.0,-0.20000000298023224,0.0,0.0,20.0,8.0,0.43774160742759705,0.0,0.0,20.0,8.0,-0.35884228348731995,0.0,0.0,10.0,1.0,-0.49316686391830444,0.0,0.0,10.0,1.0,0.3307933211326599,0.0,0.0,10.0,1.0,-0.023125309497117996,0.0,0.0,20.0,8.0,-0.09468259662389755,0.0,0.0,20.0,8.0,-0.2698480784893036,0.0,0.0,20.0,8.0,0.38901105523109436,0.0,0.0,20.0,8.0,0.11431732773780823,0.0,0.0,10.0,1.0,-0.5094865560531616,0.0,0.0,10.0,1.0,0.15346531569957733,0.0,0.0,10.0,1.0,0.4602700173854828,0.0,0.0,1.0,0.10000000149011612,-0.12839199602603912,0.0,0.0,1.0,0.10000000149011612,0.1128605380654335,0.0,0.0,1.0,0.10000000149011612,0.0,0.0,0.0
1766995093.1973171,2.363872766494751,0.15815261006355286,0.2943669259548187,0.05169594660401344,0.15018027060471262,0.23585165086527476,0.3889143168926239,0.47226759791374207,-0.13671408593654633,-0.16079194843769073,0.4343098998069763,-0.10471503436565399,0.5193789601325989,-0.0028761730063706636,0.1505197286605835,0.4713130295276642,0.5270084738731384,-0.1333257108926773,-0.420879989862442,0.39250174164772034,0.4404379725456238,0.15316243469715118,-0.012779430486261845,0.06542305648326874,-0.31490805745124817,-0.35229265689849854,0.30422675609588623,0.0879301130771637,0.23517967760562897,-0.013542382046580315,0.12912946939468384,-0.06160829961299896,-0.4022659659385681,0.11730372905731201,0.4697871506214142,-0.02051670104265213,0.0749722421169281,0.013613885268568993,0.005799755919724703,0.06178266555070877,0.03492063656449318,0.001526251551695168,0.0,0.0,0.11141636222600937,0.045665446668863297,0.03687423840165138,0.15537241101264954,0.0,0.0,-0.04713064804673195,0.07203907519578934,0.012942614033818245,0.022100122645497322,0.03333333507180214,0.0545787587761879,-0.022832723334431648,-0.08461538702249527,0.1219780221581459,0.009890110231935978,-0.056288160383701324,-0.010134310461580753,0.005250305403023958,0.015506716445088387,-0.04139194265007973,-0.0853479877114296,0.24065934121608734,-0.03479853644967079,0.1764346808195114,-0.0006105006323195994,1.291944980621338,1.799119472503662,0.22025196254253387,0.684371292591095,1.4645086526870728,-0.57395339012146,-2.0522003173828125,-0.1354820430278778,-0.24257861077785492,1.8827321529388428,-3.05118465423584,-0.2565949559211731,-0.8477423787117004,1.0906003713607788,1.186035394668579,0.6655399203300476,-0.5735810995101929,0.8754832148551941,-0.7176845669746399,-0.9863337278366089,0.6615866422653198,-0.04625061899423599,-0.1893651932477951,-0.5396961569786072,0.7780221104621887,0.22863465547561646,-1.0189731121063232,0.30693063139915466,0.9205400347709656,-0.25678399205207825,0.225721076130867,-157.416259765625,50.0,50.0,0.688300609588623,0.0,0.0,150.0,50.0,1.0055820941925049,0.0,0.0,150.0,50.0,0.07429759949445724,0.0,0.0,50.0,50.0,0.3741907775402069,0.0,0.0,60.0,2.0,0.5235999822616577,0.0,0.0,60.0,2.0,-0.2305915355682373,0.0,0.0,50.0,50.0,-1.2854831218719482,0.0,0.0,150.0,50.0,-0.1922408640384674,0.0,0.0,150.0,50.0,-0.13605083525180817,0.0,0.0,50.0,50.0,1.2181568145751953,0.0,0.0,60.0,2.0,-0.5526700019836426,0.0,0.0,60.0,2.0,-0.18568184971809387,0.0,0.0,150.0,25.0,-0.4545704126358032,0.0,0.0,150.0,25.0,0.5199999809265137,0.0,0.0,150.0,25.0,0.5199999809265137,0.0,0.0,20.0,8.0,0.284974068403244,0.0,0.0,20.0,8.0,-0.11662253737449646,0.0,0.0,20.0,8.0,0.47158530354499817,0.0,0.0,20.0,8.0,-0.18534493446350098,0.0,0.0,10.0,1.0,-0.5400993227958679,0.0,0.0,10.0,1.0,0.25457680225372314,0.0,0.0,10.0,1.0,0.009446423500776291,0.0,0.0,20.0,8.0,0.12581183016300201,0.0,0.0,20.0,8.0,-0.32636192440986633,0.0,0.0,20.0,8.0,0.3883882164955139,0.0,0.0,20.0,8.0,0.14154371619224548,0.0,0.0,10.0,1.0,-0.5289346575737,0.0,0.0,10.0,1.0,0.16658908128738403,0.0,0.0,10.0,1.0,0.6514222621917725,0.0,0.0,1.0,0.10000000149011612,-0.10411246120929718,0.0,0.0,1.0,0.10000000149011612,0.2889588475227356,0.0,0.0,1.0,0.10000000149011612,0.0,0.0,0.0
1766995093.2170823,2.3836379051208496,0.3408454358577728,0.20541736483573914,0.10336127132177353,0.20566384837082277,0.2673292429718471,0.3927290737628937,0.5033302903175354,-0.1313452422618866,-0.15774014592170715,0.4346913993358612,-0.16155488789081573,0.5586709380149841,0.013613885268568993,0.16087394952774048,0.5464637279510498,0.5270084738731384,-0.13981078565120697,-0.43506911396980286,0.4266323447227478,0.4389040172100067,0.16308079659938812,-0.00858320016413927,0.08869306743144989,-0.31986725330352783,-0.3774700462818146,0.3263523280620575,0.0864042118191719,0.20351719856262207,-0.02231631986796856,0.13866636157035828,-0.050164032727479935,-0.41180285811424255,0.10814831405878067,0.4880979657173157,-0.03508931025862694,0.11753960698843002,0.013230396434664726,0.014346765354275703,0.09108669310808182,-0.007570208050310612,0.008241758681833744,0.0,0.0,0.08638583868741989,0.032478634268045425,0.010500610806047916,0.18894994258880615,0.0,0.0,-0.025152627378702164,0.08473748713731766,-0.011965812183916569,0.023565324023365974,0.004761904943734407,0.05531135946512222,-0.008913309313356876,-0.04652014747262001,0.050915755331516266,-0.020879121497273445,-0.0843711867928505,-0.022832723334431648,0.02698412910103798,0.03186813369393349,-0.024542124941945076,-0.034065935760736465,0.050915755331516266,-0.0396825410425663,0.06288156658411026,-0.0006105006323195994,1.376601219177246,2.0111641883850098,0.1485951989889145,0.7483815550804138,1.5636043548583984,-0.4611830711364746,-2.5709662437438965,-0.3844817280769348,-0.27210167050361633,2.4363136291503906,-3.4131736755371094,-0.37136369943618774,-0.9091408252716064,1.2418851852416992,1.3504897356033325,0.569948136806488,-0.23324507474899292,0.9431706070899963,-0.37068986892700195,-1.0801986455917358,0.5091536045074463,0.018892847001552582,0.25162366032600403,-0.6527238488197327,0.7767764329910278,0.28308743238449097,-1.0578693151474,0.33317816257476807,1.302844524383545,-0.20822492241859436,0.5779176950454712,-137.98741149902344,50.0,50.0,0.5595544576644897,0.0,0.0,150.0,50.0,1.0835434198379517,0.0,0.0,150.0,50.0,0.048871271312236786,0.0,0.0,50.0,50.0,0.38154783844947815,0.0,0.0,60.0,2.0,0.5235999822616577,0.0,0.0,60.0,2.0,-0.24605032801628113,0.0,0.0,50.0,50.0,-1.3869233131408691,0.0,0.0,150.0,50.0,-0.28933560848236084,0.0,0.0,150.0,50.0,-0.0683506652712822,0.0,0.0,50.0,50.0,1.4536460638046265,0.0,0.0,60.0,2.0,-0.5526700019836426,0.0,0.0,60.0,2.0,-0.26179999113082886,0.0,0.0,150.0,25.0,-0.44672688841819763,0.0,0.0,150.0,25.0,0.5199999809265137,0.0,0.0,150.0,25.0,0.5199999809265137,0.0,0.0,20.0,8.0,0.37246522307395935,0.0,0.0,20.0,8.0,0.018519550561904907,0.0,0.0,20.0,8.0,0.5293748378753662,0.0,0.0,20.0,8.0,-0.04570440202951431,0.0,0.0,10.0,1.0,-0.4980194568634033,0.0,0.0,10.0,1.0,0.3751227557659149,0.0,0.0,10.0,1.0,0.1048031896352768,0.0,0.0,20.0,8.0,-0.013522973284125328,0.0,0.0,20.0,8.0,-0.3564790189266205,0.0,0.0,20.0,8.0,0.4062601327896118,0.0,0.0,20.0,8.0,0.31486180424690247,0.0,0.0,10.0,1.0,-0.45693662762641907,0.0,0.0,10.0,1.0,0.26263874769210815,0.0,0.0,10.0,1.0,0.820652186870575,0.0,0.0,1.0,0.10000000149011612,-0.10532909631729126,0.0,0.0,1.0,0.10000000149011612,0.384959876537323,0.0,0.0,1.0,0.10000000149011612,0.0,0.0,0.0
1766995093.237272,2.403827667236328,0.3038274943828583,0.12712043523788452,0.2524982988834381,0.22240174308829194,0.23101689051488747,0.41103988885879517,0.5485820770263672,-0.13633060455322266,-0.15659570693969727,0.44155794382095337,-0.22259098291397095,0.5853742361068726,0.01668180339038372,0.15972347557544708,0.6177996397018433,0.5270084738731384,-0.13942931592464447,-0.44427287578582764,0.45079219341278076,0.4369865655899048,0.16880293190479279,-0.008201723918318748,0.10700388997793198,-0.3213931620121002,-0.39539939165115356,0.3240634799003601,0.06656748056411743,0.17223620414733887,-0.03299763426184654,0.15506981313228607,-0.040245670825242996,-0.42820629477500916,0.1184481605887413,0.4812313914299011,-0.04506004601716995,0.11370470374822617,0.013230396434664726,0.057692307978868484,0.1379731446504593,-0.0163614172488451,-0.0009157509775832295,0.0,0.0,0.06379731744527817,-0.014407815411686897,-0.012942614033818245,0.1834554374217987,0.0,0.0,-0.02319902367889881,0.04175824299454689,0.0007326007471419871,0.007203907705843449,-0.00012210012937430292,0.046275947242975235,-0.003296703565865755,-0.04432234540581703,-0.02161172218620777,-0.06117216497659683,-0.07606837898492813,-0.02747252956032753,0.04456654563546181,0.02161172218620777,-0.03553113713860512,0.034065935760736465,-0.05970696359872818,-0.017704518511891365,-0.011599511839449406,-0.0006105006323195994,1.1191089153289795,2.1670868396759033,0.09774254262447357,0.7630956768989563,1.437713861465454,-0.49210065603256226,-2.7738466262817383,-0.5786712169647217,-0.1367013305425644,2.907292127609253,-3.5264828205108643,-0.5366302728652954,-0.8934537768363953,1.3679383993148804,1.4003169536590576,0.7449304461479187,0.037039101123809814,1.0587496757507324,-0.09140880405902863,-0.9960389137268066,0.7502455115318298,0.2096063792705536,-0.027045946568250656,-0.712958037853241,0.8125202655792236,0.6297236084938049,-0.9138732552528381,0.5252774953842163,1.64130437374115,-0.21065819263458252,0.769919753074646,-131.1844940185547,50.0,50.0,0.4801543951034546,0.0,0.0,150.0,50.0,0.9938380718231201,0.0,0.0,150.0,50.0,0.07453726977109909,0.0,0.0,50.0,50.0,0.37387052178382874,0.0,0.0,60.0,2.0,0.5235999822616577,0.0,0.0,60.0,2.0,-0.26179999113082886,0.0,0.0,50.0,50.0,-1.3285636901855469,0.0,0.0,150.0,50.0,-0.26129621267318726,0.0,0.0,150.0,50.0,-0.07302642613649368,0.0,0.0,50.0,50.0,1.4553377628326416,0.0,0.0,60.0,2.0,-0.5526700019836426,0.0,0.0,60.0,2.0,-0.26179999113082886,0.0,0.0,150.0,25.0,-0.4392353296279907,0.0,0.0,150.0,25.0,0.5199999809265137,0.0,0.0,150.0,25.0,0.5199999809265137,0.0,0.0,20.0,8.0,0.4554409980773926,0.0,0.0,20.0,8.0,-0.019031167030334473,0.0,0.0,20.0,8.0,0.607946515083313,0.0,0.0,20.0,8.0,-0.04965228587388992,0.0,0.0,10.0,1.0,-0.46306759119033813,0.0,0.0,10.0,1.0,0.5012003779411316,0.0,0.0,10.0,1.0,0.16989247500896454,0.0,0.0,20.0,8.0,-0.18084539473056793,0.0,0.0,20.0,8.0,-0.33947205543518066,0.0,0.0,20.0,8.0,0.3951013386249542,0.0,0.0,20.0,8.0,0.46700093150138855,0.0,0.0,10.0,1.0,-0.37231209874153137,0.0,0.0,10.0,1.0,0.23441018164157867,0.0,0.0,10.0,1.0,0.8512754440307617,0.0,0.0,1.0,0.10000000149011612,-0.0889778584241867,0.0,0.0,1.0,0.10000000149011612,0.4400534927845001,0.0,0.0,1.0,0.10000000149011612,0.0,0.0,0.0
1766995093.2568395,2.4233951568603516,0.1474999636411667,0.14949098229408264,0.504433274269104,0.20073967454063094,0.19855117122443,0.44499123096466064,0.6183772087097168,-0.13748107850551605,-0.15659570693969727,0.45910581946372986,-0.25234606862068176,0.6277180314064026,-0.0013422140618786216,0.15665556490421295,0.7089722752571106,0.5270084738731384,-0.14362554252147675,-0.45539405941963196,0.45769500732421875,0.43737003207206726,0.16880293190479279,-0.008201723918318748,0.12455176562070847,-0.31681543588638306,-0.4190509021282196,0.31490805745124817,0.06275273114442825,0.1516365259885788,-0.048256658017635345,0.17490653693675995,-0.03681239113211632,-0.44308385252952576,0.12111848592758179,0.5212863087654114,-0.05311333015561104,0.12482590973377228,0.013230396434664726,0.09065934270620346,0.2092796117067337,0.009035409428179264,0.001526251551695168,0.0,0.0,0.12851038575172424,-0.07057387381792068,-0.003663003910332918,0.25427350401878357,0.0,0.0,-0.032967034727334976,-0.00463980482891202,-0.0007326007471419871,0.00036630037357099354,-0.00012210012937430292,0.048473749309778214,0.017704518511891365,-0.06923077255487442,-0.04139194265007973,-0.009890110231935978,-0.04725274816155434,-0.04481074586510658,0.05335775762796402,0.004517704714089632,-0.04139194265007973,0.026739928871393204,0.10439560562372208,-0.022588523104786873,0.045787546783685684,-0.0006105006323195994,0.9603087902069092,1.9876761436462402,0.14907453954219818,0.7477410435676575,1.2820173501968384,-0.5906298756599426,-2.6571273803710938,-0.5225924253463745,-0.14605285227298737,2.910675525665283,-3.5606191158294678,-0.5519230365753174,-0.8784706592559814,1.4531418085098267,1.420663595199585,0.9108819961547852,-0.038062334060668945,1.215893030166626,-0.09930457174777985,-0.9261351823806763,1.0024007558822632,0.3397849500179291,-0.36169078946113586,-0.6789441108703613,0.7902026772499084,0.9340018630027771,-0.7446241974830627,0.46882036328315735,1.7025508880615234,-0.1779557168483734,0.8801069855690002,-136.9991912841797,50.0,50.0,0.4508640766143799,0.0,0.0,150.0,50.0,0.7977472543716431,0.0,0.0,150.0,50.0,0.13003137707710266,0.0,0.0,50.0,50.0,0.36612245440483093,0.0,0.0,60.0,2.0,0.5235999822616577,0.0,0.0,60.0,2.0,-0.26179999113082886,0.0,0.0,50.0,50.0,-1.365127444267273,0.0,0.0,150.0,50.0,-0.15612494945526123,0.0,0.0,150.0,50.0,-0.16785535216331482,0.0,0.0,50.0,50.0,1.385823130607605,0.0,0.0,60.0,2.0,-0.5526700019836426,0.0,0.0,60.0,2.0,-0.19787371158599854,0.0,0.0,150.0,25.0,-0.4189627170562744,0.0,0.0,150.0,25.0,0.5199999809265137,0.0,0.0,150.0,25.0,0.5199999809265137,0.0,0.0,20.0,8.0,0.45800647139549255,0.0,0.0,20.0,8.0,-0.01601731777191162,0.0,0.0,20.0,8.0,0.647733211517334,0.0,0.0,20.0,8.0,0.005367182195186615,0.0,0.0,10.0,1.0,-0.5032340288162231,0.0,0.0,10.0,1.0,0.6330224871635437,0.0,0.0,10.0,1.0,0.2280736118555069,0.0,0.0,20.0,8.0,-0.1745934933423996,0.0,0.0,20.0,8.0,-0.39913123846054077,0.0,0.0,20.0,8.0,0.36960360407829285,0.0,0.0,20.0,8.0,0.5969858765602112,0.0,0.0,10.0,1.0,-0.2575005292892456,0.0,0.0,10.0,1.0,0.12020702660083771,0.0,0.0,10.0,1.0,0.8636003732681274,0.0,0.0,1.0,0.10000000149011612,-0.06829886138439178,0.0,0.0,1.0,0.10000000149011612,0.45779547095298767,0.0,0.0,1.0,0.10000000149011612,0.0,0.0,0.0
1766995093.2768035,2.443359136581421,0.03857668489217758,0.20674894750118256,0.4461100697517395,0.19329507615963445,0.19954409015810243,0.46292057633399963,0.7165505886077881,-0.12827731668949127,-0.15468832850456238,0.4800869822502136,-0.25654229521751404,0.690280020236969,-0.03585629165172577,0.1551215946674347,0.8348592519760132,0.5270084738731384,-0.1661325991153717,-0.467282235622406,0.4538601040840149,0.4369865655899048,0.17452506721019745,-0.004386968910694122,0.1508735716342926,-0.30117493867874146,-0.42706188559532166,0.3282597064971924,0.07038223743438721,0.12722209095954895,-0.06427863240242004,0.19245441257953644,-0.026131074875593185,-0.44460976123809814,0.14782176911830902,0.5701152086257935,-0.06806942820549011,0.16202440857887268,0.013230396434664726,0.020451771095395088,0.26837608218193054,0.032967034727334976,0.005799755919724703,0.0,0.0,0.15598291158676147,-0.09548229724168777,-0.0031746034510433674,0.33302807807922363,0.0,0.0,-0.026617828756570816,-0.011477411724627018,-0.0012210012646391988,0.017704518511891365,0.010622710920870304,0.06654457002878189,0.043589744716882706,-0.005494505632668734,0.03260073438286781,0.034065935760736465,-0.05970696359872818,-0.03528693690896034,0.039926741272211075,0.03382173553109169,0.005494505632668734,0.06556776911020279,0.16227106750011444,-0.04334554448723793,0.10195360332727432,-0.0006105006323195994,0.9017281532287598,1.5954945087432861,0.2600627541542053,0.7322449088096619,1.2632122039794922,-0.8325502276420593,-2.730254888534546,-0.31224989891052246,-0.33571070432662964,2.77164626121521,-3.563627004623413,-0.39574742317199707,-0.8379254341125488,1.470284104347229,1.5656232833862305,0.9160129427909851,-0.03203463554382324,1.295466423034668,0.01073436439037323,-1.0064680576324463,1.2660449743270874,0.4561472237110138,-0.3491869866847992,-0.7982624769210815,0.7392072081565857,1.1939717531204224,-0.5150010585784912,0.24041405320167542,1.7272007465362549,-0.13659772276878357,0.9155909419059753,-138.12107849121094,50.0,50.0,0.37332355976104736,0.0,0.0,150.0,50.0,0.692349910736084,0.0,0.0,150.0,50.0,0.19077308475971222,0.0,0.0,50.0,50.0,0.32934561371803284,0.0,0.0,60.0,2.0,0.5235999822616577,0.0,0.0,60.0,2.0,-0.26179999113082886,0.0,0.0,50.0,50.0,-1.3880226612091064,0.0,0.0,150.0,50.0,-0.10582534223794937,0.0,0.0,150.0,50.0,-0.23143956065177917,0.0,0.0,50.0,50.0,1.4281949996948242,0.0,0.0,60.0,2.0,-0.5526700019836426,0.0,0.0,60.0,2.0,-0.1421785205602646,0.0,0.0,150.0,25.0,-0.39901047945022583,0.0,0.0,150.0,25.0,0.5199999809265137,0.0,0.0,150.0,25.0,0.5199999809265137,0.0,0.0,20.0,8.0,0.4390893876552582,0.0,0.0,20.0,8.0,-0.04856941103935242,0.0,0.0,20.0,8.0,0.6285724639892578,0.0,0.0,20.0,8.0,0.11834996193647385,0.0,0.0,10.0,1.0,-0.5741064548492432,0.0,0.0,10.0,1.0,0.6475458741188049,0.0,0.0,10.0,1.0,0.25030407309532166,0.0,0.0,20.0,8.0,-0.09950172156095505,0.0,0.0,20.0,8.0,-0.46034175157546997,0.0,0.0,20.0,8.0,0.39902064204216003,0.0,0.0,20.0,8.0,0.6218505501747131,0.0,0.0,10.0,1.0,-0.20226044952869415,0.0,0.0,10.0,1.0,0.1175738126039505,0.0,0.0,10.0,1.0,0.8450708985328674,0.0,0.0,1.0,0.10000000149011612,-0.04867180436849594,0.0,0.0,1.0,0.10000000149011612,0.2965160608291626,0.0,0.0,1.0,0.10000000149011612,0.0,0.0,0.0
1766995093.3456378,2.512193441390991,0.03857668489217758,0.20674894750118256,0.4461100697517395,0.19329507615963445,0.19954409015810243,0.45872434973716736,0.8124229907989502,-0.1133212149143219,-0.15468832850456238,0.49267566204071045,-0.2580682039260864,0.7471198439598083,-0.07190432399511337,0.15550509095191956,0.9668498039245605,0.5273899435997009,-0.20199130475521088,-0.4761025011539459,0.4523261487483978,0.4369865655899048,0.17757686972618103,-0.0013351644156500697,0.1806286722421646,-0.28629741072654724,-0.4335469603538513,0.3568703830242157,0.08487831056118011,0.10051880776882172,-0.07801175117492676,0.20962081849575043,0.0013351644156500697,-0.4331654906272888,0.15545128285884857,0.6109330654144287,-0.08379250764846802,0.20190735161304474,0.013230396434664726,-0.007020757533609867,0.2092796117067337,0.04273504391312599,-0.0009157509775832295,0.0,0.0,0.1419413983821869,-0.09157509356737137,-0.00024420025874860585,0.3275335729122162,0.0,0.0,-0.020268620923161507,0.004151404369622469,-0.00024420025874860585,0.004029304254800081,0.007448107935488224,0.08144078403711319,0.03431013599038124,-0.009890110231935978,0.08754578977823257,0.0406593419611454,-0.07362637668848038,-0.03821733966469765,0.04603174701333046,0.08046398311853409,0.03699633851647377,0.02967033162713051,0.09340659528970718,-0.033577535301446915,0.09951160103082657,-0.001831501955166459,0.7466471195220947,1.384699821472168,0.38154616951942444,0.6586912274360657,1.1803818941116333,-1.115568995475769,-2.776045322418213,-0.21165068447589874,-0.46287912130355835,2.8563899993896484,-3.6588406562805176,-0.2843570411205292,-0.7980209589004517,1.4378488063812256,1.6840689182281494,0.8781787753105164,-0.09713882207870483,1.2571449279785156,0.2366999238729477,-1.1482129096984863,1.2950917482376099,0.5006081461906433,-0.1990034431219101,-0.9206835031509399,0.7980412840843201,1.2437011003494263,-0.4045208990573883,0.235147625207901,1.6901417970657349,-0.09734360873699188,0.5930321216583252,-128.67617797851562,50.0,50.0,0.28164947032928467,0.0,0.0,150.0,50.0,0.6995272040367126,0.0,0.0,150.0,50.0,0.2209959477186203,0.0,0.0,50.0,50.0,0.3251473009586334,0.0,0.0,60.0,2.0,0.5235999822616577,0.0,0.0,60.0,2.0,-0.26179999113082886,0.0,0.0,50.0,50.0,-1.4272785186767578,0.0,0.0,150.0,50.0,-0.11750978231430054,0.0,0.0,150.0,50.0,-0.2455732375383377,0.0,0.0,50.0,50.0,1.5287526845932007,0.0,0.0,60.0,2.0,-0.5526700019836426,0.0,0.0,60.0,2.0,-0.12994100153446198,0.0,0.0,150.0,25.0,-0.3545961081981659,0.0,0.0,150.0,25.0,0.5199999809265137,0.0,0.0,150.0,25.0,0.5199999809265137,0.0,0.0,20.0,8.0,0.43240121006965637,0.0,0.0,20.0,8.0,-0.068785160779953,0.0,0.0,20.0,8.0,0.5951135754585266,0.0,0.0,20.0,8.0,0.21290209889411926,0.0,0.0,10.0,1.0,-0.6177612543106079,0.0,0.0,10.0,1.0,0.6221566200256348,0.0,0.0,10.0,1.0,0.22733838856220245,0.0,0.0,20.0,8.0,-0.057973943650722504,0.0,0.0,20.0,8.0,-0.44112464785575867,0.0,0.0,20.0,8.0,0.43552595376968384,0.0,0.0,20.0,8.0,0.604620099067688,0.0,0.0,10.0,1.0,-0.23118920624256134,0.0,0.0,10.0,1.0,0.06366556882858276,0.0,0.0,10.0,1.0,0.766178548336029,0.0,0.0,1.0,0.10000000149011612,-0.06349562853574753,0.0,0.0,1.0,0.10000000149011612,0.18857085704803467,0.0,0.0,1.0,0.10000000149011612,0.0,0.0,0.0
1766995093.418315,2.5848705768585205,0.03857668489217758,0.20674894750118256,0.4461100697517395,0.19329507615963445,0.19954409015810243,0.45872434973716736,0.8124229907989502,-0.1133212149143219,-0.15468832850456238,0.49267566204071045,-0.2580682039260864,0.7471198439598083,-0.07190432399511337,0.15550509095191956,0.9668498039245605,0.5273899435997009,-0.20199130475521088,-0.4761025011539459,0.4523261487483978,0.4369865655899048,0.17757686972618103,-0.0013351644156500697,0.1806286722421646,-0.28629741072654724,-0.4335469603538513,0.3568703830242157,0.08487831056118011,0.10051880776882172,-0.07801175117492676,0.20962081849575043,0.0013351644156500697,-0.4331654906272888,0.15545128285884857,0.6109330654144287,-0.08379250764846802,0.20190735161304474,0.013230396434664726,-0.007020757533609867,0.2092796117067337,0.04273504391312599,-0.0009157509775832295,0.0,0.0,0.1419413983821869,-0.09157509356737137,-0.00024420025874860585,0.3275335729122162,0.0,0.0,-0.020268620923161507,0.004151404369622469,-0.00024420025874860585,0.004029304254800081,0.007448107935488224,0.08144078403711319,0.03431013599038124,-0.009890110231935978,0.08754578977823257,0.0406593419611454,-0.07362637668848038,-0.03821733966469765,0.04603174701333046,0.08046398311853409,0.03699633851647377,0.02967033162713051,0.09340659528970718,-0.033577535301446915,0.09951160103082657,-0.001831501955166459,0.5632989406585693,1.3990544080734253,0.4419918954372406,0.6502946019172668,1.1336849927902222,-1.2252593040466309,-2.8545570373535156,-0.23501956462860107,-0.4911464750766754,3.0575053691864014,-3.7317919731140137,-0.25988200306892395,-0.7091922163963318,1.3925817012786865,1.736093282699585,0.8648024201393127,-0.137570321559906,1.1902271509170532,0.4258041977882385,-1.2355225086212158,1.2443132400512695,0.4546767771244049,-0.11594788730144501,-0.8822492957115173,0.8710519075393677,1.209240198135376,-0.4623784124851227,0.12733113765716553,1.532357096672058,-0.12699125707149506,0.37714171409606934,-121.19617462158203,50.0,50.0,0.24206067621707916,0.0,0.0,150.0,50.0,0.6849077343940735,0.0,0.0,150.0,50.0,0.23347020149230957,0.0,0.0,50.0,50.0,0.31808942556381226,0.0,0.0,60.0,2.0,0.5235999822616577,0.0,0.0,60.0,2.0,-0.26179999113082886,0.0,0.0,50.0,50.0,-1.4227668046951294,0.0,0.0,150.0,50.0,-0.11909982562065125,0.0,0.0,150.0,50.0,-0.2448529303073883,0.0,0.0,50.0,50.0,1.5353543758392334,0.0,0.0,60.0,2.0,-0.5526700019836426,0.0,0.0,60.0,2.0,-0.130120187997818,0.0,0.0,150.0,25.0,-0.34492477774620056,0.0,0.0,150.0,25.0,0.5199999809265137,0.0,0.0,150.0,25.0,0.5199999809265137,0.0,0.0,20.0,8.0,0.4318332374095917,0.0,0.0,20.0,8.0,-0.06544315814971924,0.0,0.0,20.0,8.0,0.5972515344619751,0.0,0.0,20.0,8.0,0.21126827597618103,0.0,0.0,10.0,1.0,-0.6126974821090698,0.0,0.0,10.0,1.0,0.6302867531776428,0.0,0.0,10.0,1.0,0.2584053575992584,0.0,0.0,20.0,8.0,-0.07060708850622177,0.0,0.0,20.0,8.0,-0.4258323013782501,0.0,0.0,20.0,8.0,0.42907682061195374,0.0,0.0,20.0,8.0,0.5887402296066284,0.0,0.0,10.0,1.0,-0.2444738894701004,0.0,0.0,10.0,1.0,0.054752230644226074,0.0,0.0,10.0,1.0,0.771818995475769,0.0,0.0,1.0,0.10000000149011612,-0.07000640779733658,0.0,0.0,1.0,0.10000000149011612,0.1861041933298111,0.0,0.0,1.0,0.10000000149011612,0.0,0.0,0.0
1766995093.4910958,2.657651424407959,0.03857668489217758,0.20674894750118256,0.4461100697517395,0.19329507615963445,0.19954409015810243,0.45872434973716736,0.8124229907989502,-0.1133212149143219,-0.15468832850456238,0.49267566204071045,-0.2580682039260864,0.7471198439598083,-0.07190432399511337,0.15550509095191956,0.9668498039245605,0.5273899435997009,-0.20199130475521088,-0.4761025011539459,0.4523261487483978,0.4369865655899048,0.17757686972618103,-0.0013351644156500697,0.1806286722421646,-0.28629741072654724,-0.4335469603538513,0.3568703830242157,0.08487831056118011,0.10051880776882172,-0.07801175117492676,0.20962081849575043,0.0013351644156500697,-0.4331654906272888,0.15545128285884857,0.6109330654144287,-0.08379250764846802,0.20190735161304474,0.013230396434664726,-0.007020757533609867,0.2092796117067337,0.04273504391312599,-0.0009157509775832295,0.0,0.0,0.1419413983821869,-0.09157509356737137,-0.00024420025874860585,0.3275335729122162,0.0,0.0,-0.020268620923161507,0.004151404369622469,-0.00024420025874860585,0.004029304254800081,0.007448107935488224,0.08144078403711319,0.03431013599038124,-0.009890110231935978,0.08754578977823257,0.0406593419611454,-0.07362637668848038,-0.03821733966469765,0.04603174701333046,0.08046398311853409,0.03699633851647377,0.02967033162713051,0.09340659528970718,-0.033577535301446915,0.09951160103082657,-0.001831501955166459,0.4841213524341583,1.369815468788147,0.46694040298461914,0.6361788511276245,1.0963225364685059,-1.2518519163131714,-2.845533609390259,-0.2381996512413025,-0.4897058606147766,3.070708751678467,-3.7417070865631104,-0.260240375995636,-0.6898495554924011,1.3913782835006714,1.7577086687088013,0.8636664748191833,-0.13088631629943848,1.1945030689239502,0.42253655195236206,-1.2253949642181396,1.2605735063552856,0.5168107151985168,-0.14121417701244354,-0.8516646027565002,0.8581536412239075,1.1774804592132568,-0.4889477789402008,0.10950446128845215,1.543637990951538,-0.14001281559467316,0.3722083866596222,-121.30252838134766,50.0,50.0,0.2348204404115677,0.0,0.0,150.0,50.0,0.6763885021209717,0.0,0.0,150.0,50.0,0.23941731452941895,0.0,0.0,50.0,50.0,0.31331804394721985,0.0,0.0,60.0,2.0,0.5235999822616577,0.0,0.0,60.0,2.0,-0.26179999113082886,0.0,0.0,50.0,50.0,-1.4119493961334229,0.0,0.0,150.0,50.0,-0.11491118371486664,0.0,0.0,150.0,50.0,-0.247001051902771,0.0,0.0,50.0,50.0,1.5263117551803589,0.0,0.0,60.0,2.0,-0.5526700019836426,0.0,0.0,60.0,2.0,-0.1285310983657837,0.0,0.0,150.0,25.0,-0.34153586626052856,0.0,0.0,150.0,25.0,0.5199999809265137,0.0,0.0,150.0,25.0,0.5199999809265137,0.0,0.0,20.0,8.0,0.4322953224182129,0.0,0.0,20.0,8.0,-0.061512291431427,0.0,0.0,20.0,8.0,0.5963091850280762,0.0,0.0,20.0,8.0,0.20657563209533691,0.0,0.0,10.0,1.0,-0.6089120507240295,0.0,0.0,10.0,1.0,0.6401970386505127,0.0,0.0,10.0,1.0,0.2723808288574219,0.0,0.0,20.0,8.0,-0.08140929788351059,0.0,0.0,20.0,8.0,-0.4158826172351837,0.0,0.0,20.0,8.0,0.42899784445762634,0.0,0.0,20.0,8.0,0.5735772848129272,0.0,0.0,10.0,1.0,-0.2481323629617691,0.0,0.0,10.0,1.0,0.05300164222717285,0.0,0.0,10.0,1.0,0.7714542150497437,0.0,0.0,1.0,0.10000000149011612,-0.0706239715218544,0.0,0.0,1.0,0.10000000149011612,0.18685375154018402,0.0,0.0,1.0,0.10000000149011612,0.0,0.0,0.0
1766995093.5651474,2.731703042984009,0.03857668489217758,0.20674894750118256,0.4461100697517395,0.19329507615963445,0.19954409015810243,0.45872434973716736,0.8124229907989502,-0.1133212149143219,-0.15468832850456238,0.49267566204071045,-0.2580682039260864,0.7471198439598083,-0.07190432399511337,0.15550509095191956,0.9668498039245605,0.5273899435997009,-0.20199130475521088,-0.4761025011539459,0.4523261487483978,0.4369865655899048,0.17757686972618103,-0.0013351644156500697,0.1806286722421646,-0.28629741072654724,-0.4335469603538513,0.3568703830242157,0.08487831056118011,0.10051880776882172,-0.07801175117492676,0.20962081849575043,0.0013351644156500697,-0.4331654906272888,0.15545128285884857,0.6109330654144287,-0.08379250764846802,0.20190735161304474,0.013230396434664726,-0.007020757533609867,0.2092796117067337,0.04273504391312599,-0.0009157509775832295,0.0,0.0,0.1419413983821869,-0.09157509356737137,-0.00024420025874860585,0.3275335729122162,0.0,0.0,-0.020268620923161507,0.004151404369622469,-0.00024420025874860585,0.004029304254800081,0.007448107935488224,0.08144078403711319,0.03431013599038124,-0.009890110231935978,0.08754578977823257,0.0406593419611454,-0.07362637668848038,-0.03821733966469765,0.04603174701333046,0.08046398311853409,0.03699633851647377,0.02967033162713051,0.09340659528970718,-0.033577535301446915,0.09951160103082657,-0.001831501955166459,0.4696408808231354,1.3527770042419434,0.4788346290588379,0.6266360878944397,1.0858757495880127,-1.2530796527862549,-2.8238987922668457,-0.22982236742973328,-0.494002103805542,3.0526235103607178,-3.7373223304748535,-0.2570621967315674,-0.6830717325210571,1.3879324197769165,1.7615556716918945,0.8645906448364258,-0.123024582862854,1.1926183700561523,0.41315126419067383,-1.217824101448059,1.2803940773010254,0.5447616577148438,-0.16281859576702118,-0.8317652344703674,0.8579956889152527,1.1471545696258545,-0.4962647259235382,0.1060032844543457,1.5429084300994873,-0.1412479430437088,0.37370750308036804,-121.84133911132812,50.0,50.0,0.2449568659067154,0.0,0.0,150.0,50.0,0.6588581800460815,0.0,0.0,150.0,50.0,0.24495117366313934,0.0,0.0,50.0,50.0,0.3115009367465973,0.0,0.0,60.0,2.0,0.5235999822616577,0.0,0.0,60.0,2.0,-0.26179999113082886,0.0,0.0,50.0,50.0,-1.3914680480957031,0.0,0.0,150.0,50.0,-0.10339553654193878,0.0,0.0,150.0,50.0,-0.25166353583335876,0.0,0.0,50.0,50.0,1.5011073350906372,0.0,0.0,60.0,2.0,-0.5526700019836426,0.0,0.0,60.0,2.0,-0.12459564954042435,0.0,0.0,150.0,25.0,-0.34233537316322327,0.0,0.0,150.0,25.0,0.5199999809265137,0.0,0.0,150.0,25.0,0.5199999809265137,0.0,0.0,20.0,8.0,0.4215214252471924,0.0,0.0,20.0,8.0,-0.06390050053596497,0.0,0.0,20.0,8.0,0.5911515951156616,0.0,0.0,20.0,8.0,0.20353558659553528,0.0,0.0,10.0,1.0,-0.6068564653396606,0.0,0.0,10.0,1.0,0.6598101258277893,0.0,0.0,10.0,1.0,0.28466328978538513,0.0,0.0,20.0,8.0,-0.11133679002523422,0.0,0.0,20.0,8.0,-0.39808282256126404,0.0,0.0,20.0,8.0,0.4305327534675598,0.0,0.0,20.0,8.0,0.5703141689300537,0.0,0.0,10.0,1.0,-0.2399657815694809,0.0,0.0,10.0,1.0,0.05125489830970764,0.0,0.0,10.0,1.0,0.7758675813674927,0.0,0.0,1.0,0.10000000149011612,-0.06672293692827225,0.0,0.0,1.0,0.10000000149011612,0.19700245559215546,0.0,0.0,1.0,0.10000000149011612,0.0,0.0,0.0
1766995093.6392827,2.8058383464813232,0.03857668489217758,0.20674894750118256,0.4461100697517395,0.19329507615963445,0.19954409015810243,0.45872434973716736,0.8124229907989502,-0.1133212149143219,-0.15468832850456238,0.49267566204071045,-0.2580682039260864,0.7471198439598083,-0.07190432399511337,0.15550509095191956,0.9668498039245605,0.5273899435997009,-0.20199130475521088,-0.4761025011539459,0.4523261487483978,0.4369865655899048,0.17757686972618103,-0.0013351644156500697,0.1806286722421646,-0.28629741072654724,-0.4335469603538513,0.3568703830242157,0.08487831056118011,0.10051880776882172,-0.07801175117492676,0.20962081849575043,0.0013351644156500697,-0.4331654906272888,0.15545128285884857,0.6109330654144287,-0.08379250764846802,0.20190735161304474,0.013230396434664726,-0.007020757533609867,0.2092796117067337,0.04273504391312599,-0.0009157509775832295,0.0,0.0,0.1419413983821869,-0.09157509356737137,-0.00024420025874860585,0.3275335729122162,0.0,0.0,-0.020268620923161507,0.004151404369622469,-0.00024420025874860585,0.004029304254800081,0.007448107935488224,0.08144078403711319,0.03431013599038124,-0.009890110231935978,0.08754578977823257,0.0406593419611454,-0.07362637668848038,-0.03821733966469765,0.04603174701333046,0.08046398311853409,0.03699633851647377,0.02967033162713051,0.09340659528970718,-0.033577535301446915,0.09951160103082657,-0.001831501955166459,0.4899137318134308,1.317716360092163,0.4899023473262787,0.6230018734931946,1.086422324180603,-1.2343610525131226,-2.7829360961914062,-0.20679107308387756,-0.5033270716667175,3.0022146701812744,-3.7345283031463623,-0.2491912990808487,-0.6846707463264465,1.3908754587173462,1.75557279586792,0.8430428504943848,-0.12780100107192993,1.1823031902313232,0.40707117319107056,-1.2137129306793213,1.3196202516555786,0.5693265795707703,-0.22267358005046844,-0.7961656451225281,0.8610655069351196,1.1406283378601074,-0.4799315631389618,0.10250979661941528,1.5517351627349854,-0.1334458738565445,0.3940049111843109,-123.980712890625,50.0,50.0,0.24627645313739777,0.0,0.0,150.0,50.0,0.6454861164093018,0.0,0.0,150.0,50.0,0.2505219578742981,0.0,0.0,50.0,50.0,0.3065359890460968,0.0,0.0,60.0,2.0,0.5235999822616577,0.0,0.0,60.0,2.0,-0.26179999113082886,0.0,0.0,50.0,50.0,-1.3758602142333984,0.0,0.0,150.0,50.0,-0.09219827502965927,0.0,0.0,150.0,50.0,-0.2553403973579407,0.0,0.0,50.0,50.0,1.4804168939590454,0.0,0.0,60.0,2.0,-0.5526700019836426,0.0,0.0,60.0,2.0,-0.12466805428266525,0.0,0.0,150.0,25.0,-0.3421073257923126,0.0,0.0,150.0,25.0,0.5199999809265137,0.0,0.0,150.0,25.0,0.5199999809265137,0.0,0.0,20.0,8.0,0.4195617139339447,0.0,0.0,20.0,8.0,-0.059978216886520386,0.0,0.0,20.0,8.0,0.5849686861038208,0.0,0.0,20.0,8.0,0.20316538214683533,0.0,0.0,10.0,1.0,-0.6092808246612549,0.0,0.0,10.0,1.0,0.6830755472183228,0.0,0.0,10.0,1.0,0.3047463297843933,0.0,0.0,20.0,8.0,-0.13912330567836761,0.0,0.0,20.0,8.0,-0.3874589502811432,0.0,0.0,20.0,8.0,0.43465539813041687,0.0,0.0,20.0,8.0,0.566711962223053,0.0,0.0,10.0,1.0,-0.23135550320148468,0.0,0.0,10.0,1.0,0.04946445673704147,0.0,0.0,10.0,1.0,0.8016754984855652,0.0,0.0,1.0,0.10000000149011612,-0.06491725146770477,0.0,0.0,1.0,0.10000000149011612,0.1943630576133728,0.0,0.0,1.0,0.10000000149011612,0.0,0.0,0.0
1766995093.712749,2.8793046474456787,0.03857668489217758,0.20674894750118256,0.4461100697517395,0.19329507615963445,0.19954409015810243,0.45872434973716736,0.8124229907989502,-0.1133212149143219,-0.15468832850456238,0.49267566204071045,-0.2580682039260864,0.7471198439598083,-0.07190432399511337,0.15550509095191956,0.9668498039245605,0.5273899435997009,-0.20199130475521088,-0.4761025011539459,0.4523261487483978,0.4369865655899048,0.17757686972618103,-0.0013351644156500697,0.1806286722421646,-0.28629741072654724,-0.4335469603538513,0.3568703830242157,0.08487831056118011,0.10051880776882172,-0.07801175117492676,0.20962081849575043,0.0013351644156500697,-0.4331654906272888,0.15545128285884857,0.6109330654144287,-0.08379250764846802,0.20190735161304474,0.013230396434664726,-0.007020757533609867,0.2092796117067337,0.04273504391312599,-0.0009157509775832295,0.0,0.0,0.1419413983821869,-0.09157509356737137,-0.00024420025874860585,0.3275335729122162,0.0,0.0,-0.020268620923161507,0.004151404369622469,-0.00024420025874860585,0.004029304254800081,0.007448107935488224,0.08144078403711319,0.03431013599038124,-0.009890110231935978,0.08754578977823257,0.0406593419611454,-0.07362637668848038,-0.03821733966469765,0.04603174701333046,0.08046398311853409,0.03699633851647377,0.02967033162713051,0.09340659528970718,-0.033577535301446915,0.09951160103082657,-0.001831501955166459,0.49255290627479553,1.2909722328186035,0.5010439157485962,0.6130719780921936,1.08130943775177,-1.2231682538986206,-2.751720428466797,-0.18439655005931854,-0.5106807947158813,2.960833787918091,-3.7202727794647217,-0.2493361085653305,-0.6842146515846252,1.3905471563339233,1.7536306381225586,0.8391234278678894,-0.11995643377304077,1.1699373722076416,0.40633076429367065,-1.2185616493225098,1.3661510944366455,0.6094926595687866,-0.27824661135673523,-0.7749179005622864,0.8693107962608337,1.133423924446106,-0.46271100640296936,0.09892891347408295,1.6033509969711304,-0.12983450293540955,0.3887261152267456,-124.99829864501953,50.0,50.0,0.24661539494991302,0.0,0.0,150.0,50.0,0.6361100077629089,0.0,0.0,150.0,50.0,0.255522221326828,0.0,0.0,50.0,50.0,0.30308589339256287,0.0,0.0,60.0,2.0,0.5235999822616577,0.0,0.0,60.0,2.0,-0.26179999113082886,0.0,0.0,50.0,50.0,-1.3716459274291992,0.0,0.0,150.0,50.0,-0.08138702064752579,0.0,0.0,150.0,50.0,-0.2575015425682068,0.0,0.0,50.0,50.0,1.4721341133117676,0.0,0.0,60.0,2.0,-0.5526700019836426,0.0,0.0,60.0,2.0,-0.12404239922761917,0.0,0.0,150.0,25.0,-0.33882448077201843,0.0,0.0,150.0,25.0,0.5199999809265137,0.0,0.0,150.0,25.0,0.5199999809265137,0.0,0.0,20.0,8.0,0.4240979552268982,0.0,0.0,20.0,8.0,-0.06090304255485535,0.0,0.0,20.0,8.0,0.5837974548339844,0.0,0.0,20.0,8.0,0.20692378282546997,0.0,0.0,10.0,1.0,-0.6160463690757751,0.0,0.0,10.0,1.0,0.688161313533783,0.0,0.0,10.0,1.0,0.32380416989326477,0.0,0.0,20.0,8.0,-0.14597882330417633,0.0,0.0,20.0,8.0,-0.37487879395484924,0.0,0.0,20.0,8.0,0.43837299942970276,0.0,0.0,20.0,8.0,0.5620532035827637,0.0,0.0,10.0,1.0,-0.2345074564218521,0.0,0.0,10.0,1.0,0.04150757938623428,0.0,0.0,10.0,1.0,0.8111200928688049,0.0,0.0,1.0,0.10000000149011612,-0.06499893218278885,0.0,0.0,1.0,0.10000000149011612,0.19134484231472015,0.0,0.0,1.0,0.10000000149011612,0.0,0.0,0.0
1766995093.7862592,2.952814817428589,0.03857668489217758,0.20674894750118256,0.4461100697517395,0.19329507615963445,0.19954409015810243,0.45872434973716736,0.8124229907989502,-0.1133212149143219,-0.15468832850456238,0.49267566204071045,-0.2580682039260864,0.7471198439598083,-0.07190432399511337,0.15550509095191956,0.9668498039245605,0.5273899435997009,-0.20199130475521088,-0.4761025011539459,0.4523261487483978,0.4369865655899048,0.17757686972618103,-0.0013351644156500697,0.1806286722421646,-0.28629741072654724,-0.4335469603538513,0.3568703830242157,0.08487831056118011,0.10051880776882172,-0.07801175117492676,0.20962081849575043,0.0013351644156500697,-0.4331654906272888,0.15545128285884857,0.6109330654144287,-0.08379250764846802,0.20190735161304474,0.013230396434664726,-0.007020757533609867,0.2092796117067337,0.04273504391312599,-0.0009157509775832295,0.0,0.0,0.1419413983821869,-0.09157509356737137,-0.00024420025874860585,0.3275335729122162,0.0,0.0,-0.020268620923161507,0.004151404369622469,-0.00024420025874860585,0.004029304254800081,0.007448107935488224,0.08144078403711319,0.03431013599038124,-0.009890110231935978,0.08754578977823257,0.0406593419611454,-0.07362637668848038,-0.03821733966469765,0.04603174701333046,0.08046398311853409,0.03699633851647377,0.02967033162713051,0.09340659528970718,-0.033577535301446915,0.09951160103082657,-0.001831501955166459,0.49323078989982605,1.2722200155258179,0.511044442653656,0.6061717867851257,1.069185733795166,-1.2116814851760864,-2.7432918548583984,-0.16277404129505157,-0.5150030851364136,2.944268226623535,-3.7216787338256836,-0.24808479845523834,-0.6776489615440369,1.3865631818771362,1.7565656900405884,0.8481959104537964,-0.1218060851097107,1.1675949096679688,0.41384756565093994,-1.2320927381515503,1.376322627067566,0.6476083397865295,-0.29195764660835266,-0.7497575879096985,0.8767459988594055,1.1241064071655273,-0.4690149128437042,0.08301515877246857,1.6222401857376099,-0.1299978643655777,0.3826896846294403,-124.88098907470703,50.0,50.0,0.24688734114170074,0.0,0.0,150.0,50.0,0.6263001561164856,0.0,0.0,150.0,50.0,0.2613063156604767,0.0,0.0,50.0,50.0,0.30154210329055786,0.0,0.0,60.0,2.0,0.5235999822616577,0.0,0.0,60.0,2.0,-0.26179999113082886,0.0,0.0,50.0,50.0,-1.370699405670166,0.0,0.0,150.0,50.0,-0.06966938078403473,0.0,0.0,150.0,50.0,-0.2571111023426056,0.0,0.0,50.0,50.0,1.468366026878357,0.0,0.0,60.0,2.0,-0.5526700019836426,0.0,0.0,60.0,2.0,-0.12172604352235794,0.0,0.0,150.0,25.0,-0.33727237582206726,0.0,0.0,150.0,25.0,0.5199999809265137,0.0,0.0,150.0,25.0,0.5199999809265137,0.0,0.0,20.0,8.0,0.428437203168869,0.0,0.0,20.0,8.0,-0.06458568572998047,0.0,0.0,20.0,8.0,0.5886399745941162,0.0,0.0,20.0,8.0,0.20691508054733276,0.0,0.0,10.0,1.0,-0.6206492185592651,0.0,0.0,10.0,1.0,0.6882218718528748,0.0,0.0,10.0,1.0,0.32916495203971863,0.0,0.0,20.0,8.0,-0.152495875954628,0.0,0.0,20.0,8.0,-0.36363762617111206,0.0,0.0,20.0,8.0,0.43906399607658386,0.0,0.0,20.0,8.0,0.5554026365280151,0.0,0.0,10.0,1.0,-0.24173523485660553,0.0,0.0,10.0,1.0,0.02915670908987522,0.0,0.0,10.0,1.0,0.781869113445282,0.0,0.0,1.0,0.10000000149011612,-0.0663653165102005,0.0,0.0,1.0,0.10000000149011612,0.1917266845703125,0.0,0.0,1.0,0.10000000149011612,0.0,0.0,0.0
1766995093.8588564,3.025412082672119,0.03857668489217758,0.20674894750118256,0.4461100697517395,0.19329507615963445,0.19954409015810243,0.45872434973716736,0.8124229907989502,-0.1133212149143219,-0.15468832850456238,0.49267566204071045,-0.2580682039260864,0.7471198439598083,-0.07190432399511337,0.15550509095191956,0.9668498039245605,0.5273899435997009,-0.20199130475521088,-0.4761025011539459,0.4523261487483978,0.4369865655899048,0.17757686972618103,-0.0013351644156500697,0.1806286722421646,-0.28629741072654724,-0.4335469603538513,0.3568703830242157,0.08487831056118011,0.10051880776882172,-0.07801175117492676,0.20962081849575043,0.0013351644156500697,-0.4331654906272888,0.15545128285884857,0.6109330654144287,-0.08379250764846802,0.20190735161304474,0.013230396434664726,-0.007020757533609867,0.2092796117067337,0.04273504391312599,-0.0009157509775832295,0.0,0.0,0.1419413983821869,-0.09157509356737137,-0.00024420025874860585,0.3275335729122162,0.0,0.0,-0.020268620923161507,0.004151404369622469,-0.00024420025874860585,0.004029304254800081,0.007448107935488224,0.08144078403711319,0.03431013599038124,-0.009890110231935978,0.08754578977823257,0.0406593419611454,-0.07362637668848038,-0.03821733966469765,0.04603174701333046,0.08046398311853409,0.03699633851647377,0.02967033162713051,0.09340659528970718,-0.033577535301446915,0.09951160103082657,-0.001831501955166459,0.4937746822834015,1.2526003122329712,0.5226126313209534,0.6030842065811157,1.0486539602279663,-1.2165316343307495,-2.741398811340332,-0.13933876156806946,-0.5142222046852112,2.936732053756714,-3.735509157180786,-0.24345208704471588,-0.6745447516441345,1.3779761791229248,1.76045560836792,0.856874406337738,-0.12917137145996094,1.1772799491882324,0.4138301610946655,-1.2412984371185303,1.3764437437057495,0.6583299040794373,-0.304991751909256,-0.7272752523422241,0.8781279921531677,1.1108052730560303,-0.48347046971321106,0.05831341817975044,1.563738226890564,-0.132730633020401,0.383453369140625,-124.86913299560547,50.0,50.0,0.24779899418354034,0.0,0.0,150.0,50.0,0.6185068488121033,0.0,0.0,150.0,50.0,0.26630690693855286,0.0,0.0,50.0,50.0,0.3012622892856598,0.0,0.0,60.0,2.0,0.5159436464309692,0.0,0.0,60.0,2.0,-0.26179999113082886,0.0,0.0,50.0,50.0,-1.3676954507827759,0.0,0.0,150.0,50.0,-0.060401711612939835,0.0,0.0,150.0,50.0,-0.2560553252696991,0.0,0.0,50.0,50.0,1.4633700847625732,0.0,0.0,60.0,2.0,-0.5526700019836426,0.0,0.0,60.0,2.0,-0.11911892145872116,0.0,0.0,150.0,25.0,-0.33859845995903015,0.0,0.0,150.0,25.0,0.5199999809265137,0.0,0.0,150.0,25.0,0.5199999809265137,0.0,0.0,20.0,8.0,0.4324909746646881,0.0,0.0,20.0,8.0,-0.06712737679481506,0.0,0.0,20.0,8.0,0.5945166349411011,0.0,0.0,20.0,8.0,0.2027801275253296,0.0,0.0,10.0,1.0,-0.6178245544433594,0.0,0.0,10.0,1.0,0.697335958480835,0.0,0.0,10.0,1.0,0.33052271604537964,0.0,0.0,20.0,8.0,-0.16670246422290802,0.0,0.0,20.0,8.0,-0.35920965671539307,0.0,0.0,20.0,8.0,0.43654584884643555,0.0,0.0,20.0,8.0,0.5519149899482727,0.0,0.0,10.0,1.0,-0.24229465425014496,0.0,0.0,10.0,1.0,0.02232026495039463,0.0,0.0,10.0,1.0,0.7295855283737183,0.0,0.0,1.0,0.10000000149011612,-0.06870836764574051,0.0,0.0,1.0,0.10000000149011612,0.19305992126464844,0.0,0.0,1.0,0.10000000149011612,0.0,0.0,0.0
1766995093.9327996,3.0993552207946777,0.03857668489217758,0.20674894750118256,0.4461100697517395,0.19329507615963445,0.19954409015810243,0.45872434973716736,0.8124229907989502,-0.1133212149143219,-0.15468832850456238,0.49267566204071045,-0.2580682039260864,0.7471198439598083,-0.07190432399511337,0.15550509095191956,0.9668498039245605,0.5273899435997009,-0.20199130475521088,-0.4761025011539459,0.4523261487483978,0.4369865655899048,0.17757686972618103,-0.0013351644156500697,0.1806286722421646,-0.28629741072654724,-0.4335469603538513,0.3568703830242157,0.08487831056118011,0.10051880776882172,-0.07801175117492676,0.20962081849575043,0.0013351644156500697,-0.4331654906272888,0.15545128285884857,0.6109330654144287,-0.08379250764846802,0.20190735161304474,0.013230396434664726,-0.007020757533609867,0.2092796117067337,0.04273504391312599,-0.0009157509775832295,0.0,0.0,0.1419413983821869,-0.09157509356737137,-0.00024420025874860585,0.3275335729122162,0.0,0.0,-0.020268620923161507,0.004151404369622469,-0.00024420025874860585,0.004029304254800081,0.007448107935488224,0.08144078403711319,0.03431013599038124,-0.009890110231935978,0.08754578977823257,0.0406593419611454,-0.07362637668848038,-0.03821733966469765,0.04603174701333046,0.08046398311853409,0.03699633851647377,0.02967033162713051,0.09340659528970718,-0.033577535301446915,0.09951160103082657,-0.001831501955166459,0.4955979883670807,1.2370136976242065,0.5326138138771057,0.6025245785713196,1.0318872928619385,-1.2282365560531616,-2.7353909015655518,-0.12080342322587967,-0.5121106505393982,2.9267401695251465,-3.7427971363067627,-0.23823784291744232,-0.6771969199180603,1.3697192668914795,1.7635040283203125,0.8649819493293762,-0.13425475358963013,1.1890332698822021,0.4055602550506592,-1.2356491088867188,1.39467191696167,0.6610454320907593,-0.33340492844581604,-0.7184193134307861,0.8730916976928711,1.1038299798965454,-0.4845893085002899,0.04464052990078926,1.4591710567474365,-0.13741673529148102,0.3861198425292969,-125.4500732421875,50.0,50.0,0.24514688551425934,0.0,0.0,150.0,50.0,0.6154126524925232,0.0,0.0,150.0,50.0,0.26806917786598206,0.0,0.0,50.0,50.0,0.29935601353645325,0.0,0.0,60.0,2.0,0.5116774439811707,0.0,0.0,60.0,2.0,-0.26179999113082886,0.0,0.0,50.0,50.0,-1.3666452169418335,0.0,0.0,150.0,50.0,-0.05424915626645088,0.0,0.0,150.0,50.0,-0.25524765253067017,0.0,0.0,50.0,50.0,1.4604854583740234,0.0,0.0,60.0,2.0,-0.5526700019836426,0.0,0.0,60.0,2.0,-0.11655475944280624,0.0,0.0,150.0,25.0,-0.34153446555137634,0.0,0.0,150.0,25.0,0.5199999809265137,0.0,0.0,150.0,25.0,0.5199999809265137,0.0,0.0,20.0,8.0,0.4307200014591217,0.0,0.0,20.0,8.0,-0.07036611437797546,0.0,0.0,20.0,8.0,0.5988092422485352,0.0,0.0,20.0,8.0,0.19770929217338562,0.0,0.0,10.0,1.0,-0.6170428991317749,0.0,0.0,10.0,1.0,0.7001128792762756,0.0,0.0,10.0,1.0,0.3238238990306854,0.0,0.0,20.0,8.0,-0.1781177967786789,0.0,0.0,20.0,8.0,-0.3585912883281708,0.0,0.0,20.0,8.0,0.4379342496395111,0.0,0.0,20.0,8.0,0.5506775379180908,0.0,0.0,10.0,1.0,-0.23678605258464813,0.0,0.0,10.0,1.0,0.027990372851490974,0.0,0.0,10.0,1.0,0.6980986595153809,0.0,0.0,1.0,0.10000000149011612,-0.06855738162994385,0.0,0.0,1.0,0.10000000149011612,0.1902403086423874,0.0,0.0,1.0,0.10000000149011612,0.0,0.0,0.0
1766995094.0064096,3.1729652881622314,0.03857668489217758,0.20674894750118256,0.4461100697517395,0.19329507615963445,0.19954409015810243,0.45872434973716736,0.8124229907989502,-0.1133212149143219,-0.15468832850456238,0.49267566204071045,-0.2580682039260864,0.7471198439598083,-0.07190432399511337,0.15550509095191956,0.9668498039245605,0.5273899435997009,-0.20199130475521088,-0.4761025011539459,0.4523261487483978,0.4369865655899048,0.17757686972618103,-0.0013351644156500697,0.1806286722421646,-0.28629741072654724,-0.4335469603538513,0.3568703830242157,0.08487831056118011,0.10051880776882172,-0.07801175117492676,0.20962081849575043,0.0013351644156500697,-0.4331654906272888,0.15545128285884857,0.6109330654144287,-0.08379250764846802,0.20190735161304474,0.013230396434664726,-0.007020757533609867,0.2092796117067337,0.04273504391312599,-0.0009157509775832295,0.0,0.0,0.1419413983821869,-0.09157509356737137,-0.00024420025874860585,0.3275335729122162,0.0,0.0,-0.020268620923161507,0.004151404369622469,-0.00024420025874860585,0.004029304254800081,0.007448107935488224,0.08144078403711319,0.03431013599038124,-0.009890110231935978,0.08754578977823257,0.0406593419611454,-0.07362637668848038,-0.03821733966469765,0.04603174701333046,0.08046398311853409,0.03699633851647377,0.02967033162713051,0.09340659528970718,-0.033577535301446915,0.09951160103082657,-0.001831501955166459,0.4902937710285187,1.2308253049850464,0.5361383557319641,0.5987120270729065,1.0233548879623413,-1.2472184896469116,-2.733290433883667,-0.10849831253290176,-0.5104953050613403,2.920970916748047,-3.7470438480377197,-0.2331095188856125,-0.6830689311027527,1.3647966384887695,1.766083002090454,0.8614400029182434,-0.14073222875595093,1.1976184844970703,0.39541858434677124,-1.2340857982635498,1.4002257585525513,0.6476477980613708,-0.3562355935573578,-0.7171825766563416,0.8758684992790222,1.1013550758361816,-0.47357210516929626,0.05598074570298195,1.3961973190307617,-0.1371147632598877,0.3804806172847748,-125.6935043334961,50.0,50.0,0.2429511994123459,0.0,0.0,150.0,50.0,0.6128814220428467,0.0,0.0,150.0,50.0,0.2686401605606079,0.0,0.0,50.0,50.0,0.29838868975639343,0.0,0.0,60.0,2.0,0.5084599852561951,0.0,0.0,60.0,2.0,-0.26179999113082886,0.0,0.0,50.0,50.0,-1.3684847354888916,0.0,0.0,150.0,50.0,-0.04841902479529381,0.0,0.0,150.0,50.0,-0.2552492618560791,0.0,0.0,50.0,50.0,1.4588844776153564,0.0,0.0,60.0,2.0,-0.5526700019836426,0.0,0.0,60.0,2.0,-0.11469496041536331,0.0,0.0,150.0,25.0,-0.34276095032691956,0.0,0.0,150.0,25.0,0.5199999809265137,0.0,0.0,150.0,25.0,0.5199999809265137,0.0,0.0,20.0,8.0,0.4286002218723297,0.0,0.0,20.0,8.0,-0.07281801104545593,0.0,0.0,20.0,8.0,0.6013350486755371,0.0,0.0,20.0,8.0,0.19595175981521606,0.0,0.0,10.0,1.0,-0.6159278154373169,0.0,0.0,10.0,1.0,0.6964702606201172,0.0,0.0,10.0,1.0,0.31828656792640686,0.0,0.0,20.0,8.0,-0.18311761319637299,0.0,0.0,20.0,8.0,-0.3580043911933899,0.0,0.0,20.0,8.0,0.4401542842388153,0.0,0.0,20.0,8.0,0.5533597469329834,0.0,0.0,10.0,1.0,-0.23257355391979218,0.0,0.0,10.0,1.0,0.029636943712830544,0.0,0.0,10.0,1.0,0.6887147426605225,0.0,0.0,1.0,0.10000000149011612,-0.06785690039396286,0.0,0.0,1.0,0.10000000149011612,0.1909680962562561,0.0,0.0,1.0,0.10000000149011612,0.0,0.0,0.0
1766995094.0793152,3.24587082862854,0.03857668489217758,0.20674894750118256,0.4461100697517395,0.19329507615963445,0.19954409015810243,0.45872434973716736,0.8124229907989502,-0.1133212149143219,-0.15468832850456238,0.49267566204071045,-0.2580682039260864,0.7471198439598083,-0.07190432399511337,0.15550509095191956,0.9668498039245605,0.5273899435997009,-0.20199130475521088,-0.4761025011539459,0.4523261487483978,0.4369865655899048,0.17757686972618103,-0.0013351644156500697,0.1806286722421646,-0.28629741072654724,-0.4335469603538513,0.3568703830242157,0.08487831056118011,0.10051880776882172,-0.07801175117492676,0.20962081849575043,0.0013351644156500697,-0.4331654906272888,0.15545128285884857,0.6109330654144287,-0.08379250764846802,0.20190735161304474,0.013230396434664726,-0.007020757533609867,0.2092796117067337,0.04273504391312599,-0.0009157509775832295,0.0,0.0,0.1419413983821869,-0.09157509356737137,-0.00024420025874860585,0.3275335729122162,0.0,0.0,-0.020268620923161507,0.004151404369622469,-0.00024420025874860585,0.004029304254800081,0.007448107935488224,0.08144078403711319,0.03431013599038124,-0.009890110231935978,0.08754578977823257,0.0406593419611454,-0.07362637668848038,-0.03821733966469765,0.04603174701333046,0.08046398311853409,0.03699633851647377,0.02967033162713051,0.09340659528970718,-0.033577535301446915,0.09951160103082657,-0.001831501955166459,0.4859023988246918,1.2257628440856934,0.5372803211212158,0.5967773795127869,1.0169199705123901,-1.262135624885559,-2.736969470977783,-0.09683804959058762,-0.5104985237121582,2.917768955230713,-3.7548298835754395,-0.22938992083072662,-0.6855219006538391,1.363741397857666,1.768593430519104,0.8572004437446594,-0.14563602209091187,1.2026700973510742,0.39190351963043213,-1.2318556308746338,1.3929405212402344,0.6365731358528137,-0.36623522639274597,-0.7160087823867798,0.8803085684776306,1.1067194938659668,-0.46514710783958435,0.05927388742566109,1.377429485321045,-0.13571380078792572,0.3819361925125122,-125.7575454711914,50.0,50.0,0.24273203313350677,0.0,0.0,150.0,50.0,0.6105804443359375,0.0,0.0,150.0,50.0,0.2682684361934662,0.0,0.0,50.0,50.0,0.2987818419933319,0.0,0.0,60.0,2.0,0.507071316242218,0.0,0.0,60.0,2.0,-0.26179999113082886,0.0,0.0,50.0,50.0,-1.3699696063995361,0.0,0.0,150.0,50.0,-0.04395802691578865,0.0,0.0,150.0,50.0,-0.25624921917915344,0.0,0.0,50.0,50.0,1.4567869901657104,0.0,0.0,60.0,2.0,-0.5526700019836426,0.0,0.0,60.0,2.0,-0.11330223828554153,0.0,0.0,150.0,25.0,-0.34336724877357483,0.0,0.0,150.0,25.0,0.5199999809265137,0.0,0.0,150.0,25.0,0.5199999809265137,0.0,0.0,20.0,8.0,0.4228654205799103,0.0,0.0,20.0,8.0,-0.07393720746040344,0.0,0.0,20.0,8.0,0.599382758140564,0.0,0.0,20.0,8.0,0.19626682996749878,0.0,0.0,10.0,1.0,-0.6139962077140808,0.0,0.0,10.0,1.0,0.6888735890388489,0.0,0.0,10.0,1.0,0.3105638325214386,0.0,0.0,20.0,8.0,-0.18851234018802643,0.0,0.0,20.0,8.0,-0.355673611164093,0.0,0.0,20.0,8.0,0.4434655010700226,0.0,0.0,20.0,8.0,0.557487428188324,0.0,0.0,10.0,1.0,-0.2294979840517044,0.0,0.0,10.0,1.0,0.0281019676476717,0.0,0.0,10.0,1.0,0.6916090250015259,0.0,0.0,1.0,0.10000000149011612,-0.06629882007837296,0.0,0.0,1.0,0.10000000149011612,0.19461047649383545,0.0,0.0,1.0,0.10000000149011612,0.0,0.0,0.0
1766995094.1528459,3.319401502609253,0.03857668489217758,0.20674894750118256,0.4461100697517395,0.19329507615963445,0.19954409015810243,0.45872434973716736,0.8124229907989502,-0.1133212149143219,-0.15468832850456238,0.49267566204071045,-0.2580682039260864,0.7471198439598083,-0.07190432399511337,0.15550509095191956,0.9668498039245605,0.5273899435997009,-0.20199130475521088,-0.4761025011539459,0.4523261487483978,0.4369865655899048,0.17757686972618103,-0.0013351644156500697,0.1806286722421646,-0.28629741072654724,-0.4335469603538513,0.3568703830242157,0.08487831056118011,0.10051880776882172,-0.07801175117492676,0.20962081849575043,0.0013351644156500697,-0.4331654906272888,0.15545128285884857,0.6109330654144287,-0.08379250764846802,0.20190735161304474,0.013230396434664726,-0.007020757533609867,0.2092796117067337,0.04273504391312599,-0.0009157509775832295,0.0,0.0,0.1419413983821869,-0.09157509356737137,-0.00024420025874860585,0.3275335729122162,0.0,0.0,-0.020268620923161507,0.004151404369622469,-0.00024420025874860585,0.004029304254800081,0.007448107935488224,0.08144078403711319,0.03431013599038124,-0.009890110231935978,0.08754578977823257,0.0406593419611454,-0.07362637668848038,-0.03821733966469765,0.04603174701333046,0.08046398311853409,0.03699633851647377,0.02967033162713051,0.09340659528970718,-0.033577535301446915,0.09951160103082657,-0.001831501955166459,0.48546406626701355,1.221160888671875,0.5365368723869324,0.5975636839866638,1.014142632484436,-1.2710639238357544,-2.7399392127990723,-0.0879160538315773,-0.5124984383583069,2.913573980331421,-3.763251543045044,-0.22660447657108307,-0.6867344975471497,1.365515947341919,1.7678273916244507,0.8457308411598206,-0.14787441492080688,1.198765516281128,0.39253365993499756,-1.2279924154281616,1.3777471780776978,0.6211276650428772,-0.37702468037605286,-0.711347222328186,0.8869310021400452,1.114974856376648,-0.4589959681034088,0.0562039352953434,1.3832180500030518,-0.1325976401567459,0.3892209529876709,-125.91502380371094,50.0,50.0,0.24319498240947723,0.0,0.0,150.0,50.0,0.6105377078056335,0.0,0.0,150.0,50.0,0.2679661810398102,0.0,0.0,50.0,50.0,0.29934969544410706,0.0,0.0,60.0,2.0,0.5072787404060364,0.0,0.0,60.0,2.0,-0.26179999113082886,0.0,0.0,50.0,50.0,-1.371161699295044,0.0,0.0,150.0,50.0,-0.043005120009183884,0.0,0.0,150.0,50.0,-0.25644341111183167,0.0,0.0,50.0,50.0,1.4569249153137207,0.0,0.0,60.0,2.0,-0.5526700019836426,0.0,0.0,60.0,2.0,-0.11274012178182602,0.0,0.0,150.0,25.0,-0.3433971703052521,0.0,0.0,150.0,25.0,0.5199999809265137,0.0,0.0,150.0,25.0,0.5199999809265137,0.0,0.0,20.0,8.0,0.4213445484638214,0.0,0.0,20.0,8.0,-0.0739930272102356,0.0,0.0,20.0,8.0,0.5984927415847778,0.0,0.0,20.0,8.0,0.19677725434303284,0.0,0.0,10.0,1.0,-0.6130563616752625,0.0,0.0,10.0,1.0,0.6871728301048279,0.0,0.0,10.0,1.0,0.3073323667049408,0.0,0.0,20.0,8.0,-0.18904323875904083,0.0,0.0,20.0,8.0,-0.3553408086299896,0.0,0.0,20.0,8.0,0.44394442439079285,0.0,0.0,20.0,8.0,0.558029294013977,0.0,0.0,10.0,1.0,-0.22950632870197296,0.0,0.0,10.0,1.0,0.026616575196385384,0.0,0.0,10.0,1.0,0.6882562041282654,0.0,0.0,1.0,0.10000000149011612,-0.06621325761079788,0.0,0.0,1.0,0.10000000149011612,0.1962808072566986,0.0,0.0,1.0,0.10000000149011612,0.0,0.0,0.0
1766995094.225489,3.3920445442199707,0.03857668489217758,0.20674894750118256,0.4461100697517395,0.19329507615963445,0.19954409015810243,0.45872434973716736,0.8124229907989502,-0.1133212149143219,-0.15468832850456238,0.49267566204071045,-0.2580682039260864,0.7471198439598083,-0.07190432399511337,0.15550509095191956,0.9668498039245605,0.5273899435997009,-0.20199130475521088,-0.4761025011539459,0.4523261487483978,0.4369865655899048,0.17757686972618103,-0.0013351644156500697,0.1806286722421646,-0.28629741072654724,-0.4335469603538513,0.3568703830242157,0.08487831056118011,0.10051880776882172,-0.07801175117492676,0.20962081849575043,0.0013351644156500697,-0.4331654906272888,0.15545128285884857,0.6109330654144287,-0.08379250764846802,0.20190735161304474,0.013230396434664726,-0.007020757533609867,0.2092796117067337,0.04273504391312599,-0.0009157509775832295,0.0,0.0,0.1419413983821869,-0.09157509356737137,-0.00024420025874860585,0.3275335729122162,0.0,0.0,-0.020268620923161507,0.004151404369622469,-0.00024420025874860585,0.004029304254800081,0.007448107935488224,0.08144078403711319,0.03431013599038124,-0.009890110231935978,0.08754578977823257,0.0406593419611454,-0.07362637668848038,-0.03821733966469765,0.04603174701333046,0.08046398311853409,0.03699633851647377,0.02967033162713051,0.09340659528970718,-0.033577535301446915,0.09951160103082657,-0.001831501955166459,0.48638996481895447,1.221075415611267,0.5359323620796204,0.5986993908882141,1.0145574808120728,-1.2735272645950317,-2.742323398590088,-0.08601024001836777,-0.5128868222236633,2.9138498306274414,-3.765366315841675,-0.22548024356365204,-0.6867943406105042,1.3656758069992065,1.767716646194458,0.8426890969276428,-0.1479860544204712,1.1969854831695557,0.3935545086860657,-1.226112723350525,1.3743456602096558,0.6146647334098816,-0.37808647751808167,-0.7106816172599792,0.8878888487815857,1.116058588027954,-0.4590126574039459,0.05323315039277077,1.3765124082565308,-0.13242651522159576,0.3925616145133972,-125.94020080566406,50.0,50.0,0.2440444380044937,0.0,0.0,150.0,50.0,0.6101821660995483,0.0,0.0,150.0,50.0,0.267964631319046,0.0,0.0,50.0,50.0,0.2997916042804718,0.0,0.0,60.0,2.0,0.507407546043396,0.0,0.0,60.0,2.0,-0.26179999113082886,0.0,0.0,50.0,50.0,-1.3713394403457642,0.0,0.0,150.0,50.0,-0.04252051189541817,0.0,0.0,150.0,50.0,-0.256548672914505,0.0,0.0,50.0,50.0,1.4566900730133057,0.0,0.0,60.0,2.0,-0.5526700019836426,0.0,0.0,60.0,2.0,-0.11248762160539627,0.0,0.0,150.0,25.0,-0.34363245964050293,0.0,0.0,150.0,25.0,0.5199999809265137,0.0,0.0,150.0,25.0,0.5199999809265137,0.0,0.0,20.0,8.0,0.4205339848995209,0.0,0.0,20.0,8.0,-0.07441270351409912,0.0,0.0,20.0,8.0,0.5980940461158752,0.0,0.0,20.0,8.0,0.19680780172348022,0.0,0.0,10.0,1.0,-0.6125359535217285,0.0,0.0,10.0,1.0,0.686229407787323,0.0,0.0,10.0,1.0,0.30538612604141235,0.0,0.0,20.0,8.0,-0.18991482257843018,0.0,0.0,20.0,8.0,-0.35490038990974426,0.0,0.0,20.0,8.0,0.44419702887535095,0.0,0.0,20.0,8.0,0.558357834815979,0.0,0.0,10.0,1.0,-0.22945468127727509,0.0,0.0,10.0,1.0,0.02587425895035267,0.0,0.0,10.0,1.0,0.6864363551139832,0.0,0.0,1.0,0.10000000149011612,-0.06614917516708374,0.0,0.0,1.0,0.10000000149011612,0.19716812670230865,0.0,0.0,1.0,0.10000000149011612,0.0,0.0,0.0
1766995094.298184,3.4647395610809326,0.03857668489217758,0.20674894750118256,0.4461100697517395,0.19329507615963445,0.19954409015810243,0.45872434973716736,0.8124229907989502,-0.1133212149143219,-0.15468832850456238,0.49267566204071045,-0.2580682039260864,0.7471198439598083,-0.07190432399511337,0.15550509095191956,0.9668498039245605,0.5273899435997009,-0.20199130475521088,-0.4761025011539459,0.4523261487483978,0.4369865655899048,0.17757686972618103,-0.0013351644156500697,0.1806286722421646,-0.28629741072654724,-0.4335469603538513,0.3568703830242157,0.08487831056118011,0.10051880776882172,-0.07801175117492676,0.20962081849575043,0.0013351644156500697,-0.4331654906272888,0.15545128285884857,0.6109330654144287,-0.08379250764846802,0.20190735161304474,0.013230396434664726,-0.007020757533609867,0.2092796117067337,0.04273504391312599,-0.0009157509775832295,0.0,0.0,0.1419413983821869,-0.09157509356737137,-0.00024420025874860585,0.3275335729122162,0.0,0.0,-0.020268620923161507,0.004151404369622469,-0.00024420025874860585,0.004029304254800081,0.007448107935488224,0.08144078403711319,0.03431013599038124,-0.009890110231935978,0.08754578977823257,0.0406593419611454,-0.07362637668848038,-0.03821733966469765,0.04603174701333046,0.08046398311853409,0.03699633851647377,0.02967033162713051,0.09340659528970718,-0.033577535301446915,0.09951160103082657,-0.001831501955166459,0.4880888760089874,1.2203643321990967,0.535929262638092,0.5995832085609436,1.014815092086792,-1.2733899354934692,-2.7426788806915283,-0.08504102379083633,-0.51309734582901,2.9133801460266113,-3.766356945037842,-0.22497524321079254,-0.6872649192810059,1.3656173944473267,1.767134189605713,0.8410679697990417,-0.14882540702819824,1.1961880922317505,0.39361560344696045,-1.225071907043457,1.372458815574646,0.6107722520828247,-0.37982964515686035,-0.7098007798194885,0.8883940577507019,1.116715669631958,-0.45890936255455017,0.05174851790070534,1.3728727102279663,-0.13229835033416748,0.3943362534046173,-126.0051498413086,50.0,50.0,0.2446952909231186,0.0,0.0,150.0,50.0,0.609896719455719,0.0,0.0,150.0,50.0,0.26798272132873535,0.0,0.0,50.0,50.0,0.3000328838825226,0.0,0.0,60.0,2.0,0.5075591206550598,0.0,0.0,60.0,2.0,-0.26179999113082886,0.0,0.0,50.0,50.0,-1.3713388442993164,0.0,0.0,150.0,50.0,-0.04213156923651695,0.0,0.0,150.0,50.0,-0.256590873003006,0.0,0.0,50.0,50.0,1.456403374671936,0.0,0.0,60.0,2.0,-0.5526700019836426,0.0,0.0,60.0,2.0,-0.11224684864282608,0.0,0.0,150.0,25.0,-0.3438277244567871,0.0,0.0,150.0,25.0,0.5199999809265137,0.0,0.0,150.0,25.0,0.5199999809265137,0.0,0.0,20.0,8.0,0.41991421580314636,0.0,0.0,20.0,8.0,-0.07481005787849426,0.0,0.0,20.0,8.0,0.5977878570556641,0.0,0.0,20.0,8.0,0.19666704535484314,0.0,0.0,10.0,1.0,-0.6124166250228882,0.0,0.0,10.0,1.0,0.6854782104492188,0.0,0.0,10.0,1.0,0.30395811796188354,0.0,0.0,20.0,8.0,-0.19079875946044922,0.0,0.0,20.0,8.0,-0.3545342981815338,0.0,0.0,20.0,8.0,0.44455593824386597,0.0,0.0,20.0,8.0,0.5583075284957886,0.0,0.0,10.0,1.0,-0.22947390377521515,0.0,0.0,10.0,1.0,0.025786155834794044,0.0,0.0,10.0,1.0,0.6852927803993225,0.0,0.0,1.0,0.10000000149011612,-0.06610938906669617,0.0,0.0,1.0,0.10000000149011612,0.19724024832248688,0.0,0.0,1.0,0.10000000149011612,0.0,0.0,0.0
1766995094.3711689,3.537724494934082,0.03857668489217758,0.20674894750118256,0.4461100697517395,0.19329507615963445,0.19954409015810243,0.45872434973716736,0.8124229907989502,-0.1133212149143219,-0.15468832850456238,0.49267566204071045,-0.2580682039260864,0.7471198439598083,-0.07190432399511337,0.15550509095191956,0.9668498039245605,0.5273899435997009,-0.20199130475521088,-0.4761025011539459,0.4523261487483978,0.4369865655899048,0.17757686972618103,-0.0013351644156500697,0.1806286722421646,-0.28629741072654724,-0.4335469603538513,0.3568703830242157,0.08487831056118011,0.10051880776882172,-0.07801175117492676,0.20962081849575043,0.0013351644156500697,-0.4331654906272888,0.15545128285884857,0.6109330654144287,-0.08379250764846802,0.20190735161304474,0.013230396434664726,-0.007020757533609867,0.2092796117067337,0.04273504391312599,-0.0009157509775832295,0.0,0.0,0.1419413983821869,-0.09157509356737137,-0.00024420025874860585,0.3275335729122162,0.0,0.0,-0.020268620923161507,0.004151404369622469,-0.00024420025874860585,0.004029304254800081,0.007448107935488224,0.08144078403711319,0.03431013599038124,-0.009890110231935978,0.08754578977823257,0.0406593419611454,-0.07362637668848038,-0.03821733966469765,0.04603174701333046,0.08046398311853409,0.03699633851647377,0.02967033162713051,0.09340659528970718,-0.033577535301446915,0.09951160103082657,-0.001831501955166459,0.4893905818462372,1.219793438911438,0.5359654426574707,0.6000657677650452,1.0151182413101196,-1.2728351354599,-2.742677688598633,-0.0842631384730339,-0.513181746006012,2.912806749343872,-3.766807794570923,-0.22449369728565216,-0.6876554489135742,1.3655179738998413,1.7666733264923096,0.8398284316062927,-0.14962011575698853,1.1955757141113281,0.3933340907096863,-1.2248332500457764,1.3709564208984375,0.6079162359237671,-0.38159751892089844,-0.7090685963630676,0.8891118764877319,1.1166150569915771,-0.4589478075504303,0.05157231166958809,1.370585560798645,-0.13221877813339233,0.39448049664497375,-126.04764556884766,50.0,50.0,0.24520452320575714,0.0,0.0,150.0,50.0,0.6096110939979553,0.0,0.0,150.0,50.0,0.26806074380874634,0.0,0.0,50.0,50.0,0.3001827597618103,0.0,0.0,60.0,2.0,0.5075609683990479,0.0,0.0,60.0,2.0,-0.26179999113082886,0.0,0.0,50.0,50.0,-1.3713091611862183,0.0,0.0,150.0,50.0,-0.04173756763339043,0.0,0.0,150.0,50.0,-0.2566029131412506,0.0,0.0,50.0,50.0,1.4561442136764526,0.0,0.0,60.0,2.0,-0.5526700019836426,0.0,0.0,60.0,2.0,-0.11206572502851486,0.0,0.0,150.0,25.0,-0.3439929783344269,0.0,0.0,150.0,25.0,0.5199999809265137,0.0,0.0,150.0,25.0,0.5199999809265137,0.0,0.0,20.0,8.0,0.4195852279663086,0.0,0.0,20.0,8.0,-0.07512709498405457,0.0,0.0,20.0,8.0,0.5977024435997009,0.0,0.0,20.0,8.0,0.1964692771434784,0.0,0.0,10.0,1.0,-0.6124240159988403,0.0,0.0,10.0,1.0,0.6850568652153015,0.0,0.0,10.0,1.0,0.3031838834285736,0.0,0.0,20.0,8.0,-0.19149459898471832,0.0,0.0,20.0,8.0,-0.3542942404747009,0.0,0.0,20.0,8.0,0.4447532296180725,0.0,0.0,20.0,8.0,0.5583407878875732,0.0,0.0,10.0,1.0,-0.229431614279747,0.0,0.0,10.0,1.0,0.02569950558245182,0.0,0.0,10.0,1.0,0.6840224862098694,0.0,0.0,1.0,0.10000000149011612,-0.0661260336637497,0.0,0.0,1.0,0.10000000149011612,0.19716128706932068,0.0,0.0,1.0,0.10000000149011612,0.0,0.0,0.0
1766995094.4435258,3.610081434249878,0.03857668489217758,0.20674894750118256,0.4461100697517395,0.19329507615963445,0.19954409015810243,0.45872434973716736,0.8124229907989502,-0.1133212149143219,-0.15468832850456238,0.49267566204071045,-0.2580682039260864,0.7471198439598083,-0.07190432399511337,0.15550509095191956,0.9668498039245605,0.5273899435997009,-0.20199130475521088,-0.4761025011539459,0.4523261487483978,0.4369865655899048,0.17757686972618103,-0.0013351644156500697,0.1806286722421646,-0.28629741072654724,-0.4335469603538513,0.3568703830242157,0.08487831056118011,0.10051880776882172,-0.07801175117492676,0.20962081849575043,0.0013351644156500697,-0.4331654906272888,0.15545128285884857,0.6109330654144287,-0.08379250764846802,0.20190735161304474,0.013230396434664726,-0.007020757533609867,0.2092796117067337,0.04273504391312599,-0.0009157509775832295,0.0,0.0,0.1419413983821869,-0.09157509356737137,-0.00024420025874860585,0.3275335729122162,0.0,0.0,-0.020268620923161507,0.004151404369622469,-0.00024420025874860585,0.004029304254800081,0.007448107935488224,0.08144078403711319,0.03431013599038124,-0.009890110231935978,0.08754578977823257,0.0406593419611454,-0.07362637668848038,-0.03821733966469765,0.04603174701333046,0.08046398311853409,0.03699633851647377,0.02967033162713051,0.09340659528970718,-0.033577535301446915,0.09951160103082657,-0.001831501955166459,0.4904090464115143,1.2192221879959106,0.5361214876174927,0.6003655195236206,1.0151219367980957,-1.2724953889846802,-2.7426183223724365,-0.08347513526678085,-0.5132058262825012,2.9122884273529053,-3.7671966552734375,-0.22413145005702972,-0.6879859566688538,1.3653229475021362,1.7663953304290771,0.8391704559326172,-0.15025418996810913,1.1954048871994019,0.3929385542869568,-1.2248480319976807,1.370113730430603,0.6063677668571472,-0.38298919796943665,-0.7085884809494019,0.889506459236145,1.1166815757751465,-0.458863228559494,0.05139901116490364,1.3680449724197388,-0.1322520673274994,0.39432257413864136,-126.0806884765625,50.0,50.0,0.24565808475017548,0.0,0.0,150.0,50.0,0.6094167232513428,0.0,0.0,150.0,50.0,0.26811137795448303,0.0,0.0,50.0,50.0,0.3003249764442444,0.0,0.0,60.0,2.0,0.5075740218162537,0.0,0.0,60.0,2.0,-0.26179999113082886,0.0,0.0,50.0,50.0,-1.3712488412857056,0.0,0.0,150.0,50.0,-0.04146955534815788,0.0,0.0,150.0,50.0,-0.25660011172294617,0.0,0.0,50.0,50.0,1.45597243309021,0.0,0.0,60.0,2.0,-0.5526700019836426,0.0,0.0,60.0,2.0,-0.11190345138311386,0.0,0.0,150.0,25.0,-0.34412506222724915,0.0,0.0,150.0,25.0,0.5199999809265137,0.0,0.0,150.0,25.0,0.5199999809265137,0.0,0.0,20.0,8.0,0.4193936288356781,0.0,0.0,20.0,8.0,-0.07535490393638611,0.0,0.0,20.0,8.0,0.5977288484573364,0.0,0.0,20.0,8.0,0.1962842047214508,0.0,0.0,10.0,1.0,-0.6124041080474854,0.0,0.0,10.0,1.0,0.6848406791687012,0.0,0.0,10.0,1.0,0.30252423882484436,0.0,0.0,20.0,8.0,-0.19204722344875336,0.0,0.0,20.0,8.0,-0.3541569411754608,0.0,0.0,20.0,8.0,0.4448806941509247,0.0,0.0,20.0,8.0,0.5584627389907837,0.0,0.0,10.0,1.0,-0.2293771654367447,0.0,0.0,10.0,1.0,0.025671930983662605,0.0,0.0,10.0,1.0,0.6822784543037415,0.0,0.0,1.0,0.10000000149011612,-0.06616262346506119,0.0,0.0,1.0,0.10000000149011612,0.19712229073047638,0.0,0.0,1.0,0.10000000149011612,0.0,0.0,0.0
1766995094.5171244,3.6836800575256348,0.03857668489217758,0.20674894750118256,0.4461100697517395,0.19329507615963445,0.19954409015810243,0.45872434973716736,0.8124229907989502,-0.1133212149143219,-0.15468832850456238,0.49267566204071045,-0.2580682039260864,0.7471198439598083,-0.07190432399511337,0.15550509095191956,0.9668498039245605,0.5273899435997009,-0.20199130475521088,-0.4761025011539459,0.4523261487483978,0.4369865655899048,0.17757686972618103,-0.0013351644156500697,0.1806286722421646,-0.28629741072654724,-0.4335469603538513,0.3568703830242157,0.08487831056118011,0.10051880776882172,-0.07801175117492676,0.20962081849575043,0.0013351644156500697,-0.4331654906272888,0.15545128285884857,0.6109330654144287,-0.08379250764846802,0.20190735161304474,0.013230396434664726,-0.007020757533609867,0.2092796117067337,0.04273504391312599,-0.0009157509775832295,0.0,0.0,0.1419413983821869,-0.09157509356737137,-0.00024420025874860585,0.3275335729122162,0.0,0.0,-0.020268620923161507,0.004151404369622469,-0.00024420025874860585,0.004029304254800081,0.007448107935488224,0.08144078403711319,0.03431013599038124,-0.009890110231935978,0.08754578977823257,0.0406593419611454,-0.07362637668848038,-0.03821733966469765,0.04603174701333046,0.08046398311853409,0.03699633851647377,0.02967033162713051,0.09340659528970718,-0.033577535301446915,0.09951160103082657,-0.001831501955166459,0.49131616950035095,1.2188334465026855,0.5362227559089661,0.6006499528884888,1.0151480436325073,-1.2723517417907715,-2.742497682571411,-0.08293911069631577,-0.5132002234458923,2.91194486618042,-3.767521858215332,-0.22380690276622772,-0.6882501244544983,1.3652149438858032,1.7662144899368286,0.8387872576713562,-0.15070980787277222,1.1954576969146729,0.3925684094429016,-1.2248082160949707,1.3696813583374023,0.6050484776496887,-0.3840944468975067,-0.7083138823509216,0.8897613883018494,1.1169254779815674,-0.4587543308734894,0.05134386196732521,1.364556908607483,-0.13232524693012238,0.39424458146095276,-126.11309051513672,50.0,50.0,0.24601729214191437,0.0,0.0,150.0,50.0,0.6094468832015991,0.0,0.0,150.0,50.0,0.2680920362472534,0.0,0.0,50.0,50.0,0.30040398240089417,0.0,0.0,60.0,2.0,0.5076927542686462,0.0,0.0,60.0,2.0,-0.26179999113082886,0.0,0.0,50.0,50.0,-1.3710968494415283,0.0,0.0,150.0,50.0,-0.041484180837869644,0.0,0.0,150.0,50.0,-0.2565203011035919,0.0,0.0,50.0,50.0,1.455936312675476,0.0,0.0,60.0,2.0,-0.5526700019836426,0.0,0.0,60.0,2.0,-0.11176303774118423,0.0,0.0,150.0,25.0,-0.3442884683609009,0.0,0.0,150.0,25.0,0.5199999809265137,0.0,0.0,150.0,25.0,0.5199999809265137,0.0,0.0,20.0,8.0,0.41934725642204285,0.0,0.0,20.0,8.0,-0.07544326782226562,0.0,0.0,20.0,8.0,0.5979071855545044,0.0,0.0,20.0,8.0,0.19595107436180115,0.0,0.0,10.0,1.0,-0.6123782992362976,0.0,0.0,10.0,1.0,0.684952437877655,0.0,0.0,10.0,1.0,0.30177345871925354,0.0,0.0,20.0,8.0,-0.1925019472837448,0.0,0.0,20.0,8.0,-0.3542405366897583,0.0,0.0,20.0,8.0,0.4449714720249176,0.0,0.0,20.0,8.0,0.5584783554077148,0.0,0.0,10.0,1.0,-0.22930775582790375,0.0,0.0,10.0,1.0,0.02607140876352787,0.0,0.0,10.0,1.0,0.6797552704811096,0.0,0.0,1.0,0.10000000149011612,-0.06621713191270828,0.0,0.0,1.0,0.10000000149011612,0.19699105620384216,0.0,0.0,1.0,0.10000000149011612,0.0,0.0,0.0
1766995094.5903585,3.7569141387939453,0.03857668489217758,0.20674894750118256,0.4461100697517395,0.19329507615963445,0.19954409015810243,0.45872434973716736,0.8124229907989502,-0.1133212149143219,-0.15468832850456238,0.49267566204071045,-0.2580682039260864,0.7471198439598083,-0.07190432399511337,0.15550509095191956,0.9668498039245605,0.5273899435997009,-0.20199130475521088,-0.4761025011539459,0.4523261487483978,0.4369865655899048,0.17757686972618103,-0.0013351644156500697,0.1806286722421646,-0.28629741072654724,-0.4335469603538513,0.3568703830242157,0.08487831056118011,0.10051880776882172,-0.07801175117492676,0.20962081849575043,0.0013351644156500697,-0.4331654906272888,0.15545128285884857,0.6109330654144287,-0.08379250764846802,0.20190735161304474,0.013230396434664726,-0.007020757533609867,0.2092796117067337,0.04273504391312599,-0.0009157509775832295,0.0,0.0,0.1419413983821869,-0.09157509356737137,-0.00024420025874860585,0.3275335729122162,0.0,0.0,-0.020268620923161507,0.004151404369622469,-0.00024420025874860585,0.004029304254800081,0.007448107935488224,0.08144078403711319,0.03431013599038124,-0.009890110231935978,0.08754578977823257,0.0406593419611454,-0.07362637668848038,-0.03821733966469765,0.04603174701333046,0.08046398311853409,0.03699633851647377,0.02967033162713051,0.09340659528970718,-0.033577535301446915,0.09951160103082657,-0.001831501955166459,0.49203458428382874,1.2188937664031982,0.5361840724945068,0.6008079648017883,1.0153855085372925,-1.2723692655563354,-2.7421936988830566,-0.08296836167573929,-0.5130406022071838,2.911872625350952,-3.7675232887268066,-0.22352607548236847,-0.6885769367218018,1.3651245832443237,1.7660807371139526,0.8386945128440857,-0.15088653564453125,1.1958143711090088,0.3919021487236023,-1.2247565984725952,1.36990487575531,0.6035469174385071,-0.3850038945674896,-0.7084810733795166,0.8899429440498352,1.1169567108154297,-0.4586155116558075,0.05214281752705574,1.3595105409622192,-0.13243426382541656,0.3939821124076843,-126.1417465209961,50.0,50.0,0.2463182955980301,0.0,0.0,150.0,50.0,0.6095330715179443,0.0,0.0,150.0,50.0,0.2680671513080597,0.0,0.0,50.0,50.0,0.30042538046836853,0.0,0.0,60.0,2.0,0.5077821612358093,0.0,0.0,60.0,2.0,-0.26179999113082886,0.0,0.0,50.0,50.0,-1.3708206415176392,0.0,0.0,150.0,50.0,-0.041576627641916275,0.0,0.0,150.0,50.0,-0.2564212381839752,0.0,0.0,50.0,50.0,1.4558602571487427,0.0,0.0,60.0,2.0,-0.5526700019836426,0.0,0.0,60.0,2.0,-0.11166844516992569,0.0,0.0,150.0,25.0,-0.3444932997226715,0.0,0.0,150.0,25.0,0.5199999809265137,0.0,0.0,150.0,25.0,0.5199999809265137,0.0,0.0,20.0,8.0,0.41949430108070374,0.0,0.0,20.0,8.0,-0.07548385858535767,0.0,0.0,20.0,8.0,0.5981689691543579,0.0,0.0,20.0,8.0,0.19556424021720886,0.0,0.0,10.0,1.0,-0.6123075485229492,0.0,0.0,10.0,1.0,0.6851899027824402,0.0,0.0,10.0,1.0,0.30111947655677795,0.0,0.0,20.0,8.0,-0.19301460683345795,0.0,0.0,20.0,8.0,-0.3543769419193268,0.0,0.0,20.0,8.0,0.4450547993183136,0.0,0.0,20.0,8.0,0.5585927963256836,0.0,0.0,10.0,1.0,-0.22911079227924347,0.0,0.0,10.0,1.0,0.02668321318924427,0.0,0.0,10.0,1.0,0.677195131778717,0.0,0.0,1.0,0.10000000149011612,-0.06624361127614975,0.0,0.0,1.0,0.10000000149011612,0.1968385875225067,0.0,0.0,1.0,0.10000000149011612,0.0,0.0,0.0
1766995094.6641555,3.8307111263275146,0.03857668489217758,0.20674894750118256,0.4461100697517395,0.19329507615963445,0.19954409015810243,0.45872434973716736,0.8124229907989502,-0.1133212149143219,-0.15468832850456238,0.49267566204071045,-0.2580682039260864,0.7471198439598083,-0.07190432399511337,0.15550509095191956,0.9668498039245605,0.5273899435997009,-0.20199130475521088,-0.4761025011539459,0.4523261487483978,0.4369865655899048,0.17757686972618103,-0.0013351644156500697,0.1806286722421646,-0.28629741072654724,-0.4335469603538513,0.3568703830242157,0.08487831056118011,0.10051880776882172,-0.07801175117492676,0.20962081849575043,0.0013351644156500697,-0.4331654906272888,0.15545128285884857,0.6109330654144287,-0.08379250764846802,0.20190735161304474,0.013230396434664726,-0.007020757533609867,0.2092796117067337,0.04273504391312599,-0.0009157509775832295,0.0,0.0,0.1419413983821869,-0.09157509356737137,-0.00024420025874860585,0.3275335729122162,0.0,0.0,-0.020268620923161507,0.004151404369622469,-0.00024420025874860585,0.004029304254800081,0.007448107935488224,0.08144078403711319,0.03431013599038124,-0.009890110231935978,0.08754578977823257,0.0406593419611454,-0.07362637668848038,-0.03821733966469765,0.04603174701333046,0.08046398311853409,0.03699633851647377,0.02967033162713051,0.09340659528970718,-0.033577535301446915,0.09951160103082657,-0.001831501955166459,0.4926365911960602,1.2190661430358887,0.5361343026161194,0.6008507609367371,1.0155643224716187,-1.2725030183792114,-2.7416412830352783,-0.08315325528383255,-0.5128424763679504,2.9117205142974854,-3.767387866973877,-0.22333689033985138,-0.688986599445343,1.3650342226028442,1.7659624814987183,0.8389886021614075,-0.15096771717071533,1.1963379383087158,0.3911284804344177,-1.2246150970458984,1.3703798055648804,0.6022389531135559,-0.3860292136669159,-0.7087538838386536,0.8901095986366272,1.1171855926513672,-0.45822158455848694,0.05336642637848854,1.354390263557434,-0.1324872225522995,0.3936771750450134,-126.1730728149414,50.0,50.0,0.2465188354253769,0.0,0.0,150.0,50.0,0.609595000743866,0.0,0.0,150.0,50.0,0.26805779337882996,0.0,0.0,50.0,50.0,0.3004281222820282,0.0,0.0,60.0,2.0,0.507781982421875,0.0,0.0,60.0,2.0,-0.26179999113082886,0.0,0.0,50.0,50.0,-1.3706085681915283,0.0,0.0,150.0,50.0,-0.04162966087460518,0.0,0.0,150.0,50.0,-0.25633499026298523,0.0,0.0,50.0,50.0,1.455785870552063,0.0,0.0,60.0,2.0,-0.5526700019836426,0.0,0.0,60.0,2.0,-0.11161096394062042,0.0,0.0,150.0,25.0,-0.34464558959007263,0.0,0.0,150.0,25.0,0.5199999809265137,0.0,0.0,150.0,25.0,0.5199999809265137,0.0,0.0,20.0,8.0,0.4196585714817047,0.0,0.0,20.0,8.0,-0.07550299167633057,0.0,0.0,20.0,8.0,0.5983914732933044,0.0,0.0,20.0,8.0,0.19525286555290222,0.0,0.0,10.0,1.0,-0.6122382283210754,0.0,0.0,10.0,1.0,0.6853280067443848,0.0,0.0,10.0,1.0,0.3006734251976013,0.0,0.0,20.0,8.0,-0.19338186085224152,0.0,0.0,20.0,8.0,-0.3544502854347229,0.0,0.0,20.0,8.0,0.4451007843017578,0.0,0.0,20.0,8.0,0.5586419701576233,0.0,0.0,10.0,1.0,-0.22896577417850494,0.0,0.0,10.0,1.0,0.027165191248059273,0.0,0.0,10.0,1.0,0.6753643751144409,0.0,0.0,1.0,0.10000000149011612,-0.06626786291599274,0.0,0.0,1.0,0.10000000149011612,0.19673705101013184,0.0,0.0,1.0,0.10000000149011612,0.0,0.0,0.0
1766995094.737263,3.9038186073303223,0.03857668489217758,0.20674894750118256,0.4461100697517395,0.19329507615963445,0.19954409015810243,0.45872434973716736,0.8124229907989502,-0.1133212149143219,-0.15468832850456238,0.49267566204071045,-0.2580682039260864,0.7471198439598083,-0.07190432399511337,0.15550509095191956,0.9668498039245605,0.5273899435997009,-0.20199130475521088,-0.4761025011539459,0.4523261487483978,0.4369865655899048,0.17757686972618103,-0.0013351644156500697,0.1806286722421646,-0.28629741072654724,-0.4335469603538513,0.3568703830242157,0.08487831056118011,0.10051880776882172,-0.07801175117492676,0.20962081849575043,0.0013351644156500697,-0.4331654906272888,0.15545128285884857,0.6109330654144287,-0.08379250764846802,0.20190735161304474,0.013230396434664726,-0.007020757533609867,0.2092796117067337,0.04273504391312599,-0.0009157509775832295,0.0,0.0,0.1419413983821869,-0.09157509356737137,-0.00024420025874860585,0.3275335729122162,0.0,0.0,-0.020268620923161507,0.004151404369622469,-0.00024420025874860585,0.004029304254800081,0.007448107935488224,0.08144078403711319,0.03431013599038124,-0.009890110231935978,0.08754578977823257,0.0406593419611454,-0.07362637668848038,-0.03821733966469765,0.04603174701333046,0.08046398311853409,0.03699633851647377,0.02967033162713051,0.09340659528970718,-0.033577535301446915,0.09951160103082657,-0.001831501955166459,0.4930376708507538,1.219190001487732,0.5361155867576599,0.6008562445640564,1.01556396484375,-1.2726378440856934,-2.7412171363830566,-0.08325932174921036,-0.5126699805259705,2.911571741104126,-3.767287492752075,-0.22322192788124084,-0.6892911791801453,1.3649239540100098,1.7658915519714355,0.8393171429634094,-0.15100598335266113,1.1967829465866089,0.39050573110580444,-1.2244764566421509,1.3706560134887695,0.6013468503952026,-0.38676372170448303,-0.7089005708694458,0.8902015686035156,1.1172839403152466,-0.4579315483570099,0.054330382496118546,1.3507287502288818,-0.13253572583198547,0.39347410202026367,-126.19705963134766,50.0,50.0,0.2466576248407364,0.0,0.0,150.0,50.0,0.6096109747886658,0.0,0.0,150.0,50.0,0.2680582106113434,0.0,0.0,50.0,50.0,0.300437867641449,0.0,0.0,60.0,2.0,0.5077651739120483,0.0,0.0,60.0,2.0,-0.26179999113082886,0.0,0.0,50.0,50.0,-1.370513677597046,0.0,0.0,150.0,50.0,-0.04162779822945595,0.0,0.0,150.0,50.0,-0.25628748536109924,0.0,0.0,50.0,50.0,1.455741286277771,0.0,0.0,60.0,2.0,-0.5526700019836426,0.0,0.0,60.0,2.0,-0.11156541854143143,0.0,0.0,150.0,25.0,-0.3447202444076538,0.0,0.0,150.0,25.0,0.5199999809265137,0.0,0.0,150.0,25.0,0.5199999809265137,0.0,0.0,20.0,8.0,0.41981086134910583,0.0,0.0,20.0,8.0,-0.07554903626441956,0.0,0.0,20.0,8.0,0.5985385179519653,0.0,0.0,20.0,8.0,0.19512808322906494,0.0,0.0,10.0,1.0,-0.6122186183929443,0.0,0.0,10.0,1.0,0.6853570938110352,0.0,0.0,10.0,1.0,0.30049559473991394,0.0,0.0,20.0,8.0,-0.19353531301021576,0.0,0.0,20.0,8.0,-0.35443276166915894,0.0,0.0,20.0,8.0,0.44510844349861145,0.0,0.0,20.0,8.0,0.5587027072906494,0.0,0.0,10.0,1.0,-0.22889511287212372,0.0,0.0,10.0,1.0,0.027437226846814156,0.0,0.0,10.0,1.0,0.6743207573890686,0.0,0.0,1.0,0.10000000149011612,-0.06627604365348816,0.0,0.0,1.0,0.10000000149011612,0.19667434692382812,0.0,0.0,1.0,0.10000000149011612,0.0,0.0,0.0
1766995094.810769,3.9773247241973877,0.03857668489217758,0.20674894750118256,0.4461100697517395,0.19329507615963445,0.19954409015810243,0.45872434973716736,0.8124229907989502,-0.1133212149143219,-0.15468832850456238,0.49267566204071045,-0.2580682039260864,0.7471198439598083,-0.07190432399511337,0.15550509095191956,0.9668498039245605,0.5273899435997009,-0.20199130475521088,-0.4761025011539459,0.4523261487483978,0.4369865655899048,0.17757686972618103,-0.0013351644156500697,0.1806286722421646,-0.28629741072654724,-0.4335469603538513,0.3568703830242157,0.08487831056118011,0.10051880776882172,-0.07801175117492676,0.20962081849575043,0.0013351644156500697,-0.4331654906272888,0.15545128285884857,0.6109330654144287,-0.08379250764846802,0.20190735161304474,0.013230396434664726,-0.007020757533609867,0.2092796117067337,0.04273504391312599,-0.0009157509775832295,0.0,0.0,0.1419413983821869,-0.09157509356737137,-0.00024420025874860585,0.3275335729122162,0.0,0.0,-0.020268620923161507,0.004151404369622469,-0.00024420025874860585,0.004029304254800081,0.007448107935488224,0.08144078403711319,0.03431013599038124,-0.009890110231935978,0.08754578977823257,0.0406593419611454,-0.07362637668848038,-0.03821733966469765,0.04603174701333046,0.08046398311853409,0.03699633851647377,0.02967033162713051,0.09340659528970718,-0.033577535301446915,0.09951160103082657,-0.001831501955166459,0.4933152496814728,1.2192219495773315,0.5361164212226868,0.600875735282898,1.0155303478240967,-1.2725964784622192,-2.741027355194092,-0.0832555964589119,-0.5125749707221985,2.911482572555542,-3.7672665119171143,-0.22313083708286285,-0.6894404888153076,1.3648643493652344,1.7658815383911133,0.8396217226982117,-0.1510980725288391,1.1970770359039307,0.3902561664581299,-1.2244372367858887,1.3707141876220703,0.6009911894798279,-0.3870706260204315,-0.7088655233383179,0.8902168869972229,1.1174054145812988,-0.45779022574424744,0.05487445369362831,1.3486415147781372,-0.13255208730697632,0.39334869384765625,-126.20904541015625,50.0,50.0,0.2466847151517868,0.0,0.0,150.0,50.0,0.609687328338623,0.0,0.0,150.0,50.0,0.268046110868454,0.0,0.0,50.0,50.0,0.30043065547943115,0.0,0.0,60.0,2.0,0.5077841877937317,0.0,0.0,60.0,2.0,-0.26179999113082886,0.0,0.0,50.0,50.0,-1.3704777956008911,0.0,0.0,150.0,50.0,-0.04170308634638786,0.0,0.0,150.0,50.0,-0.2562424838542938,0.0,0.0,50.0,50.0,1.4557849168777466,0.0,0.0,60.0,2.0,-0.5526700019836426,0.0,0.0,60.0,2.0,-0.11155841499567032,0.0,0.0,150.0,25.0,-0.34473147988319397,0.0,0.0,150.0,25.0,0.5199999809265137,0.0,0.0,150.0,25.0,0.5199999809265137,0.0,0.0,20.0,8.0,0.41992613673210144,0.0,0.0,20.0,8.0,-0.0755334198474884,0.0,0.0,20.0,8.0,0.598624587059021,0.0,0.0,20.0,8.0,0.1950516402721405,0.0,0.0,10.0,1.0,-0.6122545599937439,0.0,0.0,10.0,1.0,0.685433030128479,0.0,0.0,10.0,1.0,0.3004668056964874,0.0,0.0,20.0,8.0,-0.1935042440891266,0.0,0.0,20.0,8.0,-0.3544701635837555,0.0,0.0,20.0,8.0,0.4450785219669342,0.0,0.0,20.0,8.0,0.5586317181587219,0.0,0.0,10.0,1.0,-0.2289200872182846,0.0,0.0,10.0,1.0,0.027622932568192482,0.0,0.0,10.0,1.0,0.6737752556800842,0.0,0.0,1.0,0.10000000149011612,-0.06630747765302658,0.0,0.0,1.0,0.10000000149011612,0.19657954573631287,0.0,0.0,1.0,0.10000000149011612,0.0,0.0,0.0
1766995094.8842208,4.050776481628418,0.03857668489217758,0.20674894750118256,0.4461100697517395,0.19329507615963445,0.19954409015810243,0.45872434973716736,0.8124229907989502,-0.1133212149143219,-0.15468832850456238,0.49267566204071045,-0.2580682039260864,0.7471198439598083,-0.07190432399511337,0.15550509095191956,0.9668498039245605,0.5273899435997009,-0.20199130475521088,-0.4761025011539459,0.4523261487483978,0.4369865655899048,0.17757686972618103,-0.0013351644156500697,0.1806286722421646,-0.28629741072654724,-0.4335469603538513,0.3568703830242157,0.08487831056118011,0.10051880776882172,-0.07801175117492676,0.20962081849575043,0.0013351644156500697,-0.4331654906272888,0.15545128285884857,0.6109330654144287,-0.08379250764846802,0.20190735161304474,0.013230396434664726,-0.007020757533609867,0.2092796117067337,0.04273504391312599,-0.0009157509775832295,0.0,0.0,0.1419413983821869,-0.09157509356737137,-0.00024420025874860585,0.3275335729122162,0.0,0.0,-0.020268620923161507,0.004151404369622469,-0.00024420025874860585,0.004029304254800081,0.007448107935488224,0.08144078403711319,0.03431013599038124,-0.009890110231935978,0.08754578977823257,0.0406593419611454,-0.07362637668848038,-0.03821733966469765,0.04603174701333046,0.08046398311853409,0.03699633851647377,0.02967033162713051,0.09340659528970718,-0.033577535301446915,0.09951160103082657,-0.001831501955166459,0.4933694303035736,1.219374656677246,0.536092221736908,0.6008613109588623,1.0155683755874634,-1.2725214958190918,-2.7409555912017822,-0.08340617269277573,-0.5124849677085876,2.911569833755493,-3.767167568206787,-0.22311682999134064,-0.6894629597663879,1.364822268486023,1.7658896446228027,0.8398522734642029,-0.1510668396949768,1.197249174118042,0.390103280544281,-1.2245091199874878,1.370866060256958,0.6009336113929749,-0.3870084881782532,-0.708940327167511,0.8901570439338684,1.1172634363174438,-0.4578401744365692,0.055245865136384964,1.3475505113601685,-0.13261495530605316,0.39315909147262573,-126.20914459228516,50.0,50.0,0.2467152625322342,0.0,0.0,150.0,50.0,0.6097510457038879,0.0,0.0,150.0,50.0,0.2680395543575287,0.0,0.0,50.0,50.0,0.3004394471645355,0.0,0.0,60.0,2.0,0.5078174471855164,0.0,0.0,60.0,2.0,-0.26179999113082886,0.0,0.0,50.0,50.0,-1.370436668395996,0.0,0.0,150.0,50.0,-0.04181264713406563,0.0,0.0,150.0,50.0,-0.256210595369339,0.0,0.0,50.0,50.0,1.4558395147323608,0.0,0.0,60.0,2.0,-0.5526700019836426,0.0,0.0,60.0,2.0,-0.11156671494245529,0.0,0.0,150.0,25.0,-0.3447261452674866,0.0,0.0,150.0,25.0,0.5199999809265137,0.0,0.0,150.0,25.0,0.5199999809265137,0.0,0.0,20.0,8.0,0.4200122654438019,0.0,0.0,20.0,8.0,-0.07550883293151855,0.0,0.0,20.0,8.0,0.598677396774292,0.0,0.0,20.0,8.0,0.1950015127658844,0.0,0.0,10.0,1.0,-0.6122766733169556,0.0,0.0,10.0,1.0,0.6855388283729553,0.0,0.0,10.0,1.0,0.30049172043800354,0.0,0.0,20.0,8.0,-0.19343112409114838,0.0,0.0,20.0,8.0,-0.3545306622982025,0.0,0.0,20.0,8.0,0.4450322091579437,0.0,0.0,20.0,8.0,0.558566689491272,0.0,0.0,10.0,1.0,-0.22895200550556183,0.0,0.0,10.0,1.0,0.027741195634007454,0.0,0.0,10.0,1.0,0.6734662652015686,0.0,0.0,1.0,0.10000000149011612,-0.0663449689745903,0.0,0.0,1.0,0.10000000149011612,0.1965029239654541,0.0,0.0,1.0,0.10000000149011612,0.0,0.0,0.0
1766995094.957654,4.124209642410278,0.03857668489217758,0.20674894750118256,0.4461100697517395,0.19329507615963445,0.19954409015810243,0.45872434973716736,0.8124229907989502,-0.1133212149143219,-0.15468832850456238,0.49267566204071045,-0.2580682039260864,0.7471198439598083,-0.07190432399511337,0.15550509095191956,0.9668498039245605,0.5273899435997009,-0.20199130475521088,-0.4761025011539459,0.4523261487483978,0.4369865655899048,0.17757686972618103,-0.0013351644156500697,0.1806286722421646,-0.28629741072654724,-0.4335469603538513,0.3568703830242157,0.08487831056118011,0.10051880776882172,-0.07801175117492676,0.20962081849575043,0.0013351644156500697,-0.4331654906272888,0.15545128285884857,0.6109330654144287,-0.08379250764846802,0.20190735161304474,0.013230396434664726,-0.007020757533609867,0.2092796117067337,0.04273504391312599,-0.0009157509775832295,0.0,0.0,0.1419413983821869,-0.09157509356737137,-0.00024420025874860585,0.3275335729122162,0.0,0.0,-0.020268620923161507,0.004151404369622469,-0.00024420025874860585,0.004029304254800081,0.007448107935488224,0.08144078403711319,0.03431013599038124,-0.009890110231935978,0.08754578977823257,0.0406593419611454,-0.07362637668848038,-0.03821733966469765,0.04603174701333046,0.08046398311853409,0.03699633851647377,0.02967033162713051,0.09340659528970718,-0.033577535301446915,0.09951160103082657,-0.001831501955166459,0.4934305250644684,1.2195020914077759,0.5360791087150574,0.600878894329071,1.0156348943710327,-1.2723768949508667,-2.740873336791992,-0.08362529426813126,-0.512421190738678,2.9116790294647217,-3.7670071125030518,-0.22313342988491058,-0.6894522905349731,1.3648037910461426,1.765878438949585,0.8400245308876038,-0.1510176658630371,1.197354793548584,0.3900030255317688,-1.2245533466339111,1.3710776567459106,0.6009834408760071,-0.38686224818229675,-0.709061324596405,0.8900644183158875,1.117133378982544,-0.45790401101112366,0.05548239126801491,1.3469325304031372,-0.1326899379491806,0.3930058479309082,-126.20976257324219,50.0,50.0,0.24672414362430573,0.0,0.0,150.0,50.0,0.6098118424415588,0.0,0.0,150.0,50.0,0.2680261433124542,0.0,0.0,50.0,50.0,0.30044418573379517,0.0,0.0,60.0,2.0,0.5078526139259338,0.0,0.0,60.0,2.0,-0.26179999113082886,0.0,0.0,50.0,50.0,-1.3704187870025635,0.0,0.0,150.0,50.0,-0.041908685117959976,0.0,0.0,150.0,50.0,-0.25618216395378113,0.0,0.0,50.0,50.0,1.455896258354187,0.0,0.0,60.0,2.0,-0.5526700019836426,0.0,0.0,60.0,2.0,-0.11156435310840607,0.0,0.0,150.0,25.0,-0.34472373127937317,0.0,0.0,150.0,25.0,0.5199999809265137,0.0,0.0,150.0,25.0,0.5199999809265137,0.0,0.0,20.0,8.0,0.42004838585853577,0.0,0.0,20.0,8.0,-0.07548654079437256,0.0,0.0,20.0,8.0,0.5987160205841064,0.0,0.0,20.0,8.0,0.19494619965553284,0.0,0.0,10.0,1.0,-0.6122888922691345,0.0,0.0,10.0,1.0,0.6855900883674622,0.0,0.0,10.0,1.0,0.3004436194896698,0.0,0.0,20.0,8.0,-0.19337551295757294,0.0,0.0,20.0,8.0,-0.3545880615711212,0.0,0.0,20.0,8.0,0.44501444697380066,0.0,0.0,20.0,8.0,0.5584883689880371,0.0,0.0,10.0,1.0,-0.22899769246578217,0.0,0.0,10.0,1.0,0.02785860188305378,0.0,0.0,10.0,1.0,0.6732080578804016,0.0,0.0,1.0,0.10000000149011612,-0.06637421995401382,0.0,0.0,1.0,0.10000000149011612,0.19643615186214447,0.0,0.0,1.0,0.10000000149011612,0.0,0.0,0.0
1766995095.0309234,4.197479009628296,0.03857668489217758,0.20674894750118256,0.4461100697517395,0.19329507615963445,0.19954409015810243,0.45872434973716736,0.8124229907989502,-0.1133212149143219,-0.15468832850456238,0.49267566204071045,-0.2580682039260864,0.7471198439598083,-0.07190432399511337,0.15550509095191956,0.9668498039245605,0.5273899435997009,-0.20199130475521088,-0.4761025011539459,0.4523261487483978,0.4369865655899048,0.17757686972618103,-0.0013351644156500697,0.1806286722421646,-0.28629741072654724,-0.4335469603538513,0.3568703830242157,0.08487831056118011,0.10051880776882172,-0.07801175117492676,0.20962081849575043,0.0013351644156500697,-0.4331654906272888,0.15545128285884857,0.6109330654144287,-0.08379250764846802,0.20190735161304474,0.013230396434664726,-0.007020757533609867,0.2092796117067337,0.04273504391312599,-0.0009157509775832295,0.0,0.0,0.1419413983821869,-0.09157509356737137,-0.00024420025874860585,0.3275335729122162,0.0,0.0,-0.020268620923161507,0.004151404369622469,-0.00024420025874860585,0.004029304254800081,0.007448107935488224,0.08144078403711319,0.03431013599038124,-0.009890110231935978,0.08754578977823257,0.0406593419611454,-0.07362637668848038,-0.03821733966469765,0.04603174701333046,0.08046398311853409,0.03699633851647377,0.02967033162713051,0.09340659528970718,-0.033577535301446915,0.09951160103082657,-0.001831501955166459,0.49344828724861145,1.2196236848831177,0.5360522866249084,0.6008883714675903,1.0157052278518677,-1.27225923538208,-2.740837574005127,-0.08381737023591995,-0.5123643279075623,2.911792516708374,-3.766889810562134,-0.22312870621681213,-0.6894474625587463,1.3647947311401367,1.7658746242523193,0.8400967717170715,-0.15097308158874512,1.197432041168213,0.3898923993110657,-1.224577784538269,1.3711801767349243,0.6008872389793396,-0.3867510259151459,-0.7091761231422424,0.8900288939476013,1.1169767379760742,-0.45799538493156433,0.05571720376610756,1.3464161157608032,-0.13274843990802765,0.39287230372428894,-126.20977020263672,50.0,50.0,0.24675782024860382,0.0,0.0,150.0,50.0,0.6098397970199585,0.0,0.0,150.0,50.0,0.26802363991737366,0.0,0.0,50.0,50.0,0.3004584014415741,0.0,0.0,60.0,2.0,0.5078783631324768,0.0,0.0,60.0,2.0,-0.26179999113082886,0.0,0.0,50.0,50.0,-1.370387077331543,0.0,0.0,150.0,50.0,-0.0419783778488636,0.0,0.0,150.0,50.0,-0.25616204738616943,0.0,0.0,50.0,50.0,1.455920696258545,0.0,0.0,60.0,2.0,-0.5526700019836426,0.0,0.0,60.0,2.0,-0.11155811697244644,0.0,0.0,150.0,25.0,-0.3447362184524536,0.0,0.0,150.0,25.0,0.5199999809265137,0.0,0.0,150.0,25.0,0.5199999809265137,0.0,0.0,20.0,8.0,0.4200604259967804,0.0,0.0,20.0,8.0,-0.07548615336418152,0.0,0.0,20.0,8.0,0.5987386703491211,0.0,0.0,20.0,8.0,0.19490057229995728,0.0,0.0,10.0,1.0,-0.6122840642929077,0.0,0.0,10.0,1.0,0.6856350302696228,0.0,0.0,10.0,1.0,0.3004002273082733,0.0,0.0,20.0,8.0,-0.19336223602294922,0.0,0.0,20.0,8.0,-0.35461363196372986,0.0,0.0,20.0,8.0,0.44498565793037415,0.0,0.0,20.0,8.0,0.5584490895271301,0.0,0.0,10.0,1.0,-0.22901825606822968,0.0,0.0,10.0,1.0,0.02795119769871235,0.0,0.0,10.0,1.0,0.6729605197906494,0.0,0.0,1.0,0.10000000149011612,-0.06639350205659866,0.0,0.0,1.0,0.10000000149011612,0.19640293717384338,0.0,0.0,1.0,0.10000000149011612,0.0,0.0,0.0
1766995095.1055496,4.2721052169799805,0.03857668489217758,0.20674894750118256,0.4461100697517395,0.19329507615963445,0.19954409015810243,0.45872434973716736,0.8124229907989502,-0.1133212149143219,-0.15468832850456238,0.49267566204071045,-0.2580682039260864,0.7471198439598083,-0.07190432399511337,0.15550509095191956,0.9668498039245605,0.5273899435997009,-0.20199130475521088,-0.4761025011539459,0.4523261487483978,0.4369865655899048,0.17757686972618103,-0.0013351644156500697,0.1806286722421646,-0.28629741072654724,-0.4335469603538513,0.3568703830242157,0.08487831056118011,0.10051880776882172,-0.07801175117492676,0.20962081849575043,0.0013351644156500697,-0.4331654906272888,0.15545128285884857,0.6109330654144287,-0.08379250764846802,0.20190735161304474,0.013230396434664726,-0.007020757533609867,0.2092796117067337,0.04273504391312599,-0.0009157509775832295,0.0,0.0,0.1419413983821869,-0.09157509356737137,-0.00024420025874860585,0.3275335729122162,0.0,0.0,-0.020268620923161507,0.004151404369622469,-0.00024420025874860585,0.004029304254800081,0.007448107935488224,0.08144078403711319,0.03431013599038124,-0.009890110231935978,0.08754578977823257,0.0406593419611454,-0.07362637668848038,-0.03821733966469765,0.04603174701333046,0.08046398311853409,0.03699633851647377,0.02967033162713051,0.09340659528970718,-0.033577535301446915,0.09951160103082657,-0.001831501955166459,0.49351564049720764,1.219679594039917,0.5360472798347473,0.6009168028831482,1.0157567262649536,-1.272125244140625,-2.740774154663086,-0.0839567556977272,-0.5123240947723389,2.91184139251709,-3.7667996883392334,-0.22311623394489288,-0.6894724369049072,1.364780068397522,1.7658525705337524,0.8401208519935608,-0.15097230672836304,1.1974773406982422,0.38980114459991455,-1.2245681285858154,1.3712700605392456,0.6008004546165466,-0.38672447204589844,-0.7092272639274597,0.8899713158607483,1.1168981790542603,-0.45803651213645935,0.0559023953974247,1.3459210395812988,-0.13278700411319733,0.39280587434768677,-126.21379852294922,50.0,50.0,0.24678276479244232,0.0,0.0,150.0,50.0,0.6098545789718628,0.0,0.0,150.0,50.0,0.26802730560302734,0.0,0.0,50.0,50.0,0.30046936869621277,0.0,0.0,60.0,2.0,0.5078907608985901,0.0,0.0,60.0,2.0,-0.26179999113082886,0.0,0.0,50.0,50.0,-1.370367407798767,0.0,0.0,150.0,50.0,-0.04201837256550789,0.0,0.0,150.0,50.0,-0.25614455342292786,0.0,0.0,50.0,50.0,1.4559379816055298,0.0,0.0,60.0,2.0,-0.5526700019836426,0.0,0.0,60.0,2.0,-0.11154969781637192,0.0,0.0,150.0,25.0,-0.344738632440567,0.0,0.0,150.0,25.0,0.5199999809265137,0.0,0.0,150.0,25.0,0.5199999809265137,0.0,0.0,20.0,8.0,0.42008525133132935,0.0,0.0,20.0,8.0,-0.07547694444656372,0.0,0.0,20.0,8.0,0.5987630486488342,0.0,0.0,20.0,8.0,0.19486626982688904,0.0,0.0,10.0,1.0,-0.6122797131538391,0.0,0.0,10.0,1.0,0.6856653094291687,0.0,0.0,10.0,1.0,0.3003581166267395,0.0,0.0,20.0,8.0,-0.19335632026195526,0.0,0.0,20.0,8.0,-0.35463669896125793,0.0,0.0,20.0,8.0,0.4449661374092102,0.0,0.0,20.0,8.0,0.5584162473678589,0.0,0.0,10.0,1.0,-0.2290368527173996,0.0,0.0,10.0,1.0,0.028006689622998238,0.0,0.0,10.0,1.0,0.672733724117279,0.0,0.0,1.0,0.10000000149011612,-0.06641240417957306,0.0,0.0,1.0,0.10000000149011612,0.19636747241020203,0.0,0.0,1.0,0.10000000149011612,0.0,0.0,0.0
1766995095.1796575,4.346213102340698,0.03857668489217758,0.20674894750118256,0.4461100697517395,0.19329507615963445,0.19954409015810243,0.45872434973716736,0.8124229907989502,-0.1133212149143219,-0.15468832850456238,0.49267566204071045,-0.2580682039260864,0.7471198439598083,-0.07190432399511337,0.15550509095191956,0.9668498039245605,0.5273899435997009,-0.20199130475521088,-0.4761025011539459,0.4523261487483978,0.4369865655899048,0.17757686972618103,-0.0013351644156500697,0.1806286722421646,-0.28629741072654724,-0.4335469603538513,0.3568703830242157,0.08487831056118011,0.10051880776882172,-0.07801175117492676,0.20962081849575043,0.0013351644156500697,-0.4331654906272888,0.15545128285884857,0.6109330654144287,-0.08379250764846802,0.20190735161304474,0.013230396434664726,-0.007020757533609867,0.2092796117067337,0.04273504391312599,-0.0009157509775832295,0.0,0.0,0.1419413983821869,-0.09157509356737137,-0.00024420025874860585,0.3275335729122162,0.0,0.0,-0.020268620923161507,0.004151404369622469,-0.00024420025874860585,0.004029304254800081,0.007448107935488224,0.08144078403711319,0.03431013599038124,-0.009890110231935978,0.08754578977823257,0.0406593419611454,-0.07362637668848038,-0.03821733966469765,0.04603174701333046,0.08046398311853409,0.03699633851647377,0.02967033162713051,0.09340659528970718,-0.033577535301446915,0.09951160103082657,-0.001831501955166459,0.49356552958488464,1.2197091579437256,0.5360546112060547,0.6009387373924255,1.0157815217971802,-1.2720305919647217,-2.740734815597534,-0.08403674513101578,-0.5122891068458557,2.9118759632110596,-3.766735792160034,-0.22309939563274384,-0.689477264881134,1.3647664785385132,1.7658448219299316,0.8401705026626587,-0.15095388889312744,1.1975260972976685,0.3897325396537781,-1.2245594263076782,1.3713306188583374,0.600716233253479,-0.3867126405239105,-0.7092733979225159,0.8899322748184204,1.1168324947357178,-0.4580737054347992,0.056013379245996475,1.345467448234558,-0.13282480835914612,0.39273494482040405,-126.21660614013672,50.0,50.0,0.24680806696414948,0.0,0.0,150.0,50.0,0.6098726987838745,0.0,0.0,150.0,50.0,0.2680296003818512,0.0,0.0,50.0,50.0,0.3004777729511261,0.0,0.0,60.0,2.0,0.5079066157341003,0.0,0.0,60.0,2.0,-0.26179999113082886,0.0,0.0,50.0,50.0,-1.3703433275222778,0.0,0.0,150.0,50.0,-0.042064014822244644,0.0,0.0,150.0,50.0,-0.25612735748291016,0.0,0.0,50.0,50.0,1.455955147743225,0.0,0.0,60.0,2.0,-0.5526700019836426,0.0,0.0,60.0,2.0,-0.11154288798570633,0.0,0.0,150.0,25.0,-0.3447396457195282,0.0,0.0,150.0,25.0,0.5199999809265137,0.0,0.0,150.0,25.0,0.5199999809265137,0.0,0.0,20.0,8.0,0.4201197624206543,0.0,0.0,20.0,8.0,-0.07546648383140564,0.0,0.0,20.0,8.0,0.5987882614135742,0.0,0.0,20.0,8.0,0.19484218955039978,0.0,0.0,10.0,1.0,-0.6122857332229614,0.0,0.0,10.0,1.0,0.6857065558433533,0.0,0.0,10.0,1.0,0.30033329129219055,0.0,0.0,20.0,8.0,-0.19335567951202393,0.0,0.0,20.0,8.0,-0.35465070605278015,0.0,0.0,20.0,8.0,0.4449481666088104,0.0,0.0,20.0,8.0,0.5583842396736145,0.0,0.0,10.0,1.0,-0.22905750572681427,0.0,0.0,10.0,1.0,0.02806323952972889,0.0,0.0,10.0,1.0,0.6725087761878967,0.0,0.0,1.0,0.10000000149011612,-0.06642750650644302,0.0,0.0,1.0,0.10000000149011612,0.19632874429225922,0.0,0.0,1.0,0.10000000149011612,0.0,0.0,0.0
1766995095.2531264,4.419682025909424,0.03857668489217758,0.20674894750118256,0.4461100697517395,0.19329507615963445,0.19954409015810243,0.45872434973716736,0.8124229907989502,-0.1133212149143219,-0.15468832850456238,0.49267566204071045,-0.2580682039260864,0.7471198439598083,-0.07190432399511337,0.15550509095191956,0.9668498039245605,0.5273899435997009,-0.20199130475521088,-0.4761025011539459,0.4523261487483978,0.4369865655899048,0.17757686972618103,-0.0013351644156500697,0.1806286722421646,-0.28629741072654724,-0.4335469603538513,0.3568703830242157,0.08487831056118011,0.10051880776882172,-0.07801175117492676,0.20962081849575043,0.0013351644156500697,-0.4331654906272888,0.15545128285884857,0.6109330654144287,-0.08379250764846802,0.20190735161304474,0.013230396434664726,-0.007020757533609867,0.2092796117067337,0.04273504391312599,-0.0009157509775832295,0.0,0.0,0.1419413983821869,-0.09157509356737137,-0.00024420025874860585,0.3275335729122162,0.0,0.0,-0.020268620923161507,0.004151404369622469,-0.00024420025874860585,0.004029304254800081,0.007448107935488224,0.08144078403711319,0.03431013599038124,-0.009890110231935978,0.08754578977823257,0.0406593419611454,-0.07362637668848038,-0.03821733966469765,0.04603174701333046,0.08046398311853409,0.03699633851647377,0.02967033162713051,0.09340659528970718,-0.033577535301446915,0.09951160103082657,-0.001831501955166459,0.49361613392829895,1.219745397567749,0.5360592007637024,0.6009555459022522,1.0158132314682007,-1.271941065788269,-2.7406866550445557,-0.08412802964448929,-0.5122547149658203,2.91191029548645,-3.7666680812835693,-0.22308577597141266,-0.6894792914390564,1.3647551536560059,1.7658374309539795,0.8402395248413086,-0.15093296766281128,1.1975765228271484,0.38968437910079956,-1.2245714664459229,1.3714131116867065,0.6006665825843811,-0.38671135902404785,-0.7093014121055603,0.8898963332176208,1.116768479347229,-0.45811501145362854,0.05612647905945778,1.3450175523757935,-0.13285501301288605,0.39265748858451843,-126.21868896484375,50.0,50.0,0.24680812656879425,0.0,0.0,150.0,50.0,0.6098988652229309,0.0,0.0,150.0,50.0,0.268029123544693,0.0,0.0,50.0,50.0,0.3004743754863739,0.0,0.0,60.0,2.0,0.5079204440116882,0.0,0.0,60.0,2.0,-0.26179999113082886,0.0,0.0,50.0,50.0,-1.370323657989502,0.0,0.0,150.0,50.0,-0.042108308523893356,0.0,0.0,150.0,50.0,-0.25611332058906555,0.0,0.0,50.0,50.0,1.4559787511825562,0.0,0.0,60.0,2.0,-0.5526700019836426,0.0,0.0,60.0,2.0,-0.11154145002365112,0.0,0.0,150.0,25.0,-0.34473785758018494,0.0,0.0,150.0,25.0,0.5199999809265137,0.0,0.0,150.0,25.0,0.5199999809265137,0.0,0.0,20.0,8.0,0.4201616942882538,0.0,0.0,20.0,8.0,-0.07544812560081482,0.0,0.0,20.0,8.0,0.5988109111785889,0.0,0.0,20.0,8.0,0.19481876492500305,0.0,0.0,10.0,1.0,-0.6122958660125732,0.0,0.0,10.0,1.0,0.6857330799102783,0.0,0.0,10.0,1.0,0.3003237545490265,0.0,0.0,20.0,8.0,-0.19334189593791962,0.0,0.0,20.0,8.0,-0.3546765148639679,0.0,0.0,20.0,8.0,0.4449458122253418,0.0,0.0,20.0,8.0,0.5583539605140686,0.0,0.0,10.0,1.0,-0.22907494008541107,0.0,0.0,10.0,1.0,0.028128260746598244,0.0,0.0,10.0,1.0,0.672353208065033,0.0,0.0,1.0,0.10000000149011612,-0.06643682718276978,0.0,0.0,1.0,0.10000000149011612,0.19627977907657623,0.0,0.0,1.0,0.10000000149011612,0.0,0.0,0.0
1766995095.3263018,4.492857456207275,0.03857668489217758,0.20674894750118256,0.4461100697517395,0.19329507615963445,0.19954409015810243,0.45872434973716736,0.8124229907989502,-0.1133212149143219,-0.15468832850456238,0.49267566204071045,-0.2580682039260864,0.7471198439598083,-0.07190432399511337,0.15550509095191956,0.9668498039245605,0.5273899435997009,-0.20199130475521088,-0.4761025011539459,0.4523261487483978,0.4369865655899048,0.17757686972618103,-0.0013351644156500697,0.1806286722421646,-0.28629741072654724,-0.4335469603538513,0.3568703830242157,0.08487831056118011,0.10051880776882172,-0.07801175117492676,0.20962081849575043,0.0013351644156500697,-0.4331654906272888,0.15545128285884857,0.6109330654144287,-0.08379250764846802,0.20190735161304474,0.013230396434664726,-0.007020757533609867,0.2092796117067337,0.04273504391312599,-0.0009157509775832295,0.0,0.0,0.1419413983821869,-0.09157509356737137,-0.00024420025874860585,0.3275335729122162,0.0,0.0,-0.020268620923161507,0.004151404369622469,-0.00024420025874860585,0.004029304254800081,0.007448107935488224,0.08144078403711319,0.03431013599038124,-0.009890110231935978,0.08754578977823257,0.0406593419611454,-0.07362637668848038,-0.03821733966469765,0.04603174701333046,0.08046398311853409,0.03699633851647377,0.02967033162713051,0.09340659528970718,-0.033577535301446915,0.09951160103082657,-0.001831501955166459,0.4936162531375885,1.2197977304458618,0.536058247089386,0.6009487509727478,1.0158408880233765,-1.271871566772461,-2.740647315979004,-0.08421661704778671,-0.5122266411781311,2.9119575023651123,-3.766601800918579,-0.22308290004730225,-0.6894757151603699,1.3647476434707642,1.7658389806747437,0.8403233885765076,-0.15089625120162964,1.1976218223571777,0.3896375298500061,-1.2245917320251465,1.3714661598205566,0.600647509098053,-0.38668379187583923,-0.7093530297279358,0.8898916244506836,1.1167079210281372,-0.45814988017082214,0.05625652149319649,1.344706416130066,-0.13287365436553955,0.39255955815315247,-126.21856689453125,50.0,50.0,0.24681608378887177,0.0,0.0,150.0,50.0,0.6099267601966858,0.0,0.0,150.0,50.0,0.2680266499519348,0.0,0.0,50.0,50.0,0.3004772365093231,0.0,0.0,60.0,2.0,0.5079306364059448,0.0,0.0,60.0,2.0,-0.26179999113082886,0.0,0.0,50.0,50.0,-1.3702993392944336,0.0,0.0,150.0,50.0,-0.04216231033205986,0.0,0.0,150.0,50.0,-0.25609448552131653,0.0,0.0,50.0,50.0,1.4560043811798096,0.0,0.0,60.0,2.0,-0.5526700019836426,0.0,0.0,60.0,2.0,-0.11154130846261978,0.0,0.0,150.0,25.0,-0.3447393476963043,0.0,0.0,150.0,25.0,0.5199999809265137,0.0,0.0,150.0,25.0,0.5199999809265137,0.0,0.0,20.0,8.0,0.4201957881450653,0.0,0.0,20.0,8.0,-0.0754270851612091,0.0,0.0,20.0,8.0,0.5988353490829468,0.0,0.0,20.0,8.0,0.1947861611843109,0.0,0.0,10.0,1.0,-0.6122950315475464,0.0,0.0,10.0,1.0,0.6857568025588989,0.0,0.0,10.0,1.0,0.30030903220176697,0.0,0.0,20.0,8.0,-0.19333364069461823,0.0,0.0,20.0,8.0,-0.35470709204673767,0.0,0.0,20.0,8.0,0.4449376165866852,0.0,0.0,20.0,8.0,0.5583266615867615,0.0,0.0,10.0,1.0,-0.2290976196527481,0.0,0.0,10.0,1.0,0.02819584496319294,0.0,0.0,10.0,1.0,0.6722055673599243,0.0,0.0,1.0,0.10000000149011612,-0.0664484053850174,0.0,0.0,1.0,0.10000000149011612,0.19623616337776184,0.0,0.0,1.0,0.10000000149011612,0.0,0.0,0.0
1766995095.3994262,4.565981864929199,0.03857668489217758,0.20674894750118256,0.4461100697517395,0.19329507615963445,0.19954409015810243,0.45872434973716736,0.8124229907989502,-0.1133212149143219,-0.15468832850456238,0.49267566204071045,-0.2580682039260864,0.7471198439598083,-0.07190432399511337,0.15550509095191956,0.9668498039245605,0.5273899435997009,-0.20199130475521088,-0.4761025011539459,0.4523261487483978,0.4369865655899048,0.17757686972618103,-0.0013351644156500697,0.1806286722421646,-0.28629741072654724,-0.4335469603538513,0.3568703830242157,0.08487831056118011,0.10051880776882172,-0.07801175117492676,0.20962081849575043,0.0013351644156500697,-0.4331654906272888,0.15545128285884857,0.6109330654144287,-0.08379250764846802,0.20190735161304474,0.013230396434664726,-0.007020757533609867,0.2092796117067337,0.04273504391312599,-0.0009157509775832295,0.0,0.0,0.1419413983821869,-0.09157509356737137,-0.00024420025874860585,0.3275335729122162,0.0,0.0,-0.020268620923161507,0.004151404369622469,-0.00024420025874860585,0.004029304254800081,0.007448107935488224,0.08144078403711319,0.03431013599038124,-0.009890110231935978,0.08754578977823257,0.0406593419611454,-0.07362637668848038,-0.03821733966469765,0.04603174701333046,0.08046398311853409,0.03699633851647377,0.02967033162713051,0.09340659528970718,-0.033577535301446915,0.09951160103082657,-0.001831501955166459,0.49363216757774353,1.2198535203933716,0.5360532999038696,0.6009544730186462,1.0158612728118896,-1.2718077898025513,-2.740598678588867,-0.08432462066411972,-0.5121889710426331,2.912008762359619,-3.7665393352508545,-0.22308261692523956,-0.6894786953926086,1.3647401332855225,1.765833854675293,0.8403915762901306,-0.1508541703224182,1.1976706981658936,0.3895723223686218,-1.2245900630950928,1.3715136051177979,0.6006180644035339,-0.38666728138923645,-0.7094141840934753,0.8898752331733704,1.116653323173523,-0.4581952393054962,0.05639168992638588,1.3444111347198486,-0.1328968107700348,0.3924723267555237,-126.21927642822266,50.0,50.0,0.24681903421878815,0.0,0.0,150.0,50.0,0.6099424362182617,0.0,0.0,150.0,50.0,0.2680276930332184,0.0,0.0,50.0,50.0,0.30047714710235596,0.0,0.0,60.0,2.0,0.5079340934753418,0.0,0.0,60.0,2.0,-0.26179999113082886,0.0,0.0,50.0,50.0,-1.3702832460403442,0.0,0.0,150.0,50.0,-0.04219401255249977,0.0,0.0,150.0,50.0,-0.25608202815055847,0.0,0.0,50.0,50.0,1.4560186862945557,0.0,0.0,60.0,2.0,-0.5526700019836426,0.0,0.0,60.0,2.0,-0.11154117435216904,0.0,0.0,150.0,25.0,-0.3447403609752655,0.0,0.0,150.0,25.0,0.5199999809265137,0.0,0.0,150.0,25.0,0.5199999809265137,0.0,0.0,20.0,8.0,0.42022576928138733,0.0,0.0,20.0,8.0,-0.07541784644126892,0.0,0.0,20.0,8.0,0.598857581615448,0.0,0.0,20.0,8.0,0.19476333260536194,0.0,0.0,10.0,1.0,-0.6122938990592957,0.0,0.0,10.0,1.0,0.6857818961143494,0.0,0.0,10.0,1.0,0.30030015110969543,0.0,0.0,20.0,8.0,-0.19333097338676453,0.0,0.0,20.0,8.0,-0.35472428798675537,0.0,0.0,20.0,8.0,0.4449310004711151,0.0,0.0,20.0,8.0,0.5583083629608154,0.0,0.0,10.0,1.0,-0.22910763323307037,0.0,0.0,10.0,1.0,0.028241010382771492,0.0,0.0,10.0,1.0,0.6720860600471497,0.0,0.0,1.0,0.10000000149011612,-0.06645677238702774,0.0,0.0,1.0,0.10000000149011612,0.19620686769485474,0.0,0.0,1.0,0.10000000149011612,0.0,0.0,0.0
1766995095.477686,4.644241571426392,0.03857668489217758,0.20674894750118256,0.4461100697517395,0.19329507615963445,0.19954409015810243,0.45872434973716736,0.8124229907989502,-0.1133212149143219,-0.15468832850456238,0.49267566204071045,-0.2580682039260864,0.7471198439598083,-0.07190432399511337,0.15550509095191956,0.9668498039245605,0.5273899435997009,-0.20199130475521088,-0.4761025011539459,0.4523261487483978,0.4369865655899048,0.17757686972618103,-0.0013351644156500697,0.1806286722421646,-0.28629741072654724,-0.4335469603538513,0.3568703830242157,0.08487831056118011,0.10051880776882172,-0.07801175117492676,0.20962081849575043,0.0013351644156500697,-0.4331654906272888,0.15545128285884857,0.6109330654144287,-0.08379250764846802,0.20190735161304474,0.013230396434664726,-0.007020757533609867,0.2092796117067337,0.04273504391312599,-0.0009157509775832295,0.0,0.0,0.1419413983821869,-0.09157509356737137,-0.00024420025874860585,0.3275335729122162,0.0,0.0,-0.020268620923161507,0.004151404369622469,-0.00024420025874860585,0.004029304254800081,0.007448107935488224,0.08144078403711319,0.03431013599038124,-0.009890110231935978,0.08754578977823257,0.0406593419611454,-0.07362637668848038,-0.03821733966469765,0.04603174701333046,0.08046398311853409,0.03699633851647377,0.02967033162713051,0.09340659528970718,-0.033577535301446915,0.09951160103082657,-0.001831501955166459,0.4936380684375763,1.2198848724365234,0.5360553860664368,0.6009542942047119,1.0158681869506836,-1.2717781066894531,-2.7405664920806885,-0.08438802510499954,-0.5121640563011169,2.9120373725891113,-3.766493320465088,-0.22308234870433807,-0.689480721950531,1.3647319078445435,1.7658374309539795,0.8404515385627747,-0.15083569288253784,1.197715163230896,0.3895266652107239,-1.2245877981185913,1.3715637922286987,0.6006003022193909,-0.38666194677352905,-0.7094485759735107,0.8898620009422302,1.1166167259216309,-0.45821526646614075,0.056482020765542984,1.3441721200942993,-0.13291354477405548,0.3924137353897095,-126.2198257446289,50.0,50.0,0.24681787192821503,0.0,0.0,150.0,50.0,0.6099544167518616,0.0,0.0,150.0,50.0,0.2680302858352661,0.0,0.0,50.0,50.0,0.3004745841026306,0.0,0.0,60.0,2.0,0.5079336762428284,0.0,0.0,60.0,2.0,-0.26179999113082886,0.0,0.0,50.0,50.0,-1.3702683448791504,0.0,0.0,150.0,50.0,-0.042218808084726334,0.0,0.0,150.0,50.0,-0.25607287883758545,0.0,0.0,50.0,50.0,1.456028938293457,0.0,0.0,60.0,2.0,-0.5526700019836426,0.0,0.0,60.0,2.0,-0.11154615134000778,0.0,0.0,150.0,25.0,-0.34473925828933716,0.0,0.0,150.0,25.0,0.5199999809265137,0.0,0.0,150.0,25.0,0.5199999809265137,0.0,0.0,20.0,8.0,0.4202517569065094,0.0,0.0,20.0,8.0,-0.07540377974510193,0.0,0.0,20.0,8.0,0.5988763570785522,0.0,0.0,20.0,8.0,0.19474384188652039,0.0,0.0,10.0,1.0,-0.6122941970825195,0.0,0.0,10.0,1.0,0.6858198046684265,0.0,0.0,10.0,1.0,0.300314337015152,0.0,0.0,20.0,8.0,-0.19332440197467804,0.0,0.0,20.0,8.0,-0.3547437787055969,0.0,0.0,20.0,8.0,0.44491976499557495,0.0,0.0,20.0,8.0,0.5582849979400635,0.0,0.0,10.0,1.0,-0.22911681234836578,0.0,0.0,10.0,1.0,0.028265925124287605,0.0,0.0,10.0,1.0,0.6720172166824341,0.0,0.0,1.0,0.10000000149011612,-0.06646756827831268,0.0,0.0,1.0,0.10000000149011612,0.19618482887744904,0.0,0.0,1.0,0.10000000149011612,0.0,0.0,0.0
1766995095.5518417,4.718397378921509,0.03857668489217758,0.20674894750118256,0.4461100697517395,0.19329507615963445,0.19954409015810243,0.45872434973716736,0.8124229907989502,-0.1133212149143219,-0.15468832850456238,0.49267566204071045,-0.2580682039260864,0.7471198439598083,-0.07190432399511337,0.15550509095191956,0.9668498039245605,0.5273899435997009,-0.20199130475521088,-0.4761025011539459,0.4523261487483978,0.4369865655899048,0.17757686972618103,-0.0013351644156500697,0.1806286722421646,-0.28629741072654724,-0.4335469603538513,0.3568703830242157,0.08487831056118011,0.10051880776882172,-0.07801175117492676,0.20962081849575043,0.0013351644156500697,-0.4331654906272888,0.15545128285884857,0.6109330654144287,-0.08379250764846802,0.20190735161304474,0.013230396434664726,-0.007020757533609867,0.2092796117067337,0.04273504391312599,-0.0009157509775832295,0.0,0.0,0.1419413983821869,-0.09157509356737137,-0.00024420025874860585,0.3275335729122162,0.0,0.0,-0.020268620923161507,0.004151404369622469,-0.00024420025874860585,0.004029304254800081,0.007448107935488224,0.08144078403711319,0.03431013599038124,-0.009890110231935978,0.08754578977823257,0.0406593419611454,-0.07362637668848038,-0.03821733966469765,0.04603174701333046,0.08046398311853409,0.03699633851647377,0.02967033162713051,0.09340659528970718,-0.033577535301446915,0.09951160103082657,-0.001831501955166459,0.49363574385643005,1.2199088335037231,0.5360605716705322,0.6009491682052612,1.0158673524856567,-1.2717641592025757,-2.740536689758301,-0.08443761616945267,-0.5121457576751709,2.912057876586914,-3.7664482593536377,-0.22309230268001556,-0.6894785165786743,1.3647220134735107,1.7658394575119019,0.8405035138130188,-0.15080755949020386,1.1977527141571045,0.38948768377304077,-1.224588394165039,1.371639609336853,0.600628674030304,-0.3866488039493561,-0.7094875574111938,0.8898395299911499,1.116569995880127,-0.45823362469673157,0.05653185024857521,1.3440344333648682,-0.13293513655662537,0.39236965775489807,-126.22005462646484,50.0,50.0,0.24681402742862701,0.0,0.0,150.0,50.0,0.6099618077278137,0.0,0.0,150.0,50.0,0.26803165674209595,0.0,0.0,50.0,50.0,0.30047348141670227,0.0,0.0,60.0,2.0,0.5079323649406433,0.0,0.0,60.0,2.0,-0.26179999113082886,0.0,0.0,50.0,50.0,-1.3702611923217773,0.0,0.0,150.0,50.0,-0.04223618283867836,0.0,0.0,150.0,50.0,-0.25606516003608704,0.0,0.0,50.0,50.0,1.4560383558273315,0.0,0.0,60.0,2.0,-0.5526700019836426,0.0,0.0,60.0,2.0,-0.11154501885175705,0.0,0.0,150.0,25.0,-0.3447396755218506,0.0,0.0,150.0,25.0,0.5199999809265137,0.0,0.0,150.0,25.0,0.5199999809265137,0.0,0.0,20.0,8.0,0.42026105523109436,0.0,0.0,20.0,8.0,-0.07540091872215271,0.0,0.0,20.0,8.0,0.5988893508911133,0.0,0.0,20.0,8.0,0.19472959637641907,0.0,0.0,10.0,1.0,-0.6122931241989136,0.0,0.0,10.0,1.0,0.6858289837837219,0.0,0.0,10.0,1.0,0.30031371116638184,0.0,0.0,20.0,8.0,-0.19331598281860352,0.0,0.0,20.0,8.0,-0.35475122928619385,0.0,0.0,20.0,8.0,0.44491061568260193,0.0,0.0,20.0,8.0,0.5582672953605652,0.0,0.0,10.0,1.0,-0.2291252464056015,0.0,0.0,10.0,1.0,0.02829618938267231,0.0,0.0,10.0,1.0,0.6719700694084167,0.0,0.0,1.0,0.10000000149011612,-0.06647216528654099,0.0,0.0,1.0,0.10000000149011612,0.19617122411727905,0.0,0.0,1.0,0.10000000149011612,0.0,0.0,0.0
1766995095.6338992,4.80045485496521,0.03857668489217758,0.20674894750118256,0.4461100697517395,0.19329507615963445,0.19954409015810243,0.45872434973716736,0.8124229907989502,-0.1133212149143219,-0.15468832850456238,0.49267566204071045,-0.2580682039260864,0.7471198439598083,-0.07190432399511337,0.15550509095191956,0.9668498039245605,0.5273899435997009,-0.20199130475521088,-0.4761025011539459,0.4523261487483978,0.4369865655899048,0.17757686972618103,-0.0013351644156500697,0.1806286722421646,-0.28629741072654724,-0.4335469603538513,0.3568703830242157,0.08487831056118011,0.10051880776882172,-0.07801175117492676,0.20962081849575043,0.0013351644156500697,-0.4331654906272888,0.15545128285884857,0.6109330654144287,-0.08379250764846802,0.20190735161304474,0.013230396434664726,-0.007020757533609867,0.2092796117067337,0.04273504391312599,-0.0009157509775832295,0.0,0.0,0.1419413983821869,-0.09157509356737137,-0.00024420025874860585,0.3275335729122162,0.0,0.0,-0.020268620923161507,0.004151404369622469,-0.00024420025874860585,0.004029304254800081,0.007448107935488224,0.08144078403711319,0.03431013599038124,-0.009890110231935978,0.08754578977823257,0.0406593419611454,-0.07362637668848038,-0.03821733966469765,0.04603174701333046,0.08046398311853409,0.03699633851647377,0.02967033162713051,0.09340659528970718,-0.033577535301446915,0.09951160103082657,-0.001831501955166459,0.49362805485725403,1.2199236154556274,0.5360633134841919,0.6009469628334045,1.0158647298812866,-1.2717475891113281,-2.7405223846435547,-0.08447236567735672,-0.5121303200721741,2.912076711654663,-3.766425609588623,-0.2230900377035141,-0.6894793510437012,1.364714503288269,1.7658417224884033,0.8405221104621887,-0.15080183744430542,1.1977787017822266,0.38945919275283813,-1.2245862483978271,1.3716579675674438,0.6006274223327637,-0.38663196563720703,-0.7095024585723877,0.8898212313652039,1.1165345907211304,-0.458250492811203,0.05659237876534462,1.3439401388168335,-0.13294433057308197,0.3923424482345581,-126.22038269042969,50.0,50.0,0.24681104719638824,0.0,0.0,150.0,50.0,0.6099662184715271,0.0,0.0,150.0,50.0,0.26803210377693176,0.0,0.0,50.0,50.0,0.30047300457954407,0.0,0.0,60.0,2.0,0.5079324841499329,0.0,0.0,60.0,2.0,-0.26179999113082886,0.0,0.0,50.0,50.0,-1.370255708694458,0.0,0.0,150.0,50.0,-0.04224686697125435,0.0,0.0,150.0,50.0,-0.2560616135597229,0.0,0.0,50.0,50.0,1.4560428857803345,0.0,0.0,60.0,2.0,-0.5526700019836426,0.0,0.0,60.0,2.0,-0.11154463142156601,0.0,0.0,150.0,25.0,-0.34473901987075806,0.0,0.0,150.0,25.0,0.5199999809265137,0.0,0.0,150.0,25.0,0.5199999809265137,0.0,0.0,20.0,8.0,0.4202655851840973,0.0,0.0,20.0,8.0,-0.07539626955986023,0.0,0.0,20.0,8.0,0.5988951325416565,0.0,0.0,20.0,8.0,0.194721519947052,0.0,0.0,10.0,1.0,-0.6122918725013733,0.0,0.0,10.0,1.0,0.6858421564102173,0.0,0.0,10.0,1.0,0.30030959844589233,0.0,0.0,20.0,8.0,-0.19331853091716766,0.0,0.0,20.0,8.0,-0.35475751757621765,0.0,0.0,20.0,8.0,0.44490787386894226,0.0,0.0,20.0,8.0,0.5582593679428101,0.0,0.0,10.0,1.0,-0.22912628948688507,0.0,0.0,10.0,1.0,0.028309227898716927,0.0,0.0,10.0,1.0,0.671932578086853,0.0,0.0,1.0,0.10000000149011612,-0.06647595018148422,0.0,0.0,1.0,0.10000000149011612,0.1961616426706314,0.0,0.0,1.0,0.10000000149011612,0.0,0.0,0.0
1766995095.7076807,4.874236345291138,0.03857668489217758,0.20674894750118256,0.4461100697517395,0.19329507615963445,0.19954409015810243,0.45872434973716736,0.8124229907989502,-0.1133212149143219,-0.15468832850456238,0.49267566204071045,-0.2580682039260864,0.7471198439598083,-0.07190432399511337,0.15550509095191956,0.9668498039245605,0.5273899435997009,-0.20199130475521088,-0.4761025011539459,0.4523261487483978,0.4369865655899048,0.17757686972618103,-0.0013351644156500697,0.1806286722421646,-0.28629741072654724,-0.4335469603538513,0.3568703830242157,0.08487831056118011,0.10051880776882172,-0.07801175117492676,0.20962081849575043,0.0013351644156500697,-0.4331654906272888,0.15545128285884857,0.6109330654144287,-0.08379250764846802,0.20190735161304474,0.013230396434664726,-0.007020757533609867,0.2092796117067337,0.04273504391312599,-0.0009157509775832295,0.0,0.0,0.1419413983821869,-0.09157509356737137,-0.00024420025874860585,0.3275335729122162,0.0,0.0,-0.020268620923161507,0.004151404369622469,-0.00024420025874860585,0.004029304254800081,0.007448107935488224,0.08144078403711319,0.03431013599038124,-0.009890110231935978,0.08754578977823257,0.0406593419611454,-0.07362637668848038,-0.03821733966469765,0.04603174701333046,0.08046398311853409,0.03699633851647377,0.02967033162713051,0.09340659528970718,-0.033577535301446915,0.09951160103082657,-0.001831501955166459,0.4936220943927765,1.2199324369430542,0.5360642075538635,0.6009460091590881,1.0158649682998657,-1.2717459201812744,-2.740511417388916,-0.0844937339425087,-0.5121232271194458,2.912085771560669,-3.766406774520874,-0.22308926284313202,-0.6894780397415161,1.364713430404663,1.7658438682556152,0.8405311703681946,-0.15079253911972046,1.197790265083313,0.389443039894104,-1.2245837450027466,1.3716843128204346,0.6006191968917847,-0.3866370618343353,-0.7095150351524353,0.8898157477378845,1.1165187358856201,-0.45825257897377014,0.05661845579743385,1.343865156173706,-0.13295190036296844,0.3923232853412628,-126.2206802368164,50.0,50.0,0.24681665003299713,0.0,0.0,150.0,50.0,0.6099607944488525,0.0,0.0,150.0,50.0,0.2680326998233795,0.0,0.0,50.0,50.0,0.3004768192768097,0.0,0.0,60.0,2.0,0.5079318881034851,0.0,0.0,60.0,2.0,-0.26179999113082886,0.0,0.0,50.0,50.0,-1.3702621459960938,0.0,0.0,150.0,50.0,-0.042243074625730515,0.0,0.0,150.0,50.0,-0.2560601532459259,0.0,0.0,50.0,50.0,1.456046462059021,0.0,0.0,60.0,2.0,-0.5526700019836426,0.0,0.0,60.0,2.0,-0.11153526604175568,0.0,0.0,150.0,25.0,-0.3447382152080536,0.0,0.0,150.0,25.0,0.5199999809265137,0.0,0.0,150.0,25.0,0.5199999809265137,0.0,0.0,20.0,8.0,0.4202567934989929,0.0,0.0,20.0,8.0,-0.07540649175643921,0.0,0.0,20.0,8.0,0.598896861076355,0.0,0.0,20.0,8.0,0.19472795724868774,0.0,0.0,10.0,1.0,-0.6122961044311523,0.0,0.0,10.0,1.0,0.685811460018158,0.0,0.0,10.0,1.0,0.3002757132053375,0.0,0.0,20.0,8.0,-0.19331887364387512,0.0,0.0,20.0,8.0,-0.3547394573688507,0.0,0.0,20.0,8.0,0.4449150264263153,0.0,0.0,20.0,8.0,0.5582583546638489,0.0,0.0,10.0,1.0,-0.2291339486837387,0.0,0.0,10.0,1.0,0.028314830735325813,0.0,0.0,10.0,1.0,0.6719005107879639,0.0,0.0,1.0,0.10000000149011612,-0.0664714127779007,0.0,0.0,1.0,0.10000000149011612,0.19616444408893585,0.0,0.0,1.0,0.10000000149011612,0.0,0.0,0.0
1766995095.783029,4.949584722518921,0.03857668489217758,0.20674894750118256,0.4461100697517395,0.19329507615963445,0.19954409015810243,0.45872434973716736,0.8124229907989502,-0.1133212149143219,-0.15468832850456238,0.49267566204071045,-0.2580682039260864,0.7471198439598083,-0.07190432399511337,0.15550509095191956,0.9668498039245605,0.5273899435997009,-0.20199130475521088,-0.4761025011539459,0.4523261487483978,0.4369865655899048,0.17757686972618103,-0.0013351644156500697,0.1806286722421646,-0.28629741072654724,-0.4335469603538513,0.3568703830242157,0.08487831056118011,0.10051880776882172,-0.07801175117492676,0.20962081849575043,0.0013351644156500697,-0.4331654906272888,0.15545128285884857,0.6109330654144287,-0.08379250764846802,0.20190735161304474,0.013230396434664726,-0.007020757533609867,0.2092796117067337,0.04273504391312599,-0.0009157509775832295,0.0,0.0,0.1419413983821869,-0.09157509356737137,-0.00024420025874860585,0.3275335729122162,0.0,0.0,-0.020268620923161507,0.004151404369622469,-0.00024420025874860585,0.004029304254800081,0.007448107935488224,0.08144078403711319,0.03431013599038124,-0.009890110231935978,0.08754578977823257,0.0406593419611454,-0.07362637668848038,-0.03821733966469765,0.04603174701333046,0.08046398311853409,0.03699633851647377,0.02967033162713051,0.09340659528970718,-0.033577535301446915,0.09951160103082657,-0.001831501955166459,0.49363330006599426,1.219921588897705,0.536065399646759,0.6009536385536194,1.0158637762069702,-1.2717342376708984,-2.7405242919921875,-0.08448614925146103,-0.5121203064918518,2.912092924118042,-3.766422986984253,-0.22307053208351135,-0.6894764304161072,1.36471426486969,1.7658450603485107,0.8405135869979858,-0.15081298351287842,1.19779372215271,0.3894559144973755,-1.2245922088623047,1.371622920036316,0.600551426410675,-0.38663774728775024,-0.7094789147377014,0.8898300528526306,1.1165167093276978,-0.4582678973674774,0.05662966147065163,1.3438010215759277,-0.1329428255558014,0.3923288881778717,-126.2208251953125,50.0,50.0,0.24681346118450165,0.0,0.0,150.0,50.0,0.6099653244018555,0.0,0.0,150.0,50.0,0.2680329382419586,0.0,0.0,50.0,50.0,0.30047836899757385,0.0,0.0,60.0,2.0,0.5079331398010254,0.0,0.0,60.0,2.0,-0.26179999113082886,0.0,0.0,50.0,50.0,-1.3702671527862549,0.0,0.0,150.0,50.0,-0.04224834218621254,0.0,0.0,150.0,50.0,-0.2560579776763916,0.0,0.0,50.0,50.0,1.456054925918579,0.0,0.0,60.0,2.0,-0.5526700019836426,0.0,0.0,60.0,2.0,-0.11153306812047958,0.0,0.0,150.0,25.0,-0.34473562240600586,0.0,0.0,150.0,25.0,0.5199999809265137,0.0,0.0,150.0,25.0,0.5199999809265137,0.0,0.0,20.0,8.0,0.42025789618492126,0.0,0.0,20.0,8.0,-0.07540372014045715,0.0,0.0,20.0,8.0,0.5988962650299072,0.0,0.0,20.0,8.0,0.19472888112068176,0.0,0.0,10.0,1.0,-0.6122970581054688,0.0,0.0,10.0,1.0,0.6858100891113281,0.0,0.0,10.0,1.0,0.3002704977989197,0.0,0.0,20.0,8.0,-0.19331084191799164,0.0,0.0,20.0,8.0,-0.3547404706478119,0.0,0.0,20.0,8.0,0.4449101388454437,0.0,0.0,20.0,8.0,0.5582528114318848,0.0,0.0,10.0,1.0,-0.2291421741247177,0.0,0.0,10.0,1.0,0.02831430919468403,0.0,0.0,10.0,1.0,0.6718631386756897,0.0,0.0,1.0,0.10000000149011612,-0.06647465378046036,0.0,0.0,1.0,0.10000000149011612,0.19616195559501648,0.0,0.0,1.0,0.10000000149011612,0.0,0.0,0.0
1766995095.8573368,5.023892402648926,0.03857668489217758,0.20674894750118256,0.4461100697517395,0.19329507615963445,0.19954409015810243,0.45872434973716736,0.8124229907989502,-0.1133212149143219,-0.15468832850456238,0.49267566204071045,-0.2580682039260864,0.7471198439598083,-0.07190432399511337,0.15550509095191956,0.9668498039245605,0.5273899435997009,-0.20199130475521088,-0.4761025011539459,0.4523261487483978,0.4369865655899048,0.17757686972618103,-0.0013351644156500697,0.1806286722421646,-0.28629741072654724,-0.4335469603538513,0.3568703830242157,0.08487831056118011,0.10051880776882172,-0.07801175117492676,0.20962081849575043,0.0013351644156500697,-0.4331654906272888,0.15545128285884857,0.6109330654144287,-0.08379250764846802,0.20190735161304474,0.013230396434664726,-0.007020757533609867,0.2092796117067337,0.04273504391312599,-0.0009157509775832295,0.0,0.0,0.1419413983821869,-0.09157509356737137,-0.00024420025874860585,0.3275335729122162,0.0,0.0,-0.020268620923161507,0.004151404369622469,-0.00024420025874860585,0.004029304254800081,0.007448107935488224,0.08144078403711319,0.03431013599038124,-0.009890110231935978,0.08754578977823257,0.0406593419611454,-0.07362637668848038,-0.03821733966469765,0.04603174701333046,0.08046398311853409,0.03699633851647377,0.02967033162713051,0.09340659528970718,-0.033577535301446915,0.09951160103082657,-0.001831501955166459,0.4936269223690033,1.219930648803711,0.5360658764839172,0.6009567379951477,1.0158662796020508,-1.2717241048812866,-2.7405343055725098,-0.08449668437242508,-0.5121159553527832,2.912109851837158,-3.7664215564727783,-0.22306613624095917,-0.6894712448120117,1.3647115230560303,1.7658482789993286,0.8405157923698425,-0.1508074402809143,1.1977925300598145,0.3894577622413635,-1.2245941162109375,1.3716201782226562,0.6005409955978394,-0.3866216838359833,-0.7094809412956238,0.8898202776908875,1.1165056228637695,-0.4582843482494354,0.05662861838936806,1.3437262773513794,-0.13294930756092072,0.39232391119003296,-126.22067260742188,50.0,50.0,0.24681337177753448,0.0,0.0,150.0,50.0,0.6099692583084106,0.0,0.0,150.0,50.0,0.26803308725357056,0.0,0.0,50.0,50.0,0.3004784882068634,0.0,0.0,60.0,2.0,0.5079357028007507,0.0,0.0,60.0,2.0,-0.26179999113082886,0.0,0.0,50.0,50.0,-1.3702646493911743,0.0,0.0,150.0,50.0,-0.04225735738873482,0.0,0.0,150.0,50.0,-0.2560550570487976,0.0,0.0,50.0,50.0,1.456059455871582,0.0,0.0,60.0,2.0,-0.5526700019836426,0.0,0.0,60.0,2.0,-0.11153499782085419,0.0,0.0,150.0,25.0,-0.34473535418510437,0.0,0.0,150.0,25.0,0.5199999809265137,0.0,0.0,150.0,25.0,0.5199999809265137,0.0,0.0,20.0,8.0,0.42026349902153015,0.0,0.0,20.0,8.0,-0.07540014386177063,0.0,0.0,20.0,8.0,0.5989009737968445,0.0,0.0,20.0,8.0,0.19472405314445496,0.0,0.0,10.0,1.0,-0.6122972965240479,0.0,0.0,10.0,1.0,0.6858255863189697,0.0,0.0,10.0,1.0,0.3002803921699524,0.0,0.0,20.0,8.0,-0.1933043748140335,0.0,0.0,20.0,8.0,-0.35474735498428345,0.0,0.0,20.0,8.0,0.4449029862880707,0.0,0.0,20.0,8.0,0.5582465529441833,0.0,0.0,10.0,1.0,-0.22914712131023407,0.0,0.0,10.0,1.0,0.028318779543042183,0.0,0.0,10.0,1.0,0.6718490123748779,0.0,0.0,1.0,0.10000000149011612,-0.06647875905036926,0.0,0.0,1.0,0.10000000149011612,0.1961551010608673,0.0,0.0,1.0,0.10000000149011612,0.0,0.0,0.0
1766995095.9312623,5.097817897796631,0.03857668489217758,0.20674894750118256,0.4461100697517395,0.19329507615963445,0.19954409015810243,0.45872434973716736,0.8124229907989502,-0.1133212149143219,-0.15468832850456238,0.49267566204071045,-0.2580682039260864,0.7471198439598083,-0.07190432399511337,0.15550509095191956,0.9668498039245605,0.5273899435997009,-0.20199130475521088,-0.4761025011539459,0.4523261487483978,0.4369865655899048,0.17757686972618103,-0.0013351644156500697,0.1806286722421646,-0.28629741072654724,-0.4335469603538513,0.3568703830242157,0.08487831056118011,0.10051880776882172,-0.07801175117492676,0.20962081849575043,0.0013351644156500697,-0.4331654906272888,0.15545128285884857,0.6109330654144287,-0.08379250764846802,0.20190735161304474,0.013230396434664726,-0.007020757533609867,0.2092796117067337,0.04273504391312599,-0.0009157509775832295,0.0,0.0,0.1419413983821869,-0.09157509356737137,-0.00024420025874860585,0.3275335729122162,0.0,0.0,-0.020268620923161507,0.004151404369622469,-0.00024420025874860585,0.004029304254800081,0.007448107935488224,0.08144078403711319,0.03431013599038124,-0.009890110231935978,0.08754578977823257,0.0406593419611454,-0.07362637668848038,-0.03821733966469765,0.04603174701333046,0.08046398311853409,0.03699633851647377,0.02967033162713051,0.09340659528970718,-0.033577535301446915,0.09951160103082657,-0.001831501955166459,0.49362674355506897,1.2199385166168213,0.5360661745071411,0.6009569764137268,1.0158714056015015,-1.271710991859436,-2.7405292987823486,-0.08451471477746964,-0.5121101140975952,2.912118911743164,-3.7664072513580322,-0.22306999564170837,-0.6894707083702087,1.364709734916687,1.7658487558364868,0.8405269980430603,-0.15080028772354126,1.197801947593689,0.3894481062889099,-1.2245945930480957,1.3716511726379395,0.6005607843399048,-0.386608749628067,-0.7094947099685669,0.8898059725761414,1.1164931058883667,-0.45829424262046814,0.056637559086084366,1.3436980247497559,-0.13295751810073853,0.3923102021217346,-126.22065734863281,50.0,50.0,0.2468075007200241,0.0,0.0,150.0,50.0,0.6099754571914673,0.0,0.0,150.0,50.0,0.26803141832351685,0.0,0.0,50.0,50.0,0.30047890543937683,0.0,0.0,60.0,2.0,0.5079379677772522,0.0,0.0,60.0,2.0,-0.26179999113082886,0.0,0.0,50.0,50.0,-1.3702669143676758,0.0,0.0,150.0,50.0,-0.0422668494284153,0.0,0.0,150.0,50.0,-0.2560522258281708,0.0,0.0,50.0,50.0,1.456067681312561,0.0,0.0,60.0,2.0,-0.5526700019836426,0.0,0.0,60.0,2.0,-0.11153408139944077,0.0,0.0,150.0,25.0,-0.3447336256504059,0.0,0.0,150.0,25.0,0.5199999809265137,0.0,0.0,150.0,25.0,0.5199999809265137,0.0,0.0,20.0,8.0,0.420257568359375,0.0,0.0,20.0,8.0,-0.07539701461791992,0.0,0.0,20.0,8.0,0.598900318145752,0.0,0.0,20.0,8.0,0.19471895694732666,0.0,0.0,10.0,1.0,-0.6122958660125732,0.0,0.0,10.0,1.0,0.6858197450637817,0.0,0.0,10.0,1.0,0.300273060798645,0.0,0.0,20.0,8.0,-0.19329166412353516,0.0,0.0,20.0,8.0,-0.35475197434425354,0.0,0.0,20.0,8.0,0.44490042328834534,0.0,0.0,20.0,8.0,0.5582317113876343,0.0,0.0,10.0,1.0,-0.2291547805070877,0.0,0.0,10.0,1.0,0.02833140827715397,0.0,0.0,10.0,1.0,0.671848714351654,0.0,0.0,1.0,0.10000000149011612,-0.0664801299571991,0.0,0.0,1.0,0.10000000149011612,0.19615714251995087,0.0,0.0,1.0,0.10000000149011612,0.0,0.0,0.0
1766995096.0060437,5.1725993156433105,0.03857668489217758,0.20674894750118256,0.4461100697517395,0.19329507615963445,0.19954409015810243,0.45872434973716736,0.8124229907989502,-0.1133212149143219,-0.15468832850456238,0.49267566204071045,-0.2580682039260864,0.7471198439598083,-0.07190432399511337,0.15550509095191956,0.9668498039245605,0.5273899435997009,-0.20199130475521088,-0.4761025011539459,0.4523261487483978,0.4369865655899048,0.17757686972618103,-0.0013351644156500697,0.1806286722421646,-0.28629741072654724,-0.4335469603538513,0.3568703830242157,0.08487831056118011,0.10051880776882172,-0.07801175117492676,0.20962081849575043,0.0013351644156500697,-0.4331654906272888,0.15545128285884857,0.6109330654144287,-0.08379250764846802,0.20190735161304474,0.013230396434664726,-0.007020757533609867,0.2092796117067337,0.04273504391312599,-0.0009157509775832295,0.0,0.0,0.1419413983821869,-0.09157509356737137,-0.00024420025874860585,0.3275335729122162,0.0,0.0,-0.020268620923161507,0.004151404369622469,-0.00024420025874860585,0.004029304254800081,0.007448107935488224,0.08144078403711319,0.03431013599038124,-0.009890110231935978,0.08754578977823257,0.0406593419611454,-0.07362637668848038,-0.03821733966469765,0.04603174701333046,0.08046398311853409,0.03699633851647377,0.02967033162713051,0.09340659528970718,-0.033577535301446915,0.09951160103082657,-0.001831501955166459,0.4936150014400482,1.2199509143829346,0.5360628366470337,0.6009578108787537,1.0158759355545044,-1.2717012166976929,-2.7405338287353516,-0.0845336988568306,-0.5121044516563416,2.912135362625122,-3.7664029598236084,-0.22306816279888153,-0.6894672513008118,1.3647080659866333,1.7658486366271973,0.84051513671875,-0.15079402923583984,1.197800636291504,0.3894379138946533,-1.2245917320251465,1.3716394901275635,0.60054612159729,-0.3865833282470703,-0.7095039486885071,0.8898008465766907,1.1164634227752686,-0.4583095610141754,0.05666281655430794,1.343697428703308,-0.1329602599143982,0.39231428503990173,-126.22069549560547,50.0,50.0,0.2468082457780838,0.0,0.0,150.0,50.0,0.6099714040756226,0.0,0.0,150.0,50.0,0.2680348753929138,0.0,0.0,50.0,50.0,0.3004763126373291,0.0,0.0,60.0,2.0,0.5079354643821716,0.0,0.0,60.0,2.0,-0.26179999113082886,0.0,0.0,50.0,50.0,-1.3702605962753296,0.0,0.0,150.0,50.0,-0.04226330295205116,0.0,0.0,150.0,50.0,-0.25605225563049316,0.0,0.0,50.0,50.0,1.456061840057373,0.0,0.0,60.0,2.0,-0.5526700019836426,0.0,0.0,60.0,2.0,-0.11153654754161835,0.0,0.0,150.0,25.0,-0.34473615884780884,0.0,0.0,150.0,25.0,0.5199999809265137,0.0,0.0,150.0,25.0,0.5199999809265137,0.0,0.0,20.0,8.0,0.4202723801136017,0.0,0.0,20.0,8.0,-0.07539680600166321,0.0,0.0,20.0,8.0,0.5989077687263489,0.0,0.0,20.0,8.0,0.1947171986103058,0.0,0.0,10.0,1.0,-0.6122957468032837,0.0,0.0,10.0,1.0,0.6858340501785278,0.0,0.0,10.0,1.0,0.30028286576271057,0.0,0.0,20.0,8.0,-0.19330374896526337,0.0,0.0,20.0,8.0,-0.35475584864616394,0.0,0.0,20.0,8.0,0.4449011981487274,0.0,0.0,20.0,8.0,0.5582422018051147,0.0,0.0,10.0,1.0,-0.22914530336856842,0.0,0.0,10.0,1.0,0.02833288349211216,0.0,0.0,10.0,1.0,0.6718477010726929,0.0,0.0,1.0,0.10000000149011612,-0.06648027151823044,0.0,0.0,1.0,0.10000000149011612,0.1961464285850525,0.0,0.0,1.0,0.10000000149011612,0.0,0.0,0.0
1766995096.080705,5.247260570526123,0.03857668489217758,0.20674894750118256,0.4461100697517395,0.19329507615963445,0.19954409015810243,0.45872434973716736,0.8124229907989502,-0.1133212149143219,-0.15468832850456238,0.49267566204071045,-0.2580682039260864,0.7471198439598083,-0.07190432399511337,0.15550509095191956,0.9668498039245605,0.5273899435997009,-0.20199130475521088,-0.4761025011539459,0.4523261487483978,0.4369865655899048,0.17757686972618103,-0.0013351644156500697,0.1806286722421646,-0.28629741072654724,-0.4335469603538513,0.3568703830242157,0.08487831056118011,0.10051880776882172,-0.07801175117492676,0.20962081849575043,0.0013351644156500697,-0.4331654906272888,0.15545128285884857,0.6109330654144287,-0.08379250764846802,0.20190735161304474,0.013230396434664726,-0.007020757533609867,0.2092796117067337,0.04273504391312599,-0.0009157509775832295,0.0,0.0,0.1419413983821869,-0.09157509356737137,-0.00024420025874860585,0.3275335729122162,0.0,0.0,-0.020268620923161507,0.004151404369622469,-0.00024420025874860585,0.004029304254800081,0.007448107935488224,0.08144078403711319,0.03431013599038124,-0.009890110231935978,0.08754578977823257,0.0406593419611454,-0.07362637668848038,-0.03821733966469765,0.04603174701333046,0.08046398311853409,0.03699633851647377,0.02967033162713051,0.09340659528970718,-0.033577535301446915,0.09951160103082657,-0.001831501955166459,0.4936164915561676,1.2199428081512451,0.5360697507858276,0.6009526252746582,1.0158709287643433,-1.2717069387435913,-2.740521192550659,-0.08452660590410233,-0.5121045112609863,2.912123680114746,-3.7663936614990234,-0.2230730950832367,-0.6894723176956177,1.3647085428237915,1.7658511400222778,0.8405447602272034,-0.15079361200332642,1.1978155374526978,0.3894343972206116,-1.2245914936065674,1.3716681003570557,0.6005657315254211,-0.38660749793052673,-0.7095116972923279,0.8898023962974548,1.1164844036102295,-0.45829060673713684,0.05666576698422432,1.3436954021453857,-0.13296054303646088,0.392292857170105,-126.22069549560547,50.0,50.0,0.24680350720882416,0.0,0.0,150.0,50.0,0.6099719405174255,0.0,0.0,150.0,50.0,0.26803627610206604,0.0,0.0,50.0,50.0,0.3004749119281769,0.0,0.0,60.0,2.0,0.5079315900802612,0.0,0.0,60.0,2.0,-0.26179999113082886,0.0,0.0,50.0,50.0,-1.370259165763855,0.0,0.0,150.0,50.0,-0.042263779789209366,0.0,0.0,150.0,50.0,-0.25605013966560364,0.0,0.0,50.0,50.0,1.456062912940979,0.0,0.0,60.0,2.0,-0.5526700019836426,0.0,0.0,60.0,2.0,-0.11153542250394821,0.0,0.0,150.0,25.0,-0.3447357714176178,0.0,0.0,150.0,25.0,0.5199999809265137,0.0,0.0,150.0,25.0,0.5199999809265137,0.0,0.0,20.0,8.0,0.42027273774147034,0.0,0.0,20.0,8.0,-0.07539555430412292,0.0,0.0,20.0,8.0,0.5989086627960205,0.0,0.0,20.0,8.0,0.1947138011455536,0.0,0.0,10.0,1.0,-0.6122952699661255,0.0,0.0,10.0,1.0,0.6858340501785278,0.0,0.0,10.0,1.0,0.3002789318561554,0.0,0.0,20.0,8.0,-0.19330765306949615,0.0,0.0,20.0,8.0,-0.3547559678554535,0.0,0.0,20.0,8.0,0.4449012577533722,0.0,0.0,20.0,8.0,0.5582348108291626,0.0,0.0,10.0,1.0,-0.22914616763591766,0.0,0.0,10.0,1.0,0.028337376192212105,0.0,0.0,10.0,1.0,0.671831488609314,0.0,0.0,1.0,0.10000000149011612,-0.06648103892803192,0.0,0.0,1.0,0.10000000149011612,0.196140855550766,0.0,0.0,1.0,0.10000000149011612,0.0,0.0,0.0
1766995096.1531408,5.319696426391602,0.03857668489217758,0.20674894750118256,0.4461100697517395,0.19329507615963445,0.19954409015810243,0.45872434973716736,0.8124229907989502,-0.1133212149143219,-0.15468832850456238,0.49267566204071045,-0.2580682039260864,0.7471198439598083,-0.07190432399511337,0.15550509095191956,0.9668498039245605,0.5273899435997009,-0.20199130475521088,-0.4761025011539459,0.4523261487483978,0.4369865655899048,0.17757686972618103,-0.0013351644156500697,0.1806286722421646,-0.28629741072654724,-0.4335469603538513,0.3568703830242157,0.08487831056118011,0.10051880776882172,-0.07801175117492676,0.20962081849575043,0.0013351644156500697,-0.4331654906272888,0.15545128285884857,0.6109330654144287,-0.08379250764846802,0.20190735161304474,0.013230396434664726,-0.007020757533609867,0.2092796117067337,0.04273504391312599,-0.0009157509775832295,0.0,0.0,0.1419413983821869,-0.09157509356737137,-0.00024420025874860585,0.3275335729122162,0.0,0.0,-0.020268620923161507,0.004151404369622469,-0.00024420025874860585,0.004029304254800081,0.007448107935488224,0.08144078403711319,0.03431013599038124,-0.009890110231935978,0.08754578977823257,0.0406593419611454,-0.07362637668848038,-0.03821733966469765,0.04603174701333046,0.08046398311853409,0.03699633851647377,0.02967033162713051,0.09340659528970718,-0.033577535301446915,0.09951160103082657,-0.001831501955166459,0.4936070144176483,1.219943881034851,0.5360725522041321,0.6009498238563538,1.0158631801605225,-1.271712303161621,-2.74051833152771,-0.08452755957841873,-0.5121002793312073,2.912125825881958,-3.766392469406128,-0.22307084500789642,-0.6894715428352356,1.3647032976150513,1.7658523321151733,0.8405454754829407,-0.15079110860824585,1.197817325592041,0.3894276022911072,-1.224590539932251,1.3716681003570557,0.6005578637123108,-0.3866153061389923,-0.709511935710907,0.8898025155067444,1.1164696216583252,-0.4582923352718353,0.05667475238442421,1.343662977218628,-0.13296207785606384,0.392281711101532,-126.22064208984375,50.0,50.0,0.24680109322071075,0.0,0.0,150.0,50.0,0.6099783778190613,0.0,0.0,150.0,50.0,0.26803386211395264,0.0,0.0,50.0,50.0,0.3004765808582306,0.0,0.0,60.0,2.0,0.5079343318939209,0.0,0.0,60.0,2.0,-0.26179999113082886,0.0,0.0,50.0,50.0,-1.37026047706604,0.0,0.0,150.0,50.0,-0.04227491840720177,0.0,0.0,150.0,50.0,-0.2560477554798126,0.0,0.0,50.0,50.0,1.4560712575912476,0.0,0.0,60.0,2.0,-0.5526700019836426,0.0,0.0,60.0,2.0,-0.11153454333543777,0.0,0.0,150.0,25.0,-0.3447329103946686,0.0,0.0,150.0,25.0,0.5199999809265137,0.0,0.0,150.0,25.0,0.5199999809265137,0.0,0.0,20.0,8.0,0.4202651083469391,0.0,0.0,20.0,8.0,-0.07538941502571106,0.0,0.0,20.0,8.0,0.5989053249359131,0.0,0.0,20.0,8.0,0.19470995664596558,0.0,0.0,10.0,1.0,-0.61229407787323,0.0,0.0,10.0,1.0,0.6858258843421936,0.0,0.0,10.0,1.0,0.3002696931362152,0.0,0.0,20.0,8.0,-0.19329841434955597,0.0,0.0,20.0,8.0,-0.35475823283195496,0.0,0.0,20.0,8.0,0.4448994994163513,0.0,0.0,20.0,8.0,0.5582199096679688,0.0,0.0,10.0,1.0,-0.2291562706232071,0.0,0.0,10.0,1.0,0.0283436868339777,0.0,0.0,10.0,1.0,0.6718245148658752,0.0,0.0,1.0,0.10000000149011612,-0.0664827972650528,0.0,0.0,1.0,0.10000000149011612,0.1961437463760376,0.0,0.0,1.0,0.10000000149011612,0.0,0.0,0.0
1766995096.2283843,5.39493989944458,0.03857668489217758,0.20674894750118256,0.4461100697517395,0.19329507615963445,0.19954409015810243,0.45872434973716736,0.8124229907989502,-0.1133212149143219,-0.15468832850456238,0.49267566204071045,-0.2580682039260864,0.7471198439598083,-0.07190432399511337,0.15550509095191956,0.9668498039245605,0.5273899435997009,-0.20199130475521088,-0.4761025011539459,0.4523261487483978,0.4369865655899048,0.17757686972618103,-0.0013351644156500697,0.1806286722421646,-0.28629741072654724,-0.4335469603538513,0.3568703830242157,0.08487831056118011,0.10051880776882172,-0.07801175117492676,0.20962081849575043,0.0013351644156500697,-0.4331654906272888,0.15545128285884857,0.6109330654144287,-0.08379250764846802,0.20190735161304474,0.013230396434664726,-0.007020757533609867,0.2092796117067337,0.04273504391312599,-0.0009157509775832295,0.0,0.0,0.1419413983821869,-0.09157509356737137,-0.00024420025874860585,0.3275335729122162,0.0,0.0,-0.020268620923161507,0.004151404369622469,-0.00024420025874860585,0.004029304254800081,0.007448107935488224,0.08144078403711319,0.03431013599038124,-0.009890110231935978,0.08754578977823257,0.0406593419611454,-0.07362637668848038,-0.03821733966469765,0.04603174701333046,0.08046398311853409,0.03699633851647377,0.02967033162713051,0.09340659528970718,-0.033577535301446915,0.09951160103082657,-0.001831501955166459,0.4936021864414215,1.2199567556381226,0.5360677242279053,0.6009531617164612,1.0158686637878418,-1.2717043161392212,-2.74052095413208,-0.08454983681440353,-0.5120955109596252,2.912142515182495,-3.766387701034546,-0.22306908667087555,-0.6894658207893372,1.3647032976150513,1.765849232673645,0.8405302166938782,-0.15077883005142212,1.1978106498718262,0.38941991329193115,-1.22458815574646,1.3716517686843872,0.6005393862724304,-0.38659682869911194,-0.7095164656639099,0.8897989988327026,1.1164398193359375,-0.4583125412464142,0.0566873736679554,1.3436490297317505,-0.1329655945301056,0.3922874927520752,-126.22074127197266,50.0,50.0,0.24680306017398834,0.0,0.0,150.0,50.0,0.6099771857261658,0.0,0.0,150.0,50.0,0.26803433895111084,0.0,0.0,50.0,50.0,0.3004775941371918,0.0,0.0,60.0,2.0,0.5079348683357239,0.0,0.0,60.0,2.0,-0.26179999113082886,0.0,0.0,50.0,50.0,-1.3702608346939087,0.0,0.0,150.0,50.0,-0.04227549210190773,0.0,0.0,150.0,50.0,-0.2560475170612335,0.0,0.0,50.0,50.0,1.4560723304748535,0.0,0.0,60.0,2.0,-0.5526700019836426,0.0,0.0,60.0,2.0,-0.11153315752744675,0.0,0.0,150.0,25.0,-0.3447329103946686,0.0,0.0,150.0,25.0,0.5199999809265137,0.0,0.0,150.0,25.0,0.5199999809265137,0.0,0.0,20.0,8.0,0.42026373744010925,0.0,0.0,20.0,8.0,-0.07539308071136475,0.0,0.0,20.0,8.0,0.5989069938659668,0.0,0.0,20.0,8.0,0.19471034407615662,0.0,0.0,10.0,1.0,-0.6122946739196777,0.0,0.0,10.0,1.0,0.6858223676681519,0.0,0.0,10.0,1.0,0.3002645671367645,0.0,0.0,20.0,8.0,-0.193294495344162,0.0,0.0,20.0,8.0,-0.3547540009021759,0.0,0.0,20.0,8.0,0.44489794969558716,0.0,0.0,20.0,8.0,0.5582185983657837,0.0,0.0,10.0,1.0,-0.2291588932275772,0.0,0.0,10.0,1.0,0.02834436483681202,0.0,0.0,10.0,1.0,0.6718119978904724,0.0,0.0,1.0,0.10000000149011612,-0.06648252159357071,0.0,0.0,1.0,0.10000000149011612,0.19614875316619873,0.0,0.0,1.0,0.10000000149011612,0.0,0.0,0.0
1766995096.3016274,5.4681830406188965,0.03857668489217758,0.20674894750118256,0.4461100697517395,0.19329507615963445,0.19954409015810243,0.45872434973716736,0.8124229907989502,-0.1133212149143219,-0.15468832850456238,0.49267566204071045,-0.2580682039260864,0.7471198439598083,-0.07190432399511337,0.15550509095191956,0.9668498039245605,0.5273899435997009,-0.20199130475521088,-0.4761025011539459,0.4523261487483978,0.4369865655899048,0.17757686972618103,-0.0013351644156500697,0.1806286722421646,-0.28629741072654724,-0.4335469603538513,0.3568703830242157,0.08487831056118011,0.10051880776882172,-0.07801175117492676,0.20962081849575043,0.0013351644156500697,-0.4331654906272888,0.15545128285884857,0.6109330654144287,-0.08379250764846802,0.20190735161304474,0.013230396434664726,-0.007020757533609867,0.2092796117067337,0.04273504391312599,-0.0009157509775832295,0.0,0.0,0.1419413983821869,-0.09157509356737137,-0.00024420025874860585,0.3275335729122162,0.0,0.0,-0.020268620923161507,0.004151404369622469,-0.00024420025874860585,0.004029304254800081,0.007448107935488224,0.08144078403711319,0.03431013599038124,-0.009890110231935978,0.08754578977823257,0.0406593419611454,-0.07362637668848038,-0.03821733966469765,0.04603174701333046,0.08046398311853409,0.03699633851647377,0.02967033162713051,0.09340659528970718,-0.033577535301446915,0.09951160103082657,-0.001831501955166459,0.4936061203479767,1.2199543714523315,0.5360686779022217,0.6009551882743835,1.0158697366714478,-1.2716985940933228,-2.7405216693878174,-0.08455098420381546,-0.512095034122467,2.912144660949707,-3.7663910388946533,-0.2230663150548935,-0.6894658207893372,1.3647030591964722,1.765849232673645,0.8405274748802185,-0.1507861614227295,1.1978139877319336,0.38942068815231323,-1.2245893478393555,1.3716447353363037,0.600529134273529,-0.386588990688324,-0.7095080018043518,0.8897958993911743,1.1164371967315674,-0.4583177864551544,0.05668872967362404,1.3436239957809448,-0.13296504318714142,0.39229750633239746,-126.22098541259766,50.0,50.0,0.24680133163928986,0.0,0.0,150.0,50.0,0.6099808216094971,0.0,0.0,150.0,50.0,0.2680342495441437,0.0,0.0,50.0,50.0,0.30047693848609924,0.0,0.0,60.0,2.0,0.5079361796379089,0.0,0.0,60.0,2.0,-0.26179999113082886,0.0,0.0,50.0,50.0,-1.370260238647461,0.0,0.0,150.0,50.0,-0.042279575020074844,0.0,0.0,150.0,50.0,-0.25604599714279175,0.0,0.0,50.0,50.0,1.45607590675354,0.0,0.0,60.0,2.0,-0.5526700019836426,0.0,0.0,60.0,2.0,-0.11153436452150345,0.0,0.0,150.0,25.0,-0.344732403755188,0.0,0.0,150.0,25.0,0.5199999809265137,0.0,0.0,150.0,25.0,0.5199999809265137,0.0,0.0,20.0,8.0,0.4202687442302704,0.0,0.0,20.0,8.0,-0.07538998126983643,0.0,0.0,20.0,8.0,0.5989106893539429,0.0,0.0,20.0,8.0,0.19470754265785217,0.0,0.0,10.0,1.0,-0.6122964024543762,0.0,0.0,10.0,1.0,0.6858296990394592,0.0,0.0,10.0,1.0,0.30026596784591675,0.0,0.0,20.0,8.0,-0.1932918280363083,0.0,0.0,20.0,8.0,-0.35475966334342957,0.0,0.0,20.0,8.0,0.4448966681957245,0.0,0.0,20.0,8.0,0.5582150816917419,0.0,0.0,10.0,1.0,-0.22915951907634735,0.0,0.0,10.0,1.0,0.028349192813038826,0.0,0.0,10.0,1.0,0.6718025207519531,0.0,0.0,1.0,0.10000000149011612,-0.0664849579334259,0.0,0.0,1.0,0.10000000149011612,0.1961437463760376,0.0,0.0,1.0,0.10000000149011612,0.0,0.0,0.0
1766995096.3769717,5.543527364730835,0.03857668489217758,0.20674894750118256,0.4461100697517395,0.19329507615963445,0.19954409015810243,0.45872434973716736,0.8124229907989502,-0.1133212149143219,-0.15468832850456238,0.49267566204071045,-0.2580682039260864,0.7471198439598083,-0.07190432399511337,0.15550509095191956,0.9668498039245605,0.5273899435997009,-0.20199130475521088,-0.4761025011539459,0.4523261487483978,0.4369865655899048,0.17757686972618103,-0.0013351644156500697,0.1806286722421646,-0.28629741072654724,-0.4335469603538513,0.3568703830242157,0.08487831056118011,0.10051880776882172,-0.07801175117492676,0.20962081849575043,0.0013351644156500697,-0.4331654906272888,0.15545128285884857,0.6109330654144287,-0.08379250764846802,0.20190735161304474,0.013230396434664726,-0.007020757533609867,0.2092796117067337,0.04273504391312599,-0.0009157509775832295,0.0,0.0,0.1419413983821869,-0.09157509356737137,-0.00024420025874860585,0.3275335729122162,0.0,0.0,-0.020268620923161507,0.004151404369622469,-0.00024420025874860585,0.004029304254800081,0.007448107935488224,0.08144078403711319,0.03431013599038124,-0.009890110231935978,0.08754578977823257,0.0406593419611454,-0.07362637668848038,-0.03821733966469765,0.04603174701333046,0.08046398311853409,0.03699633851647377,0.02967033162713051,0.09340659528970718,-0.033577535301446915,0.09951160103082657,-0.001831501955166459,0.4936026632785797,1.2199616432189941,0.5360684990882874,0.6009538769721985,1.0158723592758179,-1.2717007398605347,-2.740520477294922,-0.08455915004014969,-0.5120919942855835,2.91215181350708,-3.7663822174072266,-0.2230687290430069,-0.689464807510376,1.3647018671035767,1.76585054397583,0.8405374884605408,-0.15077996253967285,1.1978213787078857,0.38941508531570435,-1.2245928049087524,1.3716593980789185,0.6005319356918335,-0.3865836560726166,-0.7095193266868591,0.889793336391449,1.1164301633834839,-0.4583190381526947,0.05669838562607765,1.3436050415039062,-0.1329699158668518,0.3922874927520752,-126.22073364257812,50.0,50.0,0.2468022257089615,0.0,0.0,150.0,50.0,0.6099809408187866,0.0,0.0,150.0,50.0,0.26803427934646606,0.0,0.0,50.0,50.0,0.30047696828842163,0.0,0.0,60.0,2.0,0.5079365968704224,0.0,0.0,60.0,2.0,-0.26179999113082886,0.0,0.0,50.0,50.0,-1.370259404182434,0.0,0.0,150.0,50.0,-0.042281027883291245,0.0,0.0,150.0,50.0,-0.2560456097126007,0.0,0.0,50.0,50.0,1.4560760259628296,0.0,0.0,60.0,2.0,-0.5526700019836426,0.0,0.0,60.0,2.0,-0.11153433471918106,0.0,0.0,150.0,25.0,-0.34473228454589844,0.0,0.0,150.0,25.0,0.5199999809265137,0.0,0.0,150.0,25.0,0.5199999809265137,0.0,0.0,20.0,8.0,0.42026975750923157,0.0,0.0,20.0,8.0,-0.07539013028144836,0.0,0.0,20.0,8.0,0.5989120602607727,0.0,0.0,20.0,8.0,0.19470706582069397,0.0,0.0,10.0,1.0,-0.6122963428497314,0.0,0.0,10.0,1.0,0.6858314871788025,0.0,0.0,10.0,1.0,0.3002672493457794,0.0,0.0,20.0,8.0,-0.19329054653644562,0.0,0.0,20.0,8.0,-0.3547596037387848,0.0,0.0,20.0,8.0,0.4448959231376648,0.0,0.0,20.0,8.0,0.5582144856452942,0.0,0.0,10.0,1.0,-0.22915984690189362,0.0,0.0,10.0,1.0,0.028351278975605965,0.0,0.0,10.0,1.0,0.6718005537986755,0.0,0.0,1.0,0.10000000149011612,-0.06648506224155426,0.0,0.0,1.0,0.10000000149011612,0.19614389538764954,0.0,0.0,1.0,0.10000000149011612,0.0,0.0,0.0
1766995096.4505498,5.617105484008789,0.03857668489217758,0.20674894750118256,0.4461100697517395,0.19329507615963445,0.19954409015810243,0.45872434973716736,0.8124229907989502,-0.1133212149143219,-0.15468832850456238,0.49267566204071045,-0.2580682039260864,0.7471198439598083,-0.07190432399511337,0.15550509095191956,0.9668498039245605,0.5273899435997009,-0.20199130475521088,-0.4761025011539459,0.4523261487483978,0.4369865655899048,0.17757686972618103,-0.0013351644156500697,0.1806286722421646,-0.28629741072654724,-0.4335469603538513,0.3568703830242157,0.08487831056118011,0.10051880776882172,-0.07801175117492676,0.20962081849575043,0.0013351644156500697,-0.4331654906272888,0.15545128285884857,0.6109330654144287,-0.08379250764846802,0.20190735161304474,0.013230396434664726,-0.007020757533609867,0.2092796117067337,0.04273504391312599,-0.0009157509775832295,0.0,0.0,0.1419413983821869,-0.09157509356737137,-0.00024420025874860585,0.3275335729122162,0.0,0.0,-0.020268620923161507,0.004151404369622469,-0.00024420025874860585,0.004029304254800081,0.007448107935488224,0.08144078403711319,0.03431013599038124,-0.009890110231935978,0.08754578977823257,0.0406593419611454,-0.07362637668848038,-0.03821733966469765,0.04603174701333046,0.08046398311853409,0.03699633851647377,0.02967033162713051,0.09340659528970718,-0.033577535301446915,0.09951160103082657,-0.001831501955166459,0.493604451417923,1.2199618816375732,0.5360685586929321,0.6009539365768433,1.0158731937408447,-1.2716983556747437,-2.740518808364868,-0.08456205576658249,-0.5120912194252014,2.912152051925659,-3.7663800716400146,-0.22306866943836212,-0.6894645690917969,1.364701747894287,1.7658501863479614,0.8405395150184631,-0.15078026056289673,1.1978241205215454,0.38941413164138794,-1.224592685699463,1.371662974357605,0.6005344986915588,-0.38658109307289124,-0.7095192074775696,0.8897918462753296,1.1164289712905884,-0.45831969380378723,0.05670255795121193,1.343601107597351,-0.13297012448310852,0.3922877907752991,-126.2208023071289,50.0,50.0,0.24680311977863312,0.0,0.0,150.0,50.0,0.6099814176559448,0.0,0.0,150.0,50.0,0.26803427934646606,0.0,0.0,50.0,50.0,0.3004772365093231,0.0,0.0,60.0,2.0,0.5079373717308044,0.0,0.0,60.0,2.0,-0.26179999113082886,0.0,0.0,50.0,50.0,-1.370259404182434,0.0,0.0,150.0,50.0,-0.042281974107027054,0.0,0.0,150.0,50.0,-0.2560453712940216,0.0,0.0,50.0,50.0,1.456076741218567,0.0,0.0,60.0,2.0,-0.5526700019836426,0.0,0.0,60.0,2.0,-0.11153402179479599,0.0,0.0,150.0,25.0,-0.34473252296447754,0.0,0.0,150.0,25.0,0.5199999809265137,0.0,0.0,150.0,25.0,0.5199999809265137,0.0,0.0,20.0,8.0,0.4202699065208435,0.0,0.0,20.0,8.0,-0.07539069652557373,0.0,0.0,20.0,8.0,0.5989127159118652,0.0,0.0,20.0,8.0,0.19470682740211487,0.0,0.0,10.0,1.0,-0.612296462059021,0.0,0.0,10.0,1.0,0.6858320832252502,0.0,0.0,10.0,1.0,0.3002661168575287,0.0,0.0,20.0,8.0,-0.19328995048999786,0.0,0.0,20.0,8.0,-0.3547597825527191,0.0,0.0,20.0,8.0,0.4448957145214081,0.0,0.0,20.0,8.0,0.5582141876220703,0.0,0.0,10.0,1.0,-0.22916050255298615,0.0,0.0,10.0,1.0,0.028352590277791023,0.0,0.0,10.0,1.0,0.6717955470085144,0.0,0.0,1.0,0.10000000149011612,-0.06648550182580948,0.0,0.0,1.0,0.10000000149011612,0.19614362716674805,0.0,0.0,1.0,0.10000000149011612,0.0,0.0,0.0
1766995096.5243654,5.690921068191528,0.03857668489217758,0.20674894750118256,0.4461100697517395,0.19329507615963445,0.19954409015810243,0.45872434973716736,0.8124229907989502,-0.1133212149143219,-0.15468832850456238,0.49267566204071045,-0.2580682039260864,0.7471198439598083,-0.07190432399511337,0.15550509095191956,0.9668498039245605,0.5273899435997009,-0.20199130475521088,-0.4761025011539459,0.4523261487483978,0.4369865655899048,0.17757686972618103,-0.0013351644156500697,0.1806286722421646,-0.28629741072654724,-0.4335469603538513,0.3568703830242157,0.08487831056118011,0.10051880776882172,-0.07801175117492676,0.20962081849575043,0.0013351644156500697,-0.4331654906272888,0.15545128285884857,0.6109330654144287,-0.08379250764846802,0.20190735161304474,0.013230396434664726,-0.007020757533609867,0.2092796117067337,0.04273504391312599,-0.0009157509775832295,0.0,0.0,0.1419413983821869,-0.09157509356737137,-0.00024420025874860585,0.3275335729122162,0.0,0.0,-0.020268620923161507,0.004151404369622469,-0.00024420025874860585,0.004029304254800081,0.007448107935488224,0.08144078403711319,0.03431013599038124,-0.009890110231935978,0.08754578977823257,0.0406593419611454,-0.07362637668848038,-0.03821733966469765,0.04603174701333046,0.08046398311853409,0.03699633851647377,0.02967033162713051,0.09340659528970718,-0.033577535301446915,0.09951160103082657,-0.001831501955166459,0.49360623955726624,1.2199628353118896,0.5360685586929321,0.6009544730186462,1.0158747434616089,-1.271695613861084,-2.740518808364868,-0.08456394821405411,-0.5120907425880432,2.912153482437134,-3.766378879547119,-0.22306804358959198,-0.6894650459289551,1.3647016286849976,1.76585054397583,0.840539813041687,-0.15078139305114746,1.1978254318237305,0.38941365480422974,-1.224592924118042,1.3716641664505005,0.6005322337150574,-0.3865799009799957,-0.7095195651054382,0.8897914290428162,1.1164283752441406,-0.4583210051059723,0.056705180555582047,1.3435910940170288,-0.13297100365161896,0.3922872543334961,-126.22087097167969,50.0,50.0,0.2468046098947525,0.0,0.0,150.0,50.0,0.6099814176559448,0.0,0.0,150.0,50.0,0.26803427934646606,0.0,0.0,50.0,50.0,0.3004777133464813,0.0,0.0,60.0,2.0,0.5079374313354492,0.0,0.0,60.0,2.0,-0.26179999113082886,0.0,0.0,50.0,50.0,-1.3702597618103027,0.0,0.0,150.0,50.0,-0.04228221997618675,0.0,0.0,150.0,50.0,-0.2560451030731201,0.0,0.0,50.0,50.0,1.456076741218567,0.0,0.0,60.0,2.0,-0.5526700019836426,0.0,0.0,60.0,2.0,-0.11153372377157211,0.0,0.0,150.0,25.0,-0.3447331488132477,0.0,0.0,150.0,25.0,0.5199999809265137,0.0,0.0,150.0,25.0,0.5199999809265137,0.0,0.0,20.0,8.0,0.4202711880207062,0.0,0.0,20.0,8.0,-0.07539147138595581,0.0,0.0,20.0,8.0,0.5989131927490234,0.0,0.0,20.0,8.0,0.19470703601837158,0.0,0.0,10.0,1.0,-0.6122965812683105,0.0,0.0,10.0,1.0,0.6858307719230652,0.0,0.0,10.0,1.0,0.300266832113266,0.0,0.0,20.0,8.0,-0.1932896375656128,0.0,0.0,20.0,8.0,-0.3547590672969818,0.0,0.0,20.0,8.0,0.4448944628238678,0.0,0.0,20.0,8.0,0.5582152605056763,0.0,0.0,10.0,1.0,-0.229161337018013,0.0,0.0,10.0,1.0,0.028351696208119392,0.0,0.0,10.0,1.0,0.6717910170555115,0.0,0.0,1.0,0.10000000149011612,-0.06648509949445724,0.0,0.0,1.0,0.10000000149011612,0.19614315032958984,0.0,0.0,1.0,0.10000000149011612,0.0,0.0,0.0
1766995096.5987246,5.765280246734619,0.03857668489217758,0.20674894750118256,0.4461100697517395,0.19329507615963445,0.19954409015810243,0.45872434973716736,0.8124229907989502,-0.1133212149143219,-0.15468832850456238,0.49267566204071045,-0.2580682039260864,0.7471198439598083,-0.07190432399511337,0.15550509095191956,0.9668498039245605,0.5273899435997009,-0.20199130475521088,-0.4761025011539459,0.4523261487483978,0.4369865655899048,0.17757686972618103,-0.0013351644156500697,0.1806286722421646,-0.28629741072654724,-0.4335469603538513,0.3568703830242157,0.08487831056118011,0.10051880776882172,-0.07801175117492676,0.20962081849575043,0.0013351644156500697,-0.4331654906272888,0.15545128285884857,0.6109330654144287,-0.08379250764846802,0.20190735161304474,0.013230396434664726,-0.007020757533609867,0.2092796117067337,0.04273504391312599,-0.0009157509775832295,0.0,0.0,0.1419413983821869,-0.09157509356737137,-0.00024420025874860585,0.3275335729122162,0.0,0.0,-0.020268620923161507,0.004151404369622469,-0.00024420025874860585,0.004029304254800081,0.007448107935488224,0.08144078403711319,0.03431013599038124,-0.009890110231935978,0.08754578977823257,0.0406593419611454,-0.07362637668848038,-0.03821733966469765,0.04603174701333046,0.08046398311853409,0.03699633851647377,0.02967033162713051,0.09340659528970718,-0.033577535301446915,0.09951160103082657,-0.001831501955166459,0.493609219789505,1.2199628353118896,0.5360685586929321,0.6009554266929626,1.0158748626708984,-1.2716916799545288,-2.7405195236206055,-0.0845644399523735,-0.5120902061462402,2.912153482437134,-3.76638126373291,-0.22306744754314423,-0.6894662976264954,1.3647010326385498,1.7658507823944092,0.8405423760414124,-0.15078294277191162,1.1978263854980469,0.38941407203674316,-1.224593162536621,1.3716615438461304,0.600533664226532,-0.3865792751312256,-0.7095181345939636,0.8897889256477356,1.1164305210113525,-0.458322674036026,0.056703392416238785,1.343582034111023,-0.1329701989889145,0.3922863006591797,-126.22090911865234,50.0,50.0,0.24680356681346893,0.0,0.0,150.0,50.0,0.6099821329116821,0.0,0.0,150.0,50.0,0.26803404092788696,0.0,0.0,50.0,50.0,0.3004774749279022,0.0,0.0,60.0,2.0,0.5079380869865417,0.0,0.0,60.0,2.0,-0.26179999113082886,0.0,0.0,50.0,50.0,-1.3702590465545654,0.0,0.0,150.0,50.0,-0.042283061891794205,0.0,0.0,150.0,50.0,-0.2560451924800873,0.0,0.0,50.0,50.0,1.456076979637146,0.0,0.0,60.0,2.0,-0.5526700019836426,0.0,0.0,60.0,2.0,-0.11153437942266464,0.0,0.0,150.0,25.0,-0.3447323441505432,0.0,0.0,150.0,25.0,0.5199999809265137,0.0,0.0,150.0,25.0,0.5199999809265137,0.0,0.0,20.0,8.0,0.4202699363231659,0.0,0.0,20.0,8.0,-0.07538992166519165,0.0,0.0,20.0,8.0,0.5989125967025757,0.0,0.0,20.0,8.0,0.19470617175102234,0.0,0.0,10.0,1.0,-0.612296462059021,0.0,0.0,10.0,1.0,0.6858328580856323,0.0,0.0,10.0,1.0,0.3002656400203705,0.0,0.0,20.0,8.0,-0.1932900995016098,0.0,0.0,20.0,8.0,-0.35476091504096985,0.0,0.0,20.0,8.0,0.4448951780796051,0.0,0.0,20.0,8.0,0.5582141876220703,0.0,0.0,10.0,1.0,-0.2291608601808548,0.0,0.0,10.0,1.0,0.02835252322256565,0.0,0.0,10.0,1.0,0.6717945337295532,0.0,0.0,1.0,0.10000000149011612,-0.06648566573858261,0.0,0.0,1.0,0.10000000149011612,0.19614246487617493,0.0,0.0,1.0,0.10000000149011612,0.0,0.0,0.0
1766995096.6726038,5.8391594886779785,0.03857668489217758,0.20674894750118256,0.4461100697517395,0.19329507615963445,0.19954409015810243,0.45872434973716736,0.8124229907989502,-0.1133212149143219,-0.15468832850456238,0.49267566204071045,-0.2580682039260864,0.7471198439598083,-0.07190432399511337,0.15550509095191956,0.9668498039245605,0.5273899435997009,-0.20199130475521088,-0.4761025011539459,0.4523261487483978,0.4369865655899048,0.17757686972618103,-0.0013351644156500697,0.1806286722421646,-0.28629741072654724,-0.4335469603538513,0.3568703830242157,0.08487831056118011,0.10051880776882172,-0.07801175117492676,0.20962081849575043,0.0013351644156500697,-0.4331654906272888,0.15545128285884857,0.6109330654144287,-0.08379250764846802,0.20190735161304474,0.013230396434664726,-0.007020757533609867,0.2092796117067337,0.04273504391312599,-0.0009157509775832295,0.0,0.0,0.1419413983821869,-0.09157509356737137,-0.00024420025874860585,0.3275335729122162,0.0,0.0,-0.020268620923161507,0.004151404369622469,-0.00024420025874860585,0.004029304254800081,0.007448107935488224,0.08144078403711319,0.03431013599038124,-0.009890110231935978,0.08754578977823257,0.0406593419611454,-0.07362637668848038,-0.03821733966469765,0.04603174701333046,0.08046398311853409,0.03699633851647377,0.02967033162713051,0.09340659528970718,-0.033577535301446915,0.09951160103082657,-0.001831501955166459,0.49360713362693787,1.2199642658233643,0.5360680818557739,0.6009549498558044,1.0158761739730835,-1.271694540977478,-2.740518093109131,-0.08456612378358841,-0.5120903849601746,2.912153959274292,-3.7663774490356445,-0.22306875884532928,-0.6894646883010864,1.364701747894287,1.7658498287200928,0.8405398726463318,-0.1507798433303833,1.1978251934051514,0.3894123435020447,-1.224592924118042,1.3716657161712646,0.600531280040741,-0.3865801990032196,-0.7095218300819397,0.8897903561592102,1.1164283752441406,-0.4583217203617096,0.0567050464451313,1.3435890674591064,-0.13297133147716522,0.39228492975234985,-126.22084045410156,50.0,50.0,0.24680577218532562,0.0,0.0,150.0,50.0,0.6099786162376404,0.0,0.0,150.0,50.0,0.26803523302078247,0.0,0.0,50.0,50.0,0.30047860741615295,0.0,0.0,60.0,2.0,0.5079364776611328,0.0,0.0,60.0,2.0,-0.26179999113082886,0.0,0.0,50.0,50.0,-1.3702589273452759,0.0,0.0,150.0,50.0,-0.042280059307813644,0.0,0.0,150.0,50.0,-0.2560461461544037,0.0,0.0,50.0,50.0,1.456074833869934,0.0,0.0,60.0,2.0,-0.5526700019836426,0.0,0.0,60.0,2.0,-0.11153378337621689,0.0,0.0,150.0,25.0,-0.3447326421737671,0.0,0.0,150.0,25.0,0.5199999809265137,0.0,0.0,150.0,25.0,0.5199999809265137,0.0,0.0,20.0,8.0,0.42026785016059875,0.0,0.0,20.0,8.0,-0.07539263367652893,0.0,0.0,20.0,8.0,0.5989110469818115,0.0,0.0,20.0,8.0,0.19470778107643127,0.0,0.0,10.0,1.0,-0.6122941970825195,0.0,0.0,10.0,1.0,0.6858317255973816,0.0,0.0,10.0,1.0,0.3002670705318451,0.0,0.0,20.0,8.0,-0.19329078495502472,0.0,0.0,20.0,8.0,-0.3547573387622833,0.0,0.0,20.0,8.0,0.44489383697509766,0.0,0.0,20.0,8.0,0.5582144260406494,0.0,0.0,10.0,1.0,-0.22916068136692047,0.0,0.0,10.0,1.0,0.028347814455628395,0.0,0.0,10.0,1.0,0.6717973947525024,0.0,0.0,1.0,0.10000000149011612,-0.06648515164852142,0.0,0.0,1.0,0.10000000149011612,0.19614779949188232,0.0,0.0,1.0,0.10000000149011612,0.0,0.0,0.0
1766995096.7466583,5.9132139682769775,0.03857668489217758,0.20674894750118256,0.4461100697517395,0.19329507615963445,0.19954409015810243,0.45872434973716736,0.8124229907989502,-0.1133212149143219,-0.15468832850456238,0.49267566204071045,-0.2580682039260864,0.7471198439598083,-0.07190432399511337,0.15550509095191956,0.9668498039245605,0.5273899435997009,-0.20199130475521088,-0.4761025011539459,0.4523261487483978,0.4369865655899048,0.17757686972618103,-0.0013351644156500697,0.1806286722421646,-0.28629741072654724,-0.4335469603538513,0.3568703830242157,0.08487831056118011,0.10051880776882172,-0.07801175117492676,0.20962081849575043,0.0013351644156500697,-0.4331654906272888,0.15545128285884857,0.6109330654144287,-0.08379250764846802,0.20190735161304474,0.013230396434664726,-0.007020757533609867,0.2092796117067337,0.04273504391312599,-0.0009157509775832295,0.0,0.0,0.1419413983821869,-0.09157509356737137,-0.00024420025874860585,0.3275335729122162,0.0,0.0,-0.020268620923161507,0.004151404369622469,-0.00024420025874860585,0.004029304254800081,0.007448107935488224,0.08144078403711319,0.03431013599038124,-0.009890110231935978,0.08754578977823257,0.0406593419611454,-0.07362637668848038,-0.03821733966469765,0.04603174701333046,0.08046398311853409,0.03699633851647377,0.02967033162713051,0.09340659528970718,-0.033577535301446915,0.09951160103082657,-0.001831501955166459,0.49361154437065125,1.2199572324752808,0.5360704660415649,0.6009572148323059,1.0158729553222656,-1.2716907262802124,-2.7405178546905518,-0.08456011861562729,-0.5120922923088074,2.912149667739868,-3.7663815021514893,-0.22306756675243378,-0.6894652843475342,1.3647006750106812,1.7658488750457764,0.8405357003211975,-0.15078526735305786,1.197822093963623,0.38941556215286255,-1.224588394165039,1.3716634511947632,0.6005341410636902,-0.38658156991004944,-0.7095146775245667,0.8897876739501953,1.1164288520812988,-0.45832136273384094,0.05669562891125679,1.3435947895050049,-0.13297030329704285,0.39229559898376465,-126.2211685180664,50.0,50.0,0.24680303037166595,0.0,0.0,150.0,50.0,0.6099822521209717,0.0,0.0,150.0,50.0,0.26803407073020935,0.0,0.0,50.0,50.0,0.30047741532325745,0.0,0.0,60.0,2.0,0.5079379677772522,0.0,0.0,60.0,2.0,-0.26179999113082886,0.0,0.0,50.0,50.0,-1.3702592849731445,0.0,0.0,150.0,50.0,-0.04228322580456734,0.0,0.0,150.0,50.0,-0.25604507327079773,0.0,0.0,50.0,50.0,1.4560773372650146,0.0,0.0,60.0,2.0,-0.5526700019836426,0.0,0.0,60.0,2.0,-0.11153394728899002,0.0,0.0,150.0,25.0,-0.3447321355342865,0.0,0.0,150.0,25.0,0.5199999809265137,0.0,0.0,150.0,25.0,0.5199999809265137,0.0,0.0,20.0,8.0,0.4202703833580017,0.0,0.0,20.0,8.0,-0.07538971304893494,0.0,0.0,20.0,8.0,0.5989124774932861,0.0,0.0,20.0,8.0,0.19470664858818054,0.0,0.0,10.0,1.0,-0.6122967004776001,0.0,0.0,10.0,1.0,0.6858329176902771,0.0,0.0,10.0,1.0,0.30026480555534363,0.0,0.0,20.0,8.0,-0.1932898759841919,0.0,0.0,20.0,8.0,-0.35476091504096985,0.0,0.0,20.0,8.0,0.4448951184749603,0.0,0.0,20.0,8.0,0.5582122802734375,0.0,0.0,10.0,1.0,-0.22916154563426971,0.0,0.0,10.0,1.0,0.02835342474281788,0.0,0.0,10.0,1.0,0.6717917323112488,0.0,0.0,1.0,0.10000000149011612,-0.06648582965135574,0.0,0.0,1.0,0.10000000149011612,0.1961422562599182,0.0,0.0,1.0,0.10000000149011612,0.0,0.0,0.0
1766995096.8213918,5.987947463989258,0.03857668489217758,0.20674894750118256,0.4461100697517395,0.19329507615963445,0.19954409015810243,0.45872434973716736,0.8124229907989502,-0.1133212149143219,-0.15468832850456238,0.49267566204071045,-0.2580682039260864,0.7471198439598083,-0.07190432399511337,0.15550509095191956,0.9668498039245605,0.5273899435997009,-0.20199130475521088,-0.4761025011539459,0.4523261487483978,0.4369865655899048,0.17757686972618103,-0.0013351644156500697,0.1806286722421646,-0.28629741072654724,-0.4335469603538513,0.3568703830242157,0.08487831056118011,0.10051880776882172,-0.07801175117492676,0.20962081849575043,0.0013351644156500697,-0.4331654906272888,0.15545128285884857,0.6109330654144287,-0.08379250764846802,0.20190735161304474,0.013230396434664726,-0.007020757533609867,0.2092796117067337,0.04273504391312599,-0.0009157509775832295,0.0,0.0,0.1419413983821869,-0.09157509356737137,-0.00024420025874860585,0.3275335729122162,0.0,0.0,-0.020268620923161507,0.004151404369622469,-0.00024420025874860585,0.004029304254800081,0.007448107935488224,0.08144078403711319,0.03431013599038124,-0.009890110231935978,0.08754578977823257,0.0406593419611454,-0.07362637668848038,-0.03821733966469765,0.04603174701333046,0.08046398311853409,0.03699633851647377,0.02967033162713051,0.09340659528970718,-0.033577535301446915,0.09951160103082657,-0.001831501955166459,0.4936060607433319,1.2199645042419434,0.5360681414604187,0.6009548306465149,1.0158759355545044,-1.2716935873031616,-2.740518569946289,-0.08456645160913467,-0.5120901465415955,2.9121546745300293,-3.7663776874542236,-0.22306789457798004,-0.689464271068573,1.3647016286849976,1.76585054397583,0.8405407667160034,-0.15077942609786987,1.1978249549865723,0.3894132971763611,-1.2245934009552002,1.3716658353805542,0.6005296111106873,-0.3865797519683838,-0.7095218300819397,0.8897902369499207,1.116424560546875,-0.45832309126853943,0.05670684948563576,1.3435834646224976,-0.1329716593027115,0.3922845125198364,-126.22083282470703,50.0,50.0,0.24680371582508087,0.0,0.0,150.0,50.0,0.6099821329116821,0.0,0.0,150.0,50.0,0.2680342197418213,0.0,0.0,50.0,50.0,0.30047744512557983,0.0,0.0,60.0,2.0,0.5079379677772522,0.0,0.0,60.0,2.0,-0.26179999113082886,0.0,0.0,50.0,50.0,-1.3702584505081177,0.0,0.0,150.0,50.0,-0.04228394106030464,0.0,0.0,150.0,50.0,-0.2560446560382843,0.0,0.0,50.0,50.0,1.4560775756835938,0.0,0.0,60.0,2.0,-0.5526700019836426,0.0,0.0,60.0,2.0,-0.11153404414653778,0.0,0.0,150.0,25.0,-0.3447323143482208,0.0,0.0,150.0,25.0,0.5199999809265137,0.0,0.0,150.0,25.0,0.5199999809265137,0.0,0.0,20.0,8.0,0.4202709197998047,0.0,0.0,20.0,8.0,-0.0753900408744812,0.0,0.0,20.0,8.0,0.5989140272140503,0.0,0.0,20.0,8.0,0.1947057545185089,0.0,0.0,10.0,1.0,-0.6122964024543762,0.0,0.0,10.0,1.0,0.685833752155304,0.0,0.0,10.0,1.0,0.300264447927475,0.0,0.0,20.0,8.0,-0.1932898610830307,0.0,0.0,20.0,8.0,-0.3547607958316803,0.0,0.0,20.0,8.0,0.4448949992656708,0.0,0.0,20.0,8.0,0.5582123398780823,0.0,0.0,10.0,1.0,-0.22916127741336823,0.0,0.0,10.0,1.0,0.028353923931717873,0.0,0.0,10.0,1.0,0.6717890501022339,0.0,0.0,1.0,0.10000000149011612,-0.06648602336645126,0.0,0.0,1.0,0.10000000149011612,0.1961420178413391,0.0,0.0,1.0,0.10000000149011612,0.0,0.0,0.0
